#
# TABLE STRUCTURE FOR: alumni_events
#

DROP TABLE IF EXISTS `alumni_events`;

CREATE TABLE `alumni_events` (
  `id` int(11) NOT NULL AUTO_INCREMENT,
  `title` text NOT NULL,
  `event_for` varchar(100) NOT NULL,
  `session_id` int(11) NOT NULL,
  `class_id` varchar(255) NOT NULL,
  `section` varchar(255) NOT NULL,
  `from_date` date NOT NULL,
  `to_date` date NOT NULL,
  `note` text NOT NULL,
  `photo` varchar(255) NOT NULL,
  `is_active` int(11) NOT NULL,
  `event_notification_message` text NOT NULL,
  `show_onwebsite` int(11) NOT NULL,
  `created_at` timestamp NOT NULL DEFAULT current_timestamp() ON UPDATE current_timestamp(),
  PRIMARY KEY (`id`)
) ENGINE=InnoDB DEFAULT CHARSET=utf8;

#
# TABLE STRUCTURE FOR: alumni_students
#

DROP TABLE IF EXISTS `alumni_students`;

CREATE TABLE `alumni_students` (
  `id` int(11) NOT NULL AUTO_INCREMENT,
  `current_email` varchar(255) NOT NULL,
  `current_phone` varchar(255) NOT NULL,
  `occupation` text NOT NULL,
  `address` text NOT NULL,
  `student_id` int(11) NOT NULL,
  `photo` varchar(255) NOT NULL,
  `created_at` timestamp NOT NULL DEFAULT current_timestamp() ON UPDATE current_timestamp(),
  PRIMARY KEY (`id`),
  KEY `student_id` (`student_id`)
) ENGINE=InnoDB DEFAULT CHARSET=utf8;

#
# TABLE STRUCTURE FOR: attendence_type
#

DROP TABLE IF EXISTS `attendence_type`;

CREATE TABLE `attendence_type` (
  `id` int(11) NOT NULL AUTO_INCREMENT,
  `type` varchar(50) DEFAULT NULL,
  `key_value` varchar(50) NOT NULL,
  `is_active` varchar(255) DEFAULT 'no',
  `created_at` timestamp NOT NULL DEFAULT current_timestamp() ON UPDATE current_timestamp(),
  `updated_at` date DEFAULT NULL,
  PRIMARY KEY (`id`)
) ENGINE=InnoDB AUTO_INCREMENT=7 DEFAULT CHARSET=utf8;

INSERT INTO `attendence_type` (`id`, `type`, `key_value`, `is_active`, `created_at`, `updated_at`) VALUES (1, 'Present', '<b class=\"text text-success\">P</b>', 'yes', '2016-06-23 18:11:37', '0000-00-00');
INSERT INTO `attendence_type` (`id`, `type`, `key_value`, `is_active`, `created_at`, `updated_at`) VALUES (2, 'Late With Excuse', '<b class=\"text text-warning\">E</b>', 'no', '2018-05-29 08:19:48', '0000-00-00');
INSERT INTO `attendence_type` (`id`, `type`, `key_value`, `is_active`, `created_at`, `updated_at`) VALUES (3, 'Late', '<b class=\"text text-warning\">L</b>', 'yes', '2016-06-23 18:12:28', '0000-00-00');
INSERT INTO `attendence_type` (`id`, `type`, `key_value`, `is_active`, `created_at`, `updated_at`) VALUES (4, 'Absent', '<b class=\"text text-danger\">A</b>', 'yes', '2016-10-11 11:35:40', '0000-00-00');
INSERT INTO `attendence_type` (`id`, `type`, `key_value`, `is_active`, `created_at`, `updated_at`) VALUES (5, 'Holiday', 'H', 'yes', '2016-10-11 11:35:01', '0000-00-00');
INSERT INTO `attendence_type` (`id`, `type`, `key_value`, `is_active`, `created_at`, `updated_at`) VALUES (6, 'Half Day', '<b class=\"text text-warning\">F</b>', 'yes', '2016-06-23 18:12:28', '0000-00-00');


#
# TABLE STRUCTURE FOR: book_issues
#

DROP TABLE IF EXISTS `book_issues`;

CREATE TABLE `book_issues` (
  `id` int(11) unsigned NOT NULL AUTO_INCREMENT,
  `book_id` int(11) DEFAULT NULL,
  `duereturn_date` date DEFAULT NULL,
  `return_date` date DEFAULT NULL,
  `issue_date` date DEFAULT NULL,
  `is_returned` int(11) DEFAULT 0,
  `member_id` int(11) DEFAULT NULL,
  `is_active` varchar(10) NOT NULL DEFAULT 'no',
  `created_at` timestamp NOT NULL DEFAULT current_timestamp() ON UPDATE current_timestamp(),
  PRIMARY KEY (`id`)
) ENGINE=InnoDB DEFAULT CHARSET=utf8;

#
# TABLE STRUCTURE FOR: books
#

DROP TABLE IF EXISTS `books`;

CREATE TABLE `books` (
  `id` int(11) NOT NULL AUTO_INCREMENT,
  `book_title` varchar(100) NOT NULL,
  `book_no` varchar(50) NOT NULL,
  `isbn_no` varchar(100) NOT NULL,
  `subject` varchar(100) DEFAULT NULL,
  `rack_no` varchar(100) NOT NULL,
  `publish` varchar(100) DEFAULT NULL,
  `author` varchar(100) DEFAULT NULL,
  `qty` int(11) DEFAULT NULL,
  `perunitcost` float(10,2) DEFAULT NULL,
  `postdate` date DEFAULT NULL,
  `description` text DEFAULT NULL,
  `available` varchar(10) DEFAULT 'yes',
  `is_active` varchar(255) DEFAULT 'no',
  `created_at` timestamp NOT NULL DEFAULT current_timestamp() ON UPDATE current_timestamp(),
  `updated_at` date DEFAULT NULL,
  PRIMARY KEY (`id`)
) ENGINE=InnoDB DEFAULT CHARSET=utf8;

#
# TABLE STRUCTURE FOR: captcha
#

DROP TABLE IF EXISTS `captcha`;

CREATE TABLE `captcha` (
  `id` int(11) NOT NULL AUTO_INCREMENT,
  `name` varchar(250) NOT NULL,
  `status` int(11) NOT NULL,
  `created_at` timestamp NOT NULL DEFAULT current_timestamp() ON UPDATE current_timestamp(),
  PRIMARY KEY (`id`)
) ENGINE=InnoDB AUTO_INCREMENT=6 DEFAULT CHARSET=utf8;

INSERT INTO `captcha` (`id`, `name`, `status`, `created_at`) VALUES (1, 'userlogin', 0, '2021-01-19 08:10:29');
INSERT INTO `captcha` (`id`, `name`, `status`, `created_at`) VALUES (2, 'login', 0, '2021-01-19 08:10:31');
INSERT INTO `captcha` (`id`, `name`, `status`, `created_at`) VALUES (3, 'admission', 0, '2021-01-19 04:48:11');
INSERT INTO `captcha` (`id`, `name`, `status`, `created_at`) VALUES (4, 'complain', 0, '2021-01-19 04:48:13');
INSERT INTO `captcha` (`id`, `name`, `status`, `created_at`) VALUES (5, 'contact_us', 0, '2021-01-19 04:48:15');


#
# TABLE STRUCTURE FOR: categories
#

DROP TABLE IF EXISTS `categories`;

CREATE TABLE `categories` (
  `id` int(11) NOT NULL AUTO_INCREMENT,
  `category` varchar(100) DEFAULT NULL,
  `is_active` varchar(255) DEFAULT 'no',
  `created_at` timestamp NOT NULL DEFAULT current_timestamp() ON UPDATE current_timestamp(),
  `updated_at` date DEFAULT NULL,
  PRIMARY KEY (`id`)
) ENGINE=InnoDB AUTO_INCREMENT=4 DEFAULT CHARSET=utf8;

INSERT INTO `categories` (`id`, `category`, `is_active`, `created_at`, `updated_at`) VALUES (1, 'General', 'no', '2021-12-09 16:58:21', NULL);
INSERT INTO `categories` (`id`, `category`, `is_active`, `created_at`, `updated_at`) VALUES (2, 'OBC', 'no', '2021-12-09 16:58:30', NULL);
INSERT INTO `categories` (`id`, `category`, `is_active`, `created_at`, `updated_at`) VALUES (3, 'SC', 'no', '2021-12-09 16:58:39', NULL);


#
# TABLE STRUCTURE FOR: certificates
#

DROP TABLE IF EXISTS `certificates`;

CREATE TABLE `certificates` (
  `id` int(11) NOT NULL AUTO_INCREMENT,
  `certificate_name` varchar(100) NOT NULL,
  `certificate_text` text NOT NULL,
  `left_header` varchar(100) NOT NULL,
  `center_header` varchar(100) NOT NULL,
  `right_header` varchar(100) NOT NULL,
  `left_footer` varchar(100) NOT NULL,
  `right_footer` varchar(100) NOT NULL,
  `center_footer` varchar(100) NOT NULL,
  `background_image` varchar(100) NOT NULL,
  `created_at` timestamp NULL DEFAULT current_timestamp() ON UPDATE current_timestamp(),
  `updated_at` date DEFAULT NULL,
  `created_for` tinyint(1) NOT NULL COMMENT '1 = staff, 2 = students',
  `status` tinyint(1) NOT NULL,
  `header_height` int(11) NOT NULL,
  `content_height` int(11) NOT NULL,
  `footer_height` int(11) NOT NULL,
  `content_width` int(11) NOT NULL,
  `enable_student_image` tinyint(1) NOT NULL COMMENT '0=no,1=yes',
  `enable_image_height` int(11) NOT NULL,
  PRIMARY KEY (`id`)
) ENGINE=InnoDB AUTO_INCREMENT=2 DEFAULT CHARSET=utf8;

INSERT INTO `certificates` (`id`, `certificate_name`, `certificate_text`, `left_header`, `center_header`, `right_header`, `left_footer`, `right_footer`, `center_footer`, `background_image`, `created_at`, `updated_at`, `created_for`, `status`, `header_height`, `content_height`, `footer_height`, `content_width`, `enable_student_image`, `enable_image_height`) VALUES (1, 'Sample Transfer Certificate', 'This is certify that <b>[name]</b> has born on [dob]  <br> and have following details [present_address] [guardian] [created_at] [admission_no] [roll_no] [class] [section] [gender] [admission_date] [category] [cast] [father_name] [mother_name] [religion] [email] [phone] .<br>We wish best of luck for future endeavors.', 'Reff. No.....1111111.........', 'To Whomever It May Concern', 'Date: _10__/_10__/__2019__', '.................................<br>admin', '.................................<br>principal', '.................................<br>admin', 'sampletc121.png', '2019-12-21 15:14:34', '0000-00-00', 2, 1, 360, 400, 480, 810, 1, 230);


#
# TABLE STRUCTURE FOR: chat_connections
#

DROP TABLE IF EXISTS `chat_connections`;

CREATE TABLE `chat_connections` (
  `id` int(11) NOT NULL AUTO_INCREMENT,
  `chat_user_one` int(11) NOT NULL,
  `chat_user_two` int(11) NOT NULL,
  `ip` varchar(30) DEFAULT NULL,
  `time` int(11) DEFAULT NULL,
  `created_at` timestamp NOT NULL DEFAULT current_timestamp() ON UPDATE current_timestamp(),
  `updated_at` date DEFAULT NULL,
  PRIMARY KEY (`id`),
  KEY `chat_user_one` (`chat_user_one`),
  KEY `chat_user_two` (`chat_user_two`)
) ENGINE=InnoDB DEFAULT CHARSET=utf8;

#
# TABLE STRUCTURE FOR: chat_messages
#

DROP TABLE IF EXISTS `chat_messages`;

CREATE TABLE `chat_messages` (
  `id` int(11) NOT NULL AUTO_INCREMENT,
  `message` text DEFAULT NULL,
  `chat_user_id` int(11) NOT NULL,
  `ip` varchar(30) NOT NULL,
  `time` int(11) NOT NULL,
  `is_first` int(1) DEFAULT 0,
  `is_read` int(1) NOT NULL DEFAULT 0,
  `chat_connection_id` int(11) NOT NULL,
  `created_at` datetime DEFAULT NULL,
  PRIMARY KEY (`id`),
  KEY `chat_user_id` (`chat_user_id`),
  KEY `chat_connection_id` (`chat_connection_id`)
) ENGINE=InnoDB DEFAULT CHARSET=utf8;

#
# TABLE STRUCTURE FOR: chat_users
#

DROP TABLE IF EXISTS `chat_users`;

CREATE TABLE `chat_users` (
  `id` int(11) NOT NULL AUTO_INCREMENT,
  `user_type` varchar(20) DEFAULT NULL,
  `staff_id` int(11) DEFAULT NULL,
  `student_id` int(11) DEFAULT NULL,
  `create_staff_id` int(11) DEFAULT NULL,
  `create_student_id` int(11) DEFAULT NULL,
  `is_active` int(11) DEFAULT 0,
  `created_at` timestamp NOT NULL DEFAULT current_timestamp() ON UPDATE current_timestamp(),
  `updated_at` date DEFAULT NULL,
  PRIMARY KEY (`id`),
  KEY `staff_id` (`staff_id`),
  KEY `student_id` (`student_id`),
  KEY `create_staff_id` (`create_staff_id`),
  KEY `create_student_id` (`create_student_id`)
) ENGINE=InnoDB DEFAULT CHARSET=utf8;

#
# TABLE STRUCTURE FOR: class_sections
#

DROP TABLE IF EXISTS `class_sections`;

CREATE TABLE `class_sections` (
  `id` int(11) NOT NULL AUTO_INCREMENT,
  `class_id` int(11) DEFAULT NULL,
  `section_id` int(11) DEFAULT NULL,
  `is_active` varchar(255) DEFAULT 'no',
  `created_at` timestamp NOT NULL DEFAULT current_timestamp() ON UPDATE current_timestamp(),
  `updated_at` date DEFAULT NULL,
  PRIMARY KEY (`id`),
  KEY `class_id` (`class_id`),
  KEY `section_id` (`section_id`)
) ENGINE=InnoDB AUTO_INCREMENT=6 DEFAULT CHARSET=utf8;

INSERT INTO `class_sections` (`id`, `class_id`, `section_id`, `is_active`, `created_at`, `updated_at`) VALUES (1, 2, 1, 'no', '2022-01-17 11:42:21', NULL);
INSERT INTO `class_sections` (`id`, `class_id`, `section_id`, `is_active`, `created_at`, `updated_at`) VALUES (2, 1, 1, 'no', '2022-01-17 11:49:05', NULL);
INSERT INTO `class_sections` (`id`, `class_id`, `section_id`, `is_active`, `created_at`, `updated_at`) VALUES (3, 1, 2, 'no', '2022-01-17 11:49:17', NULL);
INSERT INTO `class_sections` (`id`, `class_id`, `section_id`, `is_active`, `created_at`, `updated_at`) VALUES (4, 1, 3, 'no', '2022-01-17 11:49:17', NULL);
INSERT INTO `class_sections` (`id`, `class_id`, `section_id`, `is_active`, `created_at`, `updated_at`) VALUES (5, 2, 2, 'no', '2022-01-17 11:49:27', NULL);


#
# TABLE STRUCTURE FOR: class_teacher
#

DROP TABLE IF EXISTS `class_teacher`;

CREATE TABLE `class_teacher` (
  `id` int(11) NOT NULL AUTO_INCREMENT,
  `class_id` int(11) NOT NULL,
  `staff_id` int(11) NOT NULL,
  `section_id` int(11) NOT NULL,
  `session_id` int(11) NOT NULL,
  PRIMARY KEY (`id`)
) ENGINE=InnoDB AUTO_INCREMENT=2 DEFAULT CHARSET=utf8;

INSERT INTO `class_teacher` (`id`, `class_id`, `staff_id`, `section_id`, `session_id`) VALUES (1, 1, 2, 1, 16);


#
# TABLE STRUCTURE FOR: classes
#

DROP TABLE IF EXISTS `classes`;

CREATE TABLE `classes` (
  `id` int(11) NOT NULL AUTO_INCREMENT,
  `class` varchar(60) DEFAULT NULL,
  `is_active` varchar(255) DEFAULT 'no',
  `created_at` timestamp NOT NULL DEFAULT current_timestamp() ON UPDATE current_timestamp(),
  `updated_at` date DEFAULT NULL,
  PRIMARY KEY (`id`)
) ENGINE=InnoDB AUTO_INCREMENT=3 DEFAULT CHARSET=utf8;

INSERT INTO `classes` (`id`, `class`, `is_active`, `created_at`, `updated_at`) VALUES (1, 'LKG', 'no', '2022-01-13 14:20:49', NULL);
INSERT INTO `classes` (`id`, `class`, `is_active`, `created_at`, `updated_at`) VALUES (2, 'UKG', 'no', '2022-01-13 14:21:08', NULL);


#
# TABLE STRUCTURE FOR: complaint
#

DROP TABLE IF EXISTS `complaint`;

CREATE TABLE `complaint` (
  `id` int(11) NOT NULL AUTO_INCREMENT,
  `complaint_type` varchar(255) NOT NULL,
  `source` varchar(15) NOT NULL,
  `name` varchar(100) NOT NULL,
  `contact` varchar(15) NOT NULL,
  `email` varchar(200) NOT NULL,
  `date` date NOT NULL,
  `description` text NOT NULL,
  `action_taken` varchar(200) NOT NULL,
  `assigned` varchar(50) NOT NULL,
  `note` text NOT NULL,
  `image` varchar(100) NOT NULL,
  PRIMARY KEY (`id`)
) ENGINE=InnoDB AUTO_INCREMENT=2 DEFAULT CHARSET=utf8;

INSERT INTO `complaint` (`id`, `complaint_type`, `source`, `name`, `contact`, `email`, `date`, `description`, `action_taken`, `assigned`, `note`, `image`) VALUES (1, '', 'News Paper', 'Ram', '8882033199', '', '2021-12-09', 'We empower teachers to support their entire classroom. 90% of US teachers who have used Khan Academy have found us effective.', '', 'Aman', 'We empower teachers to support their entire classroom. 90% of US teachers who have used Khan Academy have found us effective.We empower teachers to support their entire classroom. 90% of US teachers who have used Khan Academy have found us effective.', '');


#
# TABLE STRUCTURE FOR: complaint_type
#

DROP TABLE IF EXISTS `complaint_type`;

CREATE TABLE `complaint_type` (
  `id` int(11) NOT NULL AUTO_INCREMENT,
  `complaint_type` varchar(100) NOT NULL,
  `description` text NOT NULL,
  `created_at` timestamp NOT NULL DEFAULT current_timestamp() ON UPDATE current_timestamp(),
  PRIMARY KEY (`id`)
) ENGINE=InnoDB AUTO_INCREMENT=3 DEFAULT CHARSET=utf8;

INSERT INTO `complaint_type` (`id`, `complaint_type`, `description`, `created_at`) VALUES (1, 'Genreal', '', '2021-12-09 16:46:14');
INSERT INTO `complaint_type` (`id`, `complaint_type`, `description`, `created_at`) VALUES (2, 'Complex', 'dfbdf', '2021-12-17 07:39:02');


#
# TABLE STRUCTURE FOR: conference_sections
#

DROP TABLE IF EXISTS `conference_sections`;

CREATE TABLE `conference_sections` (
  `id` int(11) NOT NULL AUTO_INCREMENT,
  `conference_id` int(11) DEFAULT NULL,
  `cls_section_id` int(11) DEFAULT NULL,
  `created_at` timestamp NOT NULL DEFAULT current_timestamp() ON UPDATE current_timestamp(),
  PRIMARY KEY (`id`),
  KEY `conference_sections_ibfk_1` (`conference_id`),
  KEY `conference_sections_ibfk_2` (`cls_section_id`)
) ENGINE=InnoDB DEFAULT CHARSET=utf8;

#
# TABLE STRUCTURE FOR: conference_staff
#

DROP TABLE IF EXISTS `conference_staff`;

CREATE TABLE `conference_staff` (
  `id` int(11) NOT NULL AUTO_INCREMENT,
  `conference_id` int(11) NOT NULL,
  `staff_id` int(11) NOT NULL,
  `created_at` timestamp NOT NULL DEFAULT current_timestamp() ON UPDATE current_timestamp(),
  PRIMARY KEY (`id`),
  KEY `conference_staff_ibfk_1` (`conference_id`),
  KEY `conference_staff_ibfk_2` (`staff_id`)
) ENGINE=InnoDB DEFAULT CHARSET=utf8;

#
# TABLE STRUCTURE FOR: conferences
#

DROP TABLE IF EXISTS `conferences`;

CREATE TABLE `conferences` (
  `id` int(11) NOT NULL AUTO_INCREMENT,
  `purpose` varchar(20) NOT NULL DEFAULT 'class',
  `staff_id` int(11) DEFAULT NULL,
  `created_id` int(10) NOT NULL,
  `title` text DEFAULT NULL,
  `date` datetime DEFAULT NULL,
  `duration` int(11) DEFAULT NULL,
  `password` varchar(50) DEFAULT NULL,
  `subject` varchar(50) DEFAULT NULL,
  `class_id` int(10) DEFAULT NULL,
  `section_id` int(10) DEFAULT NULL,
  `session_id` int(10) NOT NULL,
  `host_video` int(1) NOT NULL DEFAULT 1,
  `client_video` int(1) NOT NULL DEFAULT 1,
  `description` varchar(50) DEFAULT NULL,
  `timezone` varchar(100) DEFAULT NULL,
  `return_response` text DEFAULT NULL,
  `api_type` varchar(30) NOT NULL,
  `status` int(1) NOT NULL DEFAULT 0,
  `created_at` timestamp NOT NULL DEFAULT current_timestamp() ON UPDATE current_timestamp(),
  PRIMARY KEY (`id`),
  KEY `conferences_ibfk_1` (`staff_id`),
  KEY `conferences_ibfk_2` (`created_id`)
) ENGINE=InnoDB DEFAULT CHARSET=utf8;

#
# TABLE STRUCTURE FOR: conferences_history
#

DROP TABLE IF EXISTS `conferences_history`;

CREATE TABLE `conferences_history` (
  `id` int(11) NOT NULL AUTO_INCREMENT,
  `conference_id` int(11) NOT NULL,
  `staff_id` int(11) DEFAULT NULL,
  `student_id` int(11) DEFAULT NULL,
  `total_hit` int(10) NOT NULL DEFAULT 1,
  `created_at` timestamp NOT NULL DEFAULT current_timestamp() ON UPDATE current_timestamp(),
  PRIMARY KEY (`id`),
  KEY `conferences_history_ibfk_1` (`conference_id`),
  KEY `conferences_history_ibfk_2` (`staff_id`),
  KEY `conferences_history_ibfk_3` (`student_id`)
) ENGINE=InnoDB DEFAULT CHARSET=utf8;

#
# TABLE STRUCTURE FOR: content_for
#

DROP TABLE IF EXISTS `content_for`;

CREATE TABLE `content_for` (
  `id` int(11) NOT NULL AUTO_INCREMENT,
  `role` varchar(50) DEFAULT NULL,
  `content_id` int(11) DEFAULT NULL,
  `user_id` int(11) DEFAULT NULL,
  `created_at` timestamp NOT NULL DEFAULT current_timestamp() ON UPDATE current_timestamp(),
  PRIMARY KEY (`id`),
  KEY `content_id` (`content_id`),
  KEY `user_id` (`user_id`)
) ENGINE=InnoDB DEFAULT CHARSET=utf8;

#
# TABLE STRUCTURE FOR: contents
#

DROP TABLE IF EXISTS `contents`;

CREATE TABLE `contents` (
  `id` int(11) NOT NULL AUTO_INCREMENT,
  `title` varchar(100) DEFAULT NULL,
  `type` varchar(50) DEFAULT NULL,
  `is_public` varchar(10) DEFAULT 'No',
  `class_id` int(11) DEFAULT NULL,
  `cls_sec_id` int(10) NOT NULL,
  `file` varchar(250) DEFAULT NULL,
  `created_by` int(11) NOT NULL,
  `note` text DEFAULT NULL,
  `is_active` varchar(255) DEFAULT 'no',
  `created_at` timestamp NOT NULL DEFAULT current_timestamp() ON UPDATE current_timestamp(),
  `updated_at` date DEFAULT NULL,
  `date` date NOT NULL,
  PRIMARY KEY (`id`)
) ENGINE=InnoDB DEFAULT CHARSET=utf8;

#
# TABLE STRUCTURE FOR: custom_field_values
#

DROP TABLE IF EXISTS `custom_field_values`;

CREATE TABLE `custom_field_values` (
  `id` int(11) NOT NULL AUTO_INCREMENT,
  `belong_table_id` int(11) DEFAULT NULL,
  `custom_field_id` int(11) DEFAULT NULL,
  `field_value` longtext DEFAULT NULL,
  `created_at` timestamp NOT NULL DEFAULT current_timestamp() ON UPDATE current_timestamp(),
  `updated_at` date DEFAULT NULL,
  PRIMARY KEY (`id`),
  KEY `custom_field_id` (`custom_field_id`)
) ENGINE=InnoDB AUTO_INCREMENT=9 DEFAULT CHARSET=utf8;

INSERT INTO `custom_field_values` (`id`, `belong_table_id`, `custom_field_id`, `field_value`, `created_at`, `updated_at`) VALUES (1, 2, 1, 'UKG', '2022-01-17 11:52:13', NULL);
INSERT INTO `custom_field_values` (`id`, `belong_table_id`, `custom_field_id`, `field_value`, `created_at`, `updated_at`) VALUES (2, 3, 1, 'MY COURSE', '2022-01-17 11:59:53', NULL);
INSERT INTO `custom_field_values` (`id`, `belong_table_id`, `custom_field_id`, `field_value`, `created_at`, `updated_at`) VALUES (3, 4, 1, 'ffff', '2022-01-18 05:55:47', NULL);
INSERT INTO `custom_field_values` (`id`, `belong_table_id`, `custom_field_id`, `field_value`, `created_at`, `updated_at`) VALUES (4, 5, 1, 'TTT', '2022-01-21 12:22:35', NULL);
INSERT INTO `custom_field_values` (`id`, `belong_table_id`, `custom_field_id`, `field_value`, `created_at`, `updated_at`) VALUES (5, 6, 1, 'Science', '2022-01-21 12:26:52', NULL);
INSERT INTO `custom_field_values` (`id`, `belong_table_id`, `custom_field_id`, `field_value`, `created_at`, `updated_at`) VALUES (6, 7, 1, 'NNN', '2022-01-31 10:38:12', NULL);
INSERT INTO `custom_field_values` (`id`, `belong_table_id`, `custom_field_id`, `field_value`, `created_at`, `updated_at`) VALUES (7, 8, 1, 'gg', '2022-01-31 10:58:04', NULL);
INSERT INTO `custom_field_values` (`id`, `belong_table_id`, `custom_field_id`, `field_value`, `created_at`, `updated_at`) VALUES (8, 1, 1, 'New', '2022-02-04 08:44:18', NULL);


#
# TABLE STRUCTURE FOR: custom_fields
#

DROP TABLE IF EXISTS `custom_fields`;

CREATE TABLE `custom_fields` (
  `id` int(11) NOT NULL AUTO_INCREMENT,
  `name` varchar(100) DEFAULT NULL,
  `belong_to` varchar(100) DEFAULT NULL,
  `type` varchar(100) DEFAULT NULL,
  `bs_column` int(10) DEFAULT NULL,
  `validation` int(11) DEFAULT 0,
  `field_values` text DEFAULT NULL,
  `show_table` varchar(100) DEFAULT NULL,
  `visible_on_table` int(11) NOT NULL,
  `weight` int(11) DEFAULT NULL,
  `is_active` int(11) DEFAULT 0,
  `created_at` timestamp NOT NULL DEFAULT current_timestamp() ON UPDATE current_timestamp(),
  `updated_at` date DEFAULT NULL,
  PRIMARY KEY (`id`)
) ENGINE=InnoDB AUTO_INCREMENT=2 DEFAULT CHARSET=utf8;

INSERT INTO `custom_fields` (`id`, `name`, `belong_to`, `type`, `bs_column`, `validation`, `field_values`, `show_table`, `visible_on_table`, `weight`, `is_active`, `created_at`, `updated_at`) VALUES (1, 'course', 'students', 'input', 12, 1, '', NULL, 0, NULL, 0, '2022-01-17 08:09:04', NULL);


#
# TABLE STRUCTURE FOR: department
#

DROP TABLE IF EXISTS `department`;

CREATE TABLE `department` (
  `id` int(11) NOT NULL AUTO_INCREMENT,
  `department_name` varchar(200) NOT NULL,
  `is_active` varchar(100) NOT NULL,
  PRIMARY KEY (`id`)
) ENGINE=InnoDB AUTO_INCREMENT=2 DEFAULT CHARSET=utf8;

INSERT INTO `department` (`id`, `department_name`, `is_active`) VALUES (1, 'Science Dep', 'yes');


#
# TABLE STRUCTURE FOR: disable_reason
#

DROP TABLE IF EXISTS `disable_reason`;

CREATE TABLE `disable_reason` (
  `id` int(11) NOT NULL AUTO_INCREMENT,
  `reason` varchar(255) NOT NULL,
  `created_at` timestamp NOT NULL DEFAULT current_timestamp() ON UPDATE current_timestamp(),
  PRIMARY KEY (`id`)
) ENGINE=InnoDB DEFAULT CHARSET=utf8;

#
# TABLE STRUCTURE FOR: dispatch_receive
#

DROP TABLE IF EXISTS `dispatch_receive`;

CREATE TABLE `dispatch_receive` (
  `id` int(11) NOT NULL AUTO_INCREMENT,
  `reference_no` varchar(50) NOT NULL,
  `to_title` varchar(100) NOT NULL,
  `address` varchar(500) NOT NULL,
  `note` varchar(500) NOT NULL,
  `from_title` varchar(200) NOT NULL,
  `date` varchar(20) NOT NULL,
  `image` varchar(100) NOT NULL,
  `created_at` timestamp NOT NULL DEFAULT current_timestamp() ON UPDATE current_timestamp(),
  `updated_at` date DEFAULT NULL,
  `type` varchar(10) NOT NULL,
  PRIMARY KEY (`id`)
) ENGINE=InnoDB AUTO_INCREMENT=2 DEFAULT CHARSET=utf8;

INSERT INTO `dispatch_receive` (`id`, `reference_no`, `to_title`, `address`, `note`, `from_title`, `date`, `image`, `created_at`, `updated_at`, `type`) VALUES (1, '09990', 'Mr JAY', '#183 GALI NO 3\r\nASHOK NAGAR (BEHIND LALVANI NURSING HOME', 'given Address need', 'Enquiry', '2021-12-09', 'id1.mp3', '2021-12-09 16:42:26', NULL, 'dispatch');


#
# TABLE STRUCTURE FOR: email_config
#

DROP TABLE IF EXISTS `email_config`;

CREATE TABLE `email_config` (
  `id` int(11) unsigned NOT NULL AUTO_INCREMENT,
  `email_type` varchar(100) DEFAULT NULL,
  `smtp_server` varchar(100) DEFAULT NULL,
  `smtp_port` varchar(100) DEFAULT NULL,
  `smtp_username` varchar(100) DEFAULT NULL,
  `smtp_password` varchar(100) DEFAULT NULL,
  `ssl_tls` varchar(100) DEFAULT NULL,
  `smtp_auth` varchar(10) NOT NULL,
  `is_active` varchar(10) NOT NULL DEFAULT 'no',
  `created_at` timestamp NOT NULL DEFAULT current_timestamp() ON UPDATE current_timestamp(),
  PRIMARY KEY (`id`)
) ENGINE=InnoDB AUTO_INCREMENT=2 DEFAULT CHARSET=utf8;

INSERT INTO `email_config` (`id`, `email_type`, `smtp_server`, `smtp_port`, `smtp_username`, `smtp_password`, `ssl_tls`, `smtp_auth`, `is_active`, `created_at`) VALUES (1, 'smtp', 'ssl://smtp.googlemail.com', '465', 'ismaeel.cloudacademy@gmail.com', '6Vs>&;wf{j`F;Q!.', '', 'true', 'yes', '2022-01-17 11:56:50');


#
# TABLE STRUCTURE FOR: enquiry
#

DROP TABLE IF EXISTS `enquiry`;

CREATE TABLE `enquiry` (
  `id` int(11) NOT NULL AUTO_INCREMENT,
  `name` varchar(100) NOT NULL,
  `contact` varchar(20) NOT NULL,
  `address` text NOT NULL,
  `reference` varchar(20) NOT NULL,
  `date` date NOT NULL,
  `description` varchar(500) NOT NULL,
  `follow_up_date` date NOT NULL,
  `note` text NOT NULL,
  `source` varchar(50) NOT NULL,
  `email` varchar(50) DEFAULT NULL,
  `assigned` varchar(100) NOT NULL,
  `class` int(11) NOT NULL,
  `no_of_child` varchar(11) DEFAULT NULL,
  `status` varchar(100) NOT NULL,
  PRIMARY KEY (`id`)
) ENGINE=InnoDB AUTO_INCREMENT=3 DEFAULT CHARSET=utf8;

INSERT INTO `enquiry` (`id`, `name`, `contact`, `address`, `reference`, `date`, `description`, `follow_up_date`, `note`, `source`, `email`, `assigned`, `class`, `no_of_child`, `status`) VALUES (1, 'Ram', '8882033199', '', '', '2021-12-09', '', '2021-12-09', '', 'News Paper', 'mailtojay27@gmail.com', '', 1, '3', 'active');
INSERT INTO `enquiry` (`id`, `name`, `contact`, `address`, `reference`, `date`, `description`, `follow_up_date`, `note`, `source`, `email`, `assigned`, `class`, `no_of_child`, `status`) VALUES (2, 'NAMAN', '8860008250', '#183 GALI NO 3\r\nASHOK NAGAR (BEHIND LALVANI NURSING HOME', '', '2021-12-09', '', '2021-12-09', '', 'News Paper', 'mailtojay27@gmail.com', '', 0, '', 'active');


#
# TABLE STRUCTURE FOR: enquiry_type
#

DROP TABLE IF EXISTS `enquiry_type`;

CREATE TABLE `enquiry_type` (
  `id` int(11) NOT NULL AUTO_INCREMENT,
  `enquiry_type` varchar(100) NOT NULL,
  `description` text NOT NULL,
  PRIMARY KEY (`id`)
) ENGINE=InnoDB DEFAULT CHARSET=utf8;

#
# TABLE STRUCTURE FOR: events
#

DROP TABLE IF EXISTS `events`;

CREATE TABLE `events` (
  `id` int(11) NOT NULL AUTO_INCREMENT,
  `event_title` varchar(200) NOT NULL,
  `event_description` varchar(300) NOT NULL,
  `start_date` datetime NOT NULL,
  `end_date` datetime NOT NULL,
  `event_type` varchar(100) NOT NULL,
  `event_color` varchar(200) NOT NULL,
  `event_for` varchar(100) NOT NULL,
  `role_id` int(11) NOT NULL,
  `is_active` varchar(100) NOT NULL,
  PRIMARY KEY (`id`)
) ENGINE=InnoDB AUTO_INCREMENT=14 DEFAULT CHARSET=utf8;

INSERT INTO `events` (`id`, `event_title`, `event_description`, `start_date`, `end_date`, `event_type`, `event_color`, `event_for`, `role_id`, `is_active`) VALUES (1, 'First Title', '', '2022-01-15 00:00:00', '2022-01-15 00:00:00', 'task', '#000', '5', 0, 'yes');
INSERT INTO `events` (`id`, `event_title`, `event_description`, `start_date`, `end_date`, `event_type`, `event_color`, `event_for`, `role_id`, `is_active`) VALUES (2, 'vigig', '', '2022-02-04 00:00:00', '2022-02-04 00:00:00', 'task', '#000', '5', 0, 'yes');
INSERT INTO `events` (`id`, `event_title`, `event_description`, `start_date`, `end_date`, `event_type`, `event_color`, `event_for`, `role_id`, `is_active`) VALUES (4, 'abc', '', '2022-02-06 00:00:00', '2022-02-06 00:00:00', 'task', '#000', '5', 0, 'yes');
INSERT INTO `events` (`id`, `event_title`, `event_description`, `start_date`, `end_date`, `event_type`, `event_color`, `event_for`, `role_id`, `is_active`) VALUES (5, 'bcd', '', '2022-02-07 00:00:00', '2022-02-07 00:00:00', 'task', '#000', '5', 0, 'yes');
INSERT INTO `events` (`id`, `event_title`, `event_description`, `start_date`, `end_date`, `event_type`, `event_color`, `event_for`, `role_id`, `is_active`) VALUES (6, 'First Title', '', '2022-01-15 00:00:00', '2022-01-15 00:00:00', 'task', '#000', '5', 0, 'yes');
INSERT INTO `events` (`id`, `event_title`, `event_description`, `start_date`, `end_date`, `event_type`, `event_color`, `event_for`, `role_id`, `is_active`) VALUES (7, 'sssss', '', '2022-02-10 00:00:00', '2022-02-10 00:00:00', 'task', '#000', '5', 0, 'no');
INSERT INTO `events` (`id`, `event_title`, `event_description`, `start_date`, `end_date`, `event_type`, `event_color`, `event_for`, `role_id`, `is_active`) VALUES (8, 'dddd', '', '2022-02-02 00:00:00', '2022-02-02 00:00:00', 'task', '#000', '5', 0, 'yes');
INSERT INTO `events` (`id`, `event_title`, `event_description`, `start_date`, `end_date`, `event_type`, `event_color`, `event_for`, `role_id`, `is_active`) VALUES (9, 'First Title', '', '2022-01-15 00:00:00', '2022-01-15 00:00:00', 'task', '#000', '5', 0, 'no');
INSERT INTO `events` (`id`, `event_title`, `event_description`, `start_date`, `end_date`, `event_type`, `event_color`, `event_for`, `role_id`, `is_active`) VALUES (10, 'Star', '', '2022-02-04 00:00:00', '2022-02-04 00:00:00', 'task', '#000', '5', 0, 'no');
INSERT INTO `events` (`id`, `event_title`, `event_description`, `start_date`, `end_date`, `event_type`, `event_color`, `event_for`, `role_id`, `is_active`) VALUES (11, 'Cuzco', '', '2022-02-04 00:00:00', '2022-02-04 00:00:00', 'task', '#000', '5', 0, 'no');
INSERT INTO `events` (`id`, `event_title`, `event_description`, `start_date`, `end_date`, `event_type`, `event_color`, `event_for`, `role_id`, `is_active`) VALUES (12, 'FDIC’s', '', '2022-02-04 00:00:00', '2022-02-04 00:00:00', 'task', '#000', '5', 0, 'no');
INSERT INTO `events` (`id`, `event_title`, `event_description`, `start_date`, `end_date`, `event_type`, `event_color`, `event_for`, `role_id`, `is_active`) VALUES (13, 'Today new task', '', '2022-02-05 00:00:00', '2022-02-05 00:00:00', 'task', '#000', '5', 0, 'no');


#
# TABLE STRUCTURE FOR: exam_group_class_batch_exam_students
#

DROP TABLE IF EXISTS `exam_group_class_batch_exam_students`;

CREATE TABLE `exam_group_class_batch_exam_students` (
  `id` int(11) NOT NULL AUTO_INCREMENT,
  `exam_group_class_batch_exam_id` int(11) NOT NULL,
  `student_id` int(11) NOT NULL,
  `student_session_id` int(11) NOT NULL,
  `roll_no` int(6) NOT NULL DEFAULT 0,
  `teacher_remark` text DEFAULT NULL,
  `is_active` int(11) DEFAULT 0,
  `created_at` timestamp NOT NULL DEFAULT current_timestamp() ON UPDATE current_timestamp(),
  `updated_at` date DEFAULT NULL,
  PRIMARY KEY (`id`),
  KEY `exam_group_class_batch_exam_id` (`exam_group_class_batch_exam_id`),
  KEY `student_id` (`student_id`),
  KEY `student_session_id` (`student_session_id`)
) ENGINE=InnoDB AUTO_INCREMENT=11 DEFAULT CHARSET=utf8;

INSERT INTO `exam_group_class_batch_exam_students` (`id`, `exam_group_class_batch_exam_id`, `student_id`, `student_session_id`, `roll_no`, `teacher_remark`, `is_active`, `created_at`, `updated_at`) VALUES (1, 1, 1, 1, 0, 'Awesome Performance', 0, '2022-02-04 10:08:49', NULL);
INSERT INTO `exam_group_class_batch_exam_students` (`id`, `exam_group_class_batch_exam_id`, `student_id`, `student_session_id`, `roll_no`, `teacher_remark`, `is_active`, `created_at`, `updated_at`) VALUES (2, 1, 3, 3, 0, '', 0, '2022-02-04 10:08:49', NULL);
INSERT INTO `exam_group_class_batch_exam_students` (`id`, `exam_group_class_batch_exam_id`, `student_id`, `student_session_id`, `roll_no`, `teacher_remark`, `is_active`, `created_at`, `updated_at`) VALUES (3, 1, 4, 4, 0, '', 0, '2022-02-04 10:08:49', NULL);
INSERT INTO `exam_group_class_batch_exam_students` (`id`, `exam_group_class_batch_exam_id`, `student_id`, `student_session_id`, `roll_no`, `teacher_remark`, `is_active`, `created_at`, `updated_at`) VALUES (4, 1, 5, 5, 0, '', 0, '2022-02-04 10:08:49', NULL);
INSERT INTO `exam_group_class_batch_exam_students` (`id`, `exam_group_class_batch_exam_id`, `student_id`, `student_session_id`, `roll_no`, `teacher_remark`, `is_active`, `created_at`, `updated_at`) VALUES (5, 1, 8, 8, 0, '', 0, '2022-02-04 10:08:49', NULL);
INSERT INTO `exam_group_class_batch_exam_students` (`id`, `exam_group_class_batch_exam_id`, `student_id`, `student_session_id`, `roll_no`, `teacher_remark`, `is_active`, `created_at`, `updated_at`) VALUES (6, 2, 1, 1, 0, 'Good Performance', 0, '2022-02-04 10:08:59', NULL);
INSERT INTO `exam_group_class_batch_exam_students` (`id`, `exam_group_class_batch_exam_id`, `student_id`, `student_session_id`, `roll_no`, `teacher_remark`, `is_active`, `created_at`, `updated_at`) VALUES (7, 2, 3, 3, 0, '', 0, '2022-02-04 10:08:59', NULL);
INSERT INTO `exam_group_class_batch_exam_students` (`id`, `exam_group_class_batch_exam_id`, `student_id`, `student_session_id`, `roll_no`, `teacher_remark`, `is_active`, `created_at`, `updated_at`) VALUES (8, 2, 4, 4, 0, '', 0, '2022-02-04 10:08:59', NULL);
INSERT INTO `exam_group_class_batch_exam_students` (`id`, `exam_group_class_batch_exam_id`, `student_id`, `student_session_id`, `roll_no`, `teacher_remark`, `is_active`, `created_at`, `updated_at`) VALUES (9, 2, 5, 5, 0, '', 0, '2022-02-04 10:08:59', NULL);
INSERT INTO `exam_group_class_batch_exam_students` (`id`, `exam_group_class_batch_exam_id`, `student_id`, `student_session_id`, `roll_no`, `teacher_remark`, `is_active`, `created_at`, `updated_at`) VALUES (10, 2, 8, 8, 0, '', 0, '2022-02-04 10:08:59', NULL);


#
# TABLE STRUCTURE FOR: exam_group_class_batch_exam_subjects
#

DROP TABLE IF EXISTS `exam_group_class_batch_exam_subjects`;

CREATE TABLE `exam_group_class_batch_exam_subjects` (
  `id` int(11) NOT NULL AUTO_INCREMENT,
  `exam_group_class_batch_exams_id` int(11) DEFAULT NULL,
  `subject_id` int(10) NOT NULL,
  `date_from` date NOT NULL,
  `time_from` time NOT NULL,
  `duration` varchar(50) NOT NULL,
  `room_no` varchar(100) DEFAULT NULL,
  `max_marks` float(10,2) DEFAULT NULL,
  `min_marks` float(10,2) DEFAULT NULL,
  `credit_hours` float(10,2) DEFAULT 0.00,
  `date_to` datetime DEFAULT NULL,
  `is_active` int(11) DEFAULT 0,
  `created_at` timestamp NOT NULL DEFAULT current_timestamp() ON UPDATE current_timestamp(),
  `updated_at` date DEFAULT NULL,
  PRIMARY KEY (`id`),
  KEY `exam_group_class_batch_exams_id` (`exam_group_class_batch_exams_id`),
  KEY `subject_id` (`subject_id`)
) ENGINE=InnoDB AUTO_INCREMENT=3 DEFAULT CHARSET=utf8;

INSERT INTO `exam_group_class_batch_exam_subjects` (`id`, `exam_group_class_batch_exams_id`, `subject_id`, `date_from`, `time_from`, `duration`, `room_no`, `max_marks`, `min_marks`, `credit_hours`, `date_to`, `is_active`, `created_at`, `updated_at`) VALUES (1, 1, 1, '2022-02-04', '13:36:12', '2', '10', '100.00', '30.00', '50.00', NULL, 0, '2022-02-04 10:01:11', NULL);
INSERT INTO `exam_group_class_batch_exam_subjects` (`id`, `exam_group_class_batch_exams_id`, `subject_id`, `date_from`, `time_from`, `duration`, `room_no`, `max_marks`, `min_marks`, `credit_hours`, `date_to`, `is_active`, `created_at`, `updated_at`) VALUES (2, 2, 1, '2022-02-04', '13:55:26', '2', '1', '100.00', '45.00', '2.00', NULL, 0, '2022-02-04 10:01:00', NULL);


#
# TABLE STRUCTURE FOR: exam_group_class_batch_exams
#

DROP TABLE IF EXISTS `exam_group_class_batch_exams`;

CREATE TABLE `exam_group_class_batch_exams` (
  `id` int(11) NOT NULL AUTO_INCREMENT,
  `exam` varchar(250) DEFAULT NULL,
  `session_id` int(10) NOT NULL,
  `date_from` date DEFAULT NULL,
  `date_to` date DEFAULT NULL,
  `description` text DEFAULT NULL,
  `exam_group_id` int(11) DEFAULT NULL,
  `use_exam_roll_no` int(1) NOT NULL DEFAULT 1,
  `is_publish` int(1) DEFAULT 0,
  `is_active` int(11) DEFAULT 0,
  `created_at` timestamp NOT NULL DEFAULT current_timestamp() ON UPDATE current_timestamp(),
  `updated_at` date DEFAULT NULL,
  PRIMARY KEY (`id`),
  KEY `exam_group_id` (`exam_group_id`)
) ENGINE=InnoDB AUTO_INCREMENT=3 DEFAULT CHARSET=utf8;

INSERT INTO `exam_group_class_batch_exams` (`id`, `exam`, `session_id`, `date_from`, `date_to`, `description`, `exam_group_id`, `use_exam_roll_no`, `is_publish`, `is_active`, `created_at`, `updated_at`) VALUES (1, 'English Exam', 16, NULL, NULL, 'First', 1, 0, 1, 1, '2022-02-04 09:55:54', NULL);
INSERT INTO `exam_group_class_batch_exams` (`id`, `exam`, `session_id`, `date_from`, `date_to`, `description`, `exam_group_id`, `use_exam_roll_no`, `is_publish`, `is_active`, `created_at`, `updated_at`) VALUES (2, 'Math Exam', 16, NULL, NULL, 'Second', 1, 1, 1, 1, '2022-02-04 09:56:22', NULL);


#
# TABLE STRUCTURE FOR: exam_group_exam_connections
#

DROP TABLE IF EXISTS `exam_group_exam_connections`;

CREATE TABLE `exam_group_exam_connections` (
  `id` int(11) NOT NULL AUTO_INCREMENT,
  `exam_group_id` int(11) DEFAULT NULL,
  `exam_group_class_batch_exams_id` int(11) DEFAULT NULL,
  `exam_weightage` float(10,2) DEFAULT 0.00,
  `is_active` int(11) DEFAULT 0,
  `created_at` timestamp NOT NULL DEFAULT current_timestamp() ON UPDATE current_timestamp(),
  `updated_at` date DEFAULT NULL,
  PRIMARY KEY (`id`),
  KEY `exam_group_id` (`exam_group_id`),
  KEY `exam_group_class_batch_exams_id` (`exam_group_class_batch_exams_id`)
) ENGINE=InnoDB AUTO_INCREMENT=5 DEFAULT CHARSET=utf8;

INSERT INTO `exam_group_exam_connections` (`id`, `exam_group_id`, `exam_group_class_batch_exams_id`, `exam_weightage`, `is_active`, `created_at`, `updated_at`) VALUES (3, 1, 1, '50.00', 0, '2022-02-04 09:59:39', NULL);
INSERT INTO `exam_group_exam_connections` (`id`, `exam_group_id`, `exam_group_class_batch_exams_id`, `exam_weightage`, `is_active`, `created_at`, `updated_at`) VALUES (4, 1, 2, '50.00', 0, '2022-02-04 09:59:39', NULL);


#
# TABLE STRUCTURE FOR: exam_group_exam_results
#

DROP TABLE IF EXISTS `exam_group_exam_results`;

CREATE TABLE `exam_group_exam_results` (
  `id` int(11) NOT NULL AUTO_INCREMENT,
  `exam_group_class_batch_exam_student_id` int(11) NOT NULL,
  `exam_group_class_batch_exam_subject_id` int(11) DEFAULT NULL,
  `attendence` varchar(10) DEFAULT NULL,
  `get_marks` float(10,2) DEFAULT 0.00,
  `note` text DEFAULT NULL,
  `is_active` int(11) DEFAULT 0,
  `created_at` timestamp NOT NULL DEFAULT current_timestamp() ON UPDATE current_timestamp(),
  `updated_at` date DEFAULT NULL,
  `exam_group_student_id` int(11) DEFAULT NULL,
  PRIMARY KEY (`id`),
  KEY `exam_group_class_batch_exam_subject_id` (`exam_group_class_batch_exam_subject_id`),
  KEY `exam_group_student_id` (`exam_group_student_id`),
  KEY `exam_group_class_batch_exam_student_id` (`exam_group_class_batch_exam_student_id`)
) ENGINE=InnoDB AUTO_INCREMENT=11 DEFAULT CHARSET=utf8;

INSERT INTO `exam_group_exam_results` (`id`, `exam_group_class_batch_exam_student_id`, `exam_group_class_batch_exam_subject_id`, `attendence`, `get_marks`, `note`, `is_active`, `created_at`, `updated_at`, `exam_group_student_id`) VALUES (1, 1, 1, 'present', '75.00', 'Awesome Performance', 0, '2022-02-04 10:07:59', NULL, NULL);
INSERT INTO `exam_group_exam_results` (`id`, `exam_group_class_batch_exam_student_id`, `exam_group_class_batch_exam_subject_id`, `attendence`, `get_marks`, `note`, `is_active`, `created_at`, `updated_at`, `exam_group_student_id`) VALUES (2, 2, 1, 'present', '25.00', '', 0, '2022-02-04 10:04:37', NULL, NULL);
INSERT INTO `exam_group_exam_results` (`id`, `exam_group_class_batch_exam_student_id`, `exam_group_class_batch_exam_subject_id`, `attendence`, `get_marks`, `note`, `is_active`, `created_at`, `updated_at`, `exam_group_student_id`) VALUES (3, 3, 1, 'present', '33.00', '', 0, '2022-02-04 10:04:37', NULL, NULL);
INSERT INTO `exam_group_exam_results` (`id`, `exam_group_class_batch_exam_student_id`, `exam_group_class_batch_exam_subject_id`, `attendence`, `get_marks`, `note`, `is_active`, `created_at`, `updated_at`, `exam_group_student_id`) VALUES (4, 4, 1, 'present', '50.00', '', 0, '2022-02-04 10:04:37', NULL, NULL);
INSERT INTO `exam_group_exam_results` (`id`, `exam_group_class_batch_exam_student_id`, `exam_group_class_batch_exam_subject_id`, `attendence`, `get_marks`, `note`, `is_active`, `created_at`, `updated_at`, `exam_group_student_id`) VALUES (5, 5, 1, 'absent', '0.00', '', 0, '2022-02-04 10:04:37', NULL, NULL);
INSERT INTO `exam_group_exam_results` (`id`, `exam_group_class_batch_exam_student_id`, `exam_group_class_batch_exam_subject_id`, `attendence`, `get_marks`, `note`, `is_active`, `created_at`, `updated_at`, `exam_group_student_id`) VALUES (6, 6, 2, 'present', '88.00', 'Awesome Performance', 0, '2022-02-04 10:07:37', NULL, NULL);
INSERT INTO `exam_group_exam_results` (`id`, `exam_group_class_batch_exam_student_id`, `exam_group_class_batch_exam_subject_id`, `attendence`, `get_marks`, `note`, `is_active`, `created_at`, `updated_at`, `exam_group_student_id`) VALUES (7, 7, 2, 'present', '39.00', 'Average Performance', 0, '2022-02-04 10:07:37', NULL, NULL);
INSERT INTO `exam_group_exam_results` (`id`, `exam_group_class_batch_exam_student_id`, `exam_group_class_batch_exam_subject_id`, `attendence`, `get_marks`, `note`, `is_active`, `created_at`, `updated_at`, `exam_group_student_id`) VALUES (8, 8, 2, 'present', '40.00', '', 0, '2022-02-04 10:05:08', NULL, NULL);
INSERT INTO `exam_group_exam_results` (`id`, `exam_group_class_batch_exam_student_id`, `exam_group_class_batch_exam_subject_id`, `attendence`, `get_marks`, `note`, `is_active`, `created_at`, `updated_at`, `exam_group_student_id`) VALUES (9, 9, 2, 'absent', '0.00', '', 0, '2022-02-04 10:05:08', NULL, NULL);
INSERT INTO `exam_group_exam_results` (`id`, `exam_group_class_batch_exam_student_id`, `exam_group_class_batch_exam_subject_id`, `attendence`, `get_marks`, `note`, `is_active`, `created_at`, `updated_at`, `exam_group_student_id`) VALUES (10, 10, 2, 'present', '95.00', '', 0, '2022-02-04 10:05:08', NULL, NULL);


#
# TABLE STRUCTURE FOR: exam_group_students
#

DROP TABLE IF EXISTS `exam_group_students`;

CREATE TABLE `exam_group_students` (
  `id` int(11) NOT NULL AUTO_INCREMENT,
  `exam_group_id` int(11) DEFAULT NULL,
  `student_id` int(11) DEFAULT NULL,
  `student_session_id` int(10) DEFAULT NULL,
  `is_active` int(11) DEFAULT 0,
  `created_at` timestamp NOT NULL DEFAULT current_timestamp() ON UPDATE current_timestamp(),
  `updated_at` date DEFAULT NULL,
  PRIMARY KEY (`id`),
  KEY `exam_group_id` (`exam_group_id`),
  KEY `student_id` (`student_id`)
) ENGINE=InnoDB DEFAULT CHARSET=utf8;

#
# TABLE STRUCTURE FOR: exam_groups
#

DROP TABLE IF EXISTS `exam_groups`;

CREATE TABLE `exam_groups` (
  `id` int(11) NOT NULL AUTO_INCREMENT,
  `name` varchar(250) DEFAULT NULL,
  `exam_type` varchar(250) DEFAULT NULL,
  `description` text DEFAULT NULL,
  `is_active` int(11) DEFAULT 1,
  `created_at` timestamp NOT NULL DEFAULT current_timestamp() ON UPDATE current_timestamp(),
  `updated_at` date DEFAULT NULL,
  PRIMARY KEY (`id`)
) ENGINE=InnoDB AUTO_INCREMENT=3 DEFAULT CHARSET=utf8;

INSERT INTO `exam_groups` (`id`, `name`, `exam_type`, `description`, `is_active`, `created_at`, `updated_at`) VALUES (1, 'First Exam', 'basic_system', '', 0, '2022-01-17 08:16:28', NULL);
INSERT INTO `exam_groups` (`id`, `name`, `exam_type`, `description`, `is_active`, `created_at`, `updated_at`) VALUES (2, 'Second Exam', 'school_grade_system', '', 0, '2022-01-17 08:18:43', NULL);


#
# TABLE STRUCTURE FOR: exam_results
#

DROP TABLE IF EXISTS `exam_results`;

CREATE TABLE `exam_results` (
  `id` int(11) NOT NULL AUTO_INCREMENT,
  `attendence` varchar(10) NOT NULL,
  `exam_schedule_id` int(11) DEFAULT NULL,
  `student_id` int(11) DEFAULT NULL,
  `get_marks` float(10,2) DEFAULT NULL,
  `note` text DEFAULT NULL,
  `is_active` varchar(255) DEFAULT 'no',
  `created_at` timestamp NOT NULL DEFAULT current_timestamp() ON UPDATE current_timestamp(),
  `updated_at` date DEFAULT NULL,
  PRIMARY KEY (`id`),
  KEY `exam_schedule_id` (`exam_schedule_id`),
  KEY `student_id` (`student_id`)
) ENGINE=InnoDB DEFAULT CHARSET=utf8;

#
# TABLE STRUCTURE FOR: exam_schedules
#

DROP TABLE IF EXISTS `exam_schedules`;

CREATE TABLE `exam_schedules` (
  `id` int(11) NOT NULL AUTO_INCREMENT,
  `session_id` int(11) NOT NULL,
  `exam_id` int(11) DEFAULT NULL,
  `teacher_subject_id` int(11) DEFAULT NULL,
  `date_of_exam` date DEFAULT NULL,
  `start_to` varchar(50) DEFAULT NULL,
  `end_from` varchar(50) DEFAULT NULL,
  `room_no` varchar(50) DEFAULT NULL,
  `full_marks` int(11) DEFAULT NULL,
  `passing_marks` int(11) DEFAULT NULL,
  `note` text DEFAULT NULL,
  `is_active` varchar(255) DEFAULT 'no',
  `created_at` timestamp NOT NULL DEFAULT current_timestamp() ON UPDATE current_timestamp(),
  `updated_at` date DEFAULT NULL,
  PRIMARY KEY (`id`),
  KEY `teacher_subject_id` (`teacher_subject_id`)
) ENGINE=InnoDB DEFAULT CHARSET=utf8;

#
# TABLE STRUCTURE FOR: exams
#

DROP TABLE IF EXISTS `exams`;

CREATE TABLE `exams` (
  `id` int(11) NOT NULL AUTO_INCREMENT,
  `name` varchar(200) DEFAULT NULL,
  `sesion_id` int(11) NOT NULL,
  `note` text DEFAULT NULL,
  `is_active` varchar(255) DEFAULT 'no',
  `created_at` timestamp NOT NULL DEFAULT current_timestamp() ON UPDATE current_timestamp(),
  `updated_at` date DEFAULT NULL,
  PRIMARY KEY (`id`)
) ENGINE=InnoDB DEFAULT CHARSET=utf8;

#
# TABLE STRUCTURE FOR: expense_head
#

DROP TABLE IF EXISTS `expense_head`;

CREATE TABLE `expense_head` (
  `id` int(11) NOT NULL AUTO_INCREMENT,
  `exp_category` varchar(50) DEFAULT NULL,
  `description` text DEFAULT NULL,
  `is_active` varchar(255) DEFAULT 'yes',
  `is_deleted` varchar(255) DEFAULT 'no',
  `created_at` timestamp NOT NULL DEFAULT current_timestamp() ON UPDATE current_timestamp(),
  `updated_at` date DEFAULT NULL,
  PRIMARY KEY (`id`)
) ENGINE=InnoDB DEFAULT CHARSET=utf8;

#
# TABLE STRUCTURE FOR: expenses
#

DROP TABLE IF EXISTS `expenses`;

CREATE TABLE `expenses` (
  `id` int(11) NOT NULL AUTO_INCREMENT,
  `exp_head_id` int(11) DEFAULT NULL,
  `name` varchar(50) DEFAULT NULL,
  `invoice_no` varchar(200) NOT NULL,
  `date` date DEFAULT NULL,
  `amount` float(10,2) DEFAULT NULL,
  `documents` varchar(255) DEFAULT NULL,
  `note` text DEFAULT NULL,
  `is_active` varchar(255) DEFAULT 'yes',
  `is_deleted` varchar(255) DEFAULT 'no',
  `created_at` timestamp NOT NULL DEFAULT current_timestamp() ON UPDATE current_timestamp(),
  `updated_at` date DEFAULT NULL,
  PRIMARY KEY (`id`)
) ENGINE=InnoDB DEFAULT CHARSET=utf8;

#
# TABLE STRUCTURE FOR: fee_groups
#

DROP TABLE IF EXISTS `fee_groups`;

CREATE TABLE `fee_groups` (
  `id` int(11) NOT NULL AUTO_INCREMENT,
  `name` varchar(200) DEFAULT NULL,
  `is_system` int(1) NOT NULL DEFAULT 0,
  `description` text DEFAULT NULL,
  `is_active` varchar(10) NOT NULL DEFAULT 'no',
  `created_at` timestamp NOT NULL DEFAULT current_timestamp() ON UPDATE current_timestamp(),
  PRIMARY KEY (`id`)
) ENGINE=InnoDB AUTO_INCREMENT=3 DEFAULT CHARSET=utf8;

INSERT INTO `fee_groups` (`id`, `name`, `is_system`, `description`, `is_active`, `created_at`) VALUES (1, 'LKG-FEE', 0, 'LKG-FEE', 'no', '2022-01-13 14:23:14');
INSERT INTO `fee_groups` (`id`, `name`, `is_system`, `description`, `is_active`, `created_at`) VALUES (2, 'Balance Master', 1, NULL, 'no', '2022-02-04 08:38:18');


#
# TABLE STRUCTURE FOR: fee_groups_feetype
#

DROP TABLE IF EXISTS `fee_groups_feetype`;

CREATE TABLE `fee_groups_feetype` (
  `id` int(11) NOT NULL AUTO_INCREMENT,
  `fee_session_group_id` int(11) DEFAULT NULL,
  `fee_groups_id` int(11) DEFAULT NULL,
  `feetype_id` int(11) DEFAULT NULL,
  `session_id` int(11) DEFAULT NULL,
  `amount` decimal(10,2) DEFAULT NULL,
  `fine_type` varchar(50) NOT NULL DEFAULT 'none',
  `due_date` date DEFAULT NULL,
  `fine_percentage` float(10,2) NOT NULL DEFAULT 0.00,
  `fine_amount` float(10,2) NOT NULL DEFAULT 0.00,
  `is_active` varchar(10) NOT NULL DEFAULT 'no',
  `created_at` timestamp NOT NULL DEFAULT current_timestamp() ON UPDATE current_timestamp(),
  PRIMARY KEY (`id`),
  KEY `fee_session_group_id` (`fee_session_group_id`),
  KEY `fee_groups_id` (`fee_groups_id`),
  KEY `feetype_id` (`feetype_id`),
  KEY `session_id` (`session_id`)
) ENGINE=InnoDB AUTO_INCREMENT=5 DEFAULT CHARSET=utf8;

INSERT INTO `fee_groups_feetype` (`id`, `fee_session_group_id`, `fee_groups_id`, `feetype_id`, `session_id`, `amount`, `fine_type`, `due_date`, `fine_percentage`, `fine_amount`, `is_active`, `created_at`) VALUES (1, 1, 1, 1, 16, '3500.00', 'percentage', '2022-01-30', '20.00', '700.00', 'no', '2022-01-13 14:23:55');
INSERT INTO `fee_groups_feetype` (`id`, `fee_session_group_id`, `fee_groups_id`, `feetype_id`, `session_id`, `amount`, `fine_type`, `due_date`, `fine_percentage`, `fine_amount`, `is_active`, `created_at`) VALUES (2, 2, 2, 2, 16, NULL, 'none', '2022-04-05', '0.00', '0.00', 'no', '2022-02-04 08:38:18');
INSERT INTO `fee_groups_feetype` (`id`, `fee_session_group_id`, `fee_groups_id`, `feetype_id`, `session_id`, `amount`, `fine_type`, `due_date`, `fine_percentage`, `fine_amount`, `is_active`, `created_at`) VALUES (3, 1, 1, 4, 16, '5000.00', 'none', '2022-02-15', '0.00', '0.00', 'no', '2022-02-04 08:54:33');
INSERT INTO `fee_groups_feetype` (`id`, `fee_session_group_id`, `fee_groups_id`, `feetype_id`, `session_id`, `amount`, `fine_type`, `due_date`, `fine_percentage`, `fine_amount`, `is_active`, `created_at`) VALUES (4, 1, 1, 5, 16, '10000.00', 'none', '2022-02-15', '0.00', '0.00', 'no', '2022-02-04 08:54:52');


#
# TABLE STRUCTURE FOR: fee_receipt_no
#

DROP TABLE IF EXISTS `fee_receipt_no`;

CREATE TABLE `fee_receipt_no` (
  `id` int(11) NOT NULL AUTO_INCREMENT,
  `payment` int(11) NOT NULL,
  PRIMARY KEY (`id`)
) ENGINE=InnoDB DEFAULT CHARSET=utf8;

#
# TABLE STRUCTURE FOR: fee_session_groups
#

DROP TABLE IF EXISTS `fee_session_groups`;

CREATE TABLE `fee_session_groups` (
  `id` int(11) NOT NULL AUTO_INCREMENT,
  `fee_groups_id` int(11) DEFAULT NULL,
  `session_id` int(11) DEFAULT NULL,
  `is_active` varchar(10) NOT NULL DEFAULT 'no',
  `created_at` timestamp NOT NULL DEFAULT current_timestamp() ON UPDATE current_timestamp(),
  PRIMARY KEY (`id`),
  KEY `fee_groups_id` (`fee_groups_id`),
  KEY `session_id` (`session_id`)
) ENGINE=InnoDB AUTO_INCREMENT=3 DEFAULT CHARSET=utf8;

INSERT INTO `fee_session_groups` (`id`, `fee_groups_id`, `session_id`, `is_active`, `created_at`) VALUES (1, 1, 16, 'no', '2022-01-13 14:23:55');
INSERT INTO `fee_session_groups` (`id`, `fee_groups_id`, `session_id`, `is_active`, `created_at`) VALUES (2, 2, 16, 'no', '2022-02-04 08:38:18');


#
# TABLE STRUCTURE FOR: feecategory
#

DROP TABLE IF EXISTS `feecategory`;

CREATE TABLE `feecategory` (
  `id` int(11) NOT NULL AUTO_INCREMENT,
  `category` varchar(50) DEFAULT NULL,
  `is_active` varchar(255) DEFAULT 'no',
  `created_at` timestamp NOT NULL DEFAULT current_timestamp() ON UPDATE current_timestamp(),
  `updated_at` date DEFAULT NULL,
  PRIMARY KEY (`id`)
) ENGINE=InnoDB DEFAULT CHARSET=utf8;

#
# TABLE STRUCTURE FOR: feemasters
#

DROP TABLE IF EXISTS `feemasters`;

CREATE TABLE `feemasters` (
  `id` int(11) NOT NULL AUTO_INCREMENT,
  `session_id` int(11) DEFAULT NULL,
  `feetype_id` int(11) NOT NULL,
  `class_id` int(11) DEFAULT NULL,
  `amount` float(10,2) DEFAULT NULL,
  `description` text DEFAULT NULL,
  `is_active` varchar(255) DEFAULT 'no',
  `created_at` timestamp NOT NULL DEFAULT current_timestamp() ON UPDATE current_timestamp(),
  `updated_at` date DEFAULT NULL,
  PRIMARY KEY (`id`)
) ENGINE=InnoDB DEFAULT CHARSET=utf8;

#
# TABLE STRUCTURE FOR: fees_discounts
#

DROP TABLE IF EXISTS `fees_discounts`;

CREATE TABLE `fees_discounts` (
  `id` int(11) NOT NULL AUTO_INCREMENT,
  `session_id` int(11) DEFAULT NULL,
  `name` varchar(100) DEFAULT NULL,
  `code` varchar(100) DEFAULT NULL,
  `amount` decimal(10,2) DEFAULT NULL,
  `description` text DEFAULT NULL,
  `is_active` varchar(10) NOT NULL DEFAULT 'no',
  `created_at` timestamp NOT NULL DEFAULT current_timestamp() ON UPDATE current_timestamp(),
  PRIMARY KEY (`id`),
  KEY `session_id` (`session_id`)
) ENGINE=InnoDB DEFAULT CHARSET=utf8;

#
# TABLE STRUCTURE FOR: fees_reminder
#

DROP TABLE IF EXISTS `fees_reminder`;

CREATE TABLE `fees_reminder` (
  `id` int(11) NOT NULL AUTO_INCREMENT,
  `reminder_type` varchar(10) DEFAULT NULL,
  `day` int(2) DEFAULT NULL,
  `is_active` int(1) DEFAULT 0,
  `created_at` timestamp NOT NULL DEFAULT current_timestamp() ON UPDATE current_timestamp(),
  `updated_at` date DEFAULT NULL,
  PRIMARY KEY (`id`)
) ENGINE=InnoDB AUTO_INCREMENT=5 DEFAULT CHARSET=utf8;

INSERT INTO `fees_reminder` (`id`, `reminder_type`, `day`, `is_active`, `created_at`, `updated_at`) VALUES (1, 'before', 2, 1, '2022-02-04 08:42:44', NULL);
INSERT INTO `fees_reminder` (`id`, `reminder_type`, `day`, `is_active`, `created_at`, `updated_at`) VALUES (2, 'before', 5, 1, '2022-02-04 08:42:44', NULL);
INSERT INTO `fees_reminder` (`id`, `reminder_type`, `day`, `is_active`, `created_at`, `updated_at`) VALUES (3, 'after', 2, 1, '2022-02-04 08:42:44', NULL);
INSERT INTO `fees_reminder` (`id`, `reminder_type`, `day`, `is_active`, `created_at`, `updated_at`) VALUES (4, 'after', 5, 1, '2022-02-04 08:42:44', NULL);


#
# TABLE STRUCTURE FOR: feetype
#

DROP TABLE IF EXISTS `feetype`;

CREATE TABLE `feetype` (
  `id` int(11) NOT NULL AUTO_INCREMENT,
  `is_system` int(1) NOT NULL DEFAULT 0,
  `feecategory_id` int(11) DEFAULT NULL,
  `type` varchar(50) DEFAULT NULL,
  `code` varchar(100) NOT NULL,
  `is_active` varchar(255) DEFAULT 'no',
  `created_at` timestamp NOT NULL DEFAULT current_timestamp() ON UPDATE current_timestamp(),
  `updated_at` date DEFAULT NULL,
  `description` text NOT NULL,
  PRIMARY KEY (`id`)
) ENGINE=InnoDB AUTO_INCREMENT=6 DEFAULT CHARSET=utf8;

INSERT INTO `feetype` (`id`, `is_system`, `feecategory_id`, `type`, `code`, `is_active`, `created_at`, `updated_at`, `description`) VALUES (1, 0, NULL, 'LKG Feb', 'LKG-FEB', 'no', '2022-02-04 08:48:33', NULL, 'LKG-FEB');
INSERT INTO `feetype` (`id`, `is_system`, `feecategory_id`, `type`, `code`, `is_active`, `created_at`, `updated_at`, `description`) VALUES (2, 1, NULL, 'Previous Session Balance', 'Previous Session Balance', 'no', '2022-02-04 08:38:18', NULL, '');
INSERT INTO `feetype` (`id`, `is_system`, `feecategory_id`, `type`, `code`, `is_active`, `created_at`, `updated_at`, `description`) VALUES (3, 0, NULL, 'LKG March', 'LKG-MARCH', 'no', '2022-02-04 08:50:34', NULL, 'LKG MARCH');
INSERT INTO `feetype` (`id`, `is_system`, `feecategory_id`, `type`, `code`, `is_active`, `created_at`, `updated_at`, `description`) VALUES (4, 0, NULL, 'LKG Exam', 'LKG-EXAM', 'no', '2022-02-04 08:50:58', NULL, 'LKG EXAM FEE');
INSERT INTO `feetype` (`id`, `is_system`, `feecategory_id`, `type`, `code`, `is_active`, `created_at`, `updated_at`, `description`) VALUES (5, 0, NULL, 'Admission Fee', 'Admission-Fee', 'no', '2022-02-04 08:51:28', NULL, 'Admission Fee');


#
# TABLE STRUCTURE FOR: filetypes
#

DROP TABLE IF EXISTS `filetypes`;

CREATE TABLE `filetypes` (
  `id` int(11) NOT NULL AUTO_INCREMENT,
  `file_extension` text DEFAULT NULL,
  `file_mime` text DEFAULT NULL,
  `file_size` int(11) NOT NULL,
  `image_extension` text DEFAULT NULL,
  `image_mime` text DEFAULT NULL,
  `image_size` int(11) NOT NULL,
  `created_at` timestamp NOT NULL DEFAULT current_timestamp() ON UPDATE current_timestamp(),
  PRIMARY KEY (`id`)
) ENGINE=InnoDB AUTO_INCREMENT=2 DEFAULT CHARSET=utf8;

INSERT INTO `filetypes` (`id`, `file_extension`, `file_mime`, `file_size`, `image_extension`, `image_mime`, `image_size`, `created_at`) VALUES (1, 'pdf, zip, jpg, jpeg, png, txt, 7z, gif, csv, docx, mp3, mp4, accdb, odt, ods, ppt, pptx, xlsx, wmv, jfif, apk, ppt, bmp, jpe, mdb, rar, xls, svg', 'application/pdf, image/zip, image/jpg, image/png, image/jpeg, text/plain, application/x-zip-compressed, application/zip, image/gif, text/csv, application/vnd.openxmlformats-officedocument.wordprocessingml.document, audio/mpeg, application/msaccess, application/vnd.oasis.opendocument.text, application/vnd.oasis.opendocument.spreadsheet, application/vnd.ms-powerpoint, application/vnd.openxmlformats-officedocument.presentationml.presentation, application/vnd.openxmlformats-officedocument.spreadsheetml.sheet, video/x-ms-wmv, video/mp4, image/jpeg, application/vnd.android.package-archive, application/x-msdownload, application/vnd.ms-powerpoint, image/bmp, image/jpeg, application/msaccess, application/vnd.ms-excel, image/svg+xml', 1000485760, 'jfif, png, jpe, jpeg, jpg, bmp, gif, svg', 'image/jpeg, image/png, image/jpeg, image/jpeg, image/bmp, image/gif, image/x-ms-bmp, image/svg+xml', 100485760, '2021-12-14 10:29:01');


#
# TABLE STRUCTURE FOR: follow_up
#

DROP TABLE IF EXISTS `follow_up`;

CREATE TABLE `follow_up` (
  `id` int(11) NOT NULL AUTO_INCREMENT,
  `enquiry_id` int(11) NOT NULL,
  `date` date NOT NULL,
  `next_date` date NOT NULL,
  `response` text NOT NULL,
  `note` text NOT NULL,
  `followup_by` varchar(200) NOT NULL,
  PRIMARY KEY (`id`)
) ENGINE=InnoDB DEFAULT CHARSET=utf8;

#
# TABLE STRUCTURE FOR: front_cms_media_gallery
#

DROP TABLE IF EXISTS `front_cms_media_gallery`;

CREATE TABLE `front_cms_media_gallery` (
  `id` int(11) NOT NULL AUTO_INCREMENT,
  `image` varchar(300) DEFAULT NULL,
  `thumb_path` varchar(300) DEFAULT NULL,
  `dir_path` varchar(300) DEFAULT NULL,
  `img_name` varchar(300) DEFAULT NULL,
  `thumb_name` varchar(300) DEFAULT NULL,
  `created_at` timestamp NOT NULL DEFAULT current_timestamp() ON UPDATE current_timestamp(),
  `file_type` varchar(100) NOT NULL,
  `file_size` varchar(100) NOT NULL,
  `vid_url` text NOT NULL,
  `vid_title` varchar(250) NOT NULL,
  PRIMARY KEY (`id`)
) ENGINE=InnoDB DEFAULT CHARSET=utf8;

#
# TABLE STRUCTURE FOR: front_cms_menu_items
#

DROP TABLE IF EXISTS `front_cms_menu_items`;

CREATE TABLE `front_cms_menu_items` (
  `id` int(11) NOT NULL AUTO_INCREMENT,
  `menu_id` int(11) NOT NULL,
  `menu` varchar(100) DEFAULT NULL,
  `page_id` int(11) NOT NULL,
  `parent_id` int(11) NOT NULL,
  `ext_url` text DEFAULT NULL,
  `open_new_tab` int(11) DEFAULT 0,
  `ext_url_link` text DEFAULT NULL,
  `slug` varchar(200) DEFAULT NULL,
  `weight` int(11) DEFAULT NULL,
  `publish` int(11) NOT NULL DEFAULT 0,
  `description` text DEFAULT NULL,
  `is_active` varchar(10) DEFAULT 'no',
  `created_at` timestamp NOT NULL DEFAULT current_timestamp() ON UPDATE current_timestamp(),
  PRIMARY KEY (`id`)
) ENGINE=InnoDB AUTO_INCREMENT=5 DEFAULT CHARSET=utf8;

INSERT INTO `front_cms_menu_items` (`id`, `menu_id`, `menu`, `page_id`, `parent_id`, `ext_url`, `open_new_tab`, `ext_url_link`, `slug`, `weight`, `publish`, `description`, `is_active`, `created_at`) VALUES (1, 1, 'Home', 1, 0, NULL, NULL, NULL, 'home', 1, 0, NULL, 'no', '2019-12-02 22:11:50');
INSERT INTO `front_cms_menu_items` (`id`, `menu_id`, `menu`, `page_id`, `parent_id`, `ext_url`, `open_new_tab`, `ext_url_link`, `slug`, `weight`, `publish`, `description`, `is_active`, `created_at`) VALUES (2, 1, 'Contact Us', 76, 0, NULL, NULL, NULL, 'contact-us', 4, 0, NULL, 'no', '2019-12-02 22:11:52');
INSERT INTO `front_cms_menu_items` (`id`, `menu_id`, `menu`, `page_id`, `parent_id`, `ext_url`, `open_new_tab`, `ext_url_link`, `slug`, `weight`, `publish`, `description`, `is_active`, `created_at`) VALUES (3, 1, 'Complain', 2, 0, NULL, NULL, NULL, 'complain', 3, 0, NULL, 'no', '2019-12-02 22:11:52');
INSERT INTO `front_cms_menu_items` (`id`, `menu_id`, `menu`, `page_id`, `parent_id`, `ext_url`, `open_new_tab`, `ext_url_link`, `slug`, `weight`, `publish`, `description`, `is_active`, `created_at`) VALUES (4, 1, 'Online Registration', 0, 0, '1', NULL, 'http://dps.smartschool.one/online_admission', 'online-registration', 2, 0, NULL, 'no', '2022-02-07 10:15:34');


#
# TABLE STRUCTURE FOR: front_cms_menus
#

DROP TABLE IF EXISTS `front_cms_menus`;

CREATE TABLE `front_cms_menus` (
  `id` int(11) NOT NULL AUTO_INCREMENT,
  `menu` varchar(100) DEFAULT NULL,
  `slug` varchar(200) DEFAULT NULL,
  `description` text DEFAULT NULL,
  `open_new_tab` int(10) NOT NULL DEFAULT 0,
  `ext_url` text NOT NULL,
  `ext_url_link` text NOT NULL,
  `publish` int(11) NOT NULL DEFAULT 0,
  `content_type` varchar(10) NOT NULL DEFAULT 'manual',
  `is_active` varchar(10) DEFAULT 'no',
  `created_at` timestamp NOT NULL DEFAULT current_timestamp() ON UPDATE current_timestamp(),
  PRIMARY KEY (`id`)
) ENGINE=InnoDB AUTO_INCREMENT=3 DEFAULT CHARSET=utf8;

INSERT INTO `front_cms_menus` (`id`, `menu`, `slug`, `description`, `open_new_tab`, `ext_url`, `ext_url_link`, `publish`, `content_type`, `is_active`, `created_at`) VALUES (1, 'Main Menu', 'main-menu', 'Main menu', 0, '', '', 0, 'default', 'no', '2018-04-20 14:54:49');
INSERT INTO `front_cms_menus` (`id`, `menu`, `slug`, `description`, `open_new_tab`, `ext_url`, `ext_url_link`, `publish`, `content_type`, `is_active`, `created_at`) VALUES (2, 'Bottom Menu', 'bottom-menu', 'Bottom Menu', 0, '', '', 0, 'default', 'no', '2018-04-20 14:54:55');


#
# TABLE STRUCTURE FOR: front_cms_page_contents
#

DROP TABLE IF EXISTS `front_cms_page_contents`;

CREATE TABLE `front_cms_page_contents` (
  `id` int(11) NOT NULL AUTO_INCREMENT,
  `page_id` int(11) DEFAULT NULL,
  `content_type` varchar(50) DEFAULT NULL,
  `created_at` timestamp NOT NULL DEFAULT current_timestamp() ON UPDATE current_timestamp(),
  PRIMARY KEY (`id`),
  KEY `page_id` (`page_id`)
) ENGINE=InnoDB DEFAULT CHARSET=utf8;

#
# TABLE STRUCTURE FOR: front_cms_pages
#

DROP TABLE IF EXISTS `front_cms_pages`;

CREATE TABLE `front_cms_pages` (
  `id` int(11) NOT NULL AUTO_INCREMENT,
  `page_type` varchar(10) NOT NULL DEFAULT 'manual',
  `is_homepage` int(1) DEFAULT 0,
  `title` varchar(250) DEFAULT NULL,
  `url` varchar(250) DEFAULT NULL,
  `type` varchar(50) DEFAULT NULL,
  `slug` varchar(200) DEFAULT NULL,
  `meta_title` text DEFAULT NULL,
  `meta_description` text DEFAULT NULL,
  `meta_keyword` text DEFAULT NULL,
  `feature_image` varchar(200) NOT NULL,
  `description` longtext DEFAULT NULL,
  `publish_date` date NOT NULL,
  `publish` int(10) DEFAULT 0,
  `sidebar` int(10) DEFAULT 0,
  `is_active` varchar(10) DEFAULT 'no',
  `created_at` timestamp NOT NULL DEFAULT current_timestamp() ON UPDATE current_timestamp(),
  PRIMARY KEY (`id`)
) ENGINE=InnoDB AUTO_INCREMENT=5 DEFAULT CHARSET=utf8;

INSERT INTO `front_cms_pages` (`id`, `page_type`, `is_homepage`, `title`, `url`, `type`, `slug`, `meta_title`, `meta_description`, `meta_keyword`, `feature_image`, `description`, `publish_date`, `publish`, `sidebar`, `is_active`, `created_at`) VALUES (1, 'default', 1, 'Home', 'page/home', 'page', 'home', '', '', '', '', '<p>home page</p>', '0000-00-00', 1, NULL, 'no', '2019-12-02 15:23:47');
INSERT INTO `front_cms_pages` (`id`, `page_type`, `is_homepage`, `title`, `url`, `type`, `slug`, `meta_title`, `meta_description`, `meta_keyword`, `feature_image`, `description`, `publish_date`, `publish`, `sidebar`, `is_active`, `created_at`) VALUES (2, 'default', 0, 'Complain', 'page/complain', 'page', 'complain', 'Complain form', '                                                                                                                                                                                    complain form                                                                                                                                                                                                                                ', 'complain form', '', '<p>[form-builder:complain]</p>', '0000-00-00', 1, NULL, 'no', '2019-11-13 10:16:36');
INSERT INTO `front_cms_pages` (`id`, `page_type`, `is_homepage`, `title`, `url`, `type`, `slug`, `meta_title`, `meta_description`, `meta_keyword`, `feature_image`, `description`, `publish_date`, `publish`, `sidebar`, `is_active`, `created_at`) VALUES (3, 'default', 0, '404 page', 'page/404-page', 'page', '404-page', '', '                                ', '', '', '<html>\r\n<head>\r\n <title></title>\r\n</head>\r\n<body>\r\n<p>404 page found</p>\r\n</body>\r\n</html>', '0000-00-00', 0, NULL, 'no', '2018-05-18 14:46:04');
INSERT INTO `front_cms_pages` (`id`, `page_type`, `is_homepage`, `title`, `url`, `type`, `slug`, `meta_title`, `meta_description`, `meta_keyword`, `feature_image`, `description`, `publish_date`, `publish`, `sidebar`, `is_active`, `created_at`) VALUES (4, 'default', 0, 'Contact us', 'page/contact-us', 'page', 'contact-us', '', '', '', '', '<section class=\"contact\">\r\n<div class=\"container\">\r\n<div class=\"row\">\r\n<h2 class=\"col-md-12 col-sm-12\">Send In Your Query</h2>\r\n\r\n<p>&nbsp;</p>\r\n\r\n<div class=\"col-md-12 col-sm-12\">[form-builder:contact_us]<!--./row--></div>\r\n<!--./col-md-12--></div>\r\n<!--./row--></div>\r\n<!--./container--></section>\r\n\r\n<div class=\"col-md-4 col-sm-4\">\r\n<div class=\"contact-item\"><img src=\"http://192.168.1.81/repos/smartschool/uploads/gallery/media/pin.svg\" />\r\n<h3>Our Location</h3>\r\n\r\n<p>350 Fifth Avenue, 34th floor New York NY 10118-3299 USA</p>\r\n</div>\r\n<!--./contact-item--></div>\r\n<!--./col-md-4-->\r\n\r\n<div class=\"col-md-4 col-sm-4\">\r\n<div class=\"contact-item\"><img src=\"http://192.168.1.81/repos/smartschool/uploads/gallery/media/phone.svg\" />\r\n<h3>CALL US</h3>\r\n\r\n<p>E-mail : info@abcschool.com</p>\r\n\r\n<p>Mobile : +91-9009987654</p>\r\n</div>\r\n<!--./contact-item--></div>\r\n<!--./col-md-4-->\r\n\r\n<div class=\"col-md-4 col-sm-4\">\r\n<div class=\"contact-item\"><img src=\"http://192.168.1.81/repos/smartschool/uploads/gallery/media/clock.svg\" />\r\n<h3>Working Hours</h3>\r\n\r\n<p>Mon-Fri : 9 am to 5 pm</p>\r\n\r\n<p>Sat : 9 am to 3 pm</p>\r\n</div>\r\n<!--./contact-item--></div>\r\n<!--./col-md-4-->\r\n\r\n<div class=\"col-md-12 col-sm-12\">\r\n<div class=\"mapWrapper fullwidth\"><iframe frameborder=\"0\" height=\"500\" marginheight=\"0\" marginwidth=\"0\" scrolling=\"no\" src=\"http://maps.google.com/maps?f=q&source=s_q&hl=EN&q=time+square&aq=&sll=40.716558,-73.931122&sspn=0.40438,1.056747&ie=UTF8&rq=1&ev=p&split=1&radius=33.22&hq=time+square&hnear=&ll=37.061753,-95.677185&spn=0.438347,0.769043&z=9&output=embed\" width=\"100%\"></iframe></div>\r\n</div>', '0000-00-00', 0, NULL, 'no', '2019-05-04 15:46:41');


#
# TABLE STRUCTURE FOR: front_cms_program_photos
#

DROP TABLE IF EXISTS `front_cms_program_photos`;

CREATE TABLE `front_cms_program_photos` (
  `id` int(11) NOT NULL AUTO_INCREMENT,
  `program_id` int(11) DEFAULT NULL,
  `media_gallery_id` int(11) NOT NULL,
  `created_at` timestamp NOT NULL DEFAULT current_timestamp() ON UPDATE current_timestamp(),
  PRIMARY KEY (`id`),
  KEY `program_id` (`program_id`)
) ENGINE=InnoDB DEFAULT CHARSET=utf8;

#
# TABLE STRUCTURE FOR: front_cms_programs
#

DROP TABLE IF EXISTS `front_cms_programs`;

CREATE TABLE `front_cms_programs` (
  `id` int(11) NOT NULL AUTO_INCREMENT,
  `type` varchar(50) DEFAULT NULL,
  `slug` varchar(255) DEFAULT NULL,
  `url` text DEFAULT NULL,
  `title` varchar(200) DEFAULT NULL,
  `date` date DEFAULT NULL,
  `event_start` date DEFAULT NULL,
  `event_end` date DEFAULT NULL,
  `event_venue` text DEFAULT NULL,
  `description` text DEFAULT NULL,
  `is_active` varchar(10) DEFAULT 'no',
  `created_at` timestamp NOT NULL DEFAULT current_timestamp() ON UPDATE current_timestamp(),
  `meta_title` text NOT NULL,
  `meta_description` text NOT NULL,
  `meta_keyword` text NOT NULL,
  `feature_image` text NOT NULL,
  `publish_date` date NOT NULL,
  `publish` varchar(10) DEFAULT '0',
  `sidebar` int(10) DEFAULT 0,
  PRIMARY KEY (`id`)
) ENGINE=InnoDB AUTO_INCREMENT=12 DEFAULT CHARSET=utf8;

INSERT INTO `front_cms_programs` (`id`, `type`, `slug`, `url`, `title`, `date`, `event_start`, `event_end`, `event_venue`, `description`, `is_active`, `created_at`, `meta_title`, `meta_description`, `meta_keyword`, `feature_image`, `publish_date`, `publish`, `sidebar`) VALUES (4, 'notice', 'seminar-on-homework-best-practices', 'read/seminar-on-homework-best-practices', 'Seminar on Homework Best Practices.', '2022-01-06', NULL, NULL, NULL, '<h4 style=\"box-sizing: border-box; font-family: Roboto, sans-serif; line-height: normal; margin-top: 10px; margin-bottom: 10px; font-size: 18px;\">Seminar on Homework Best Practices.</h4>', 'no', '2022-01-06 11:42:01', '', '', '', '', '0000-00-00', '0', NULL);
INSERT INTO `front_cms_programs` (`id`, `type`, `slug`, `url`, `title`, `date`, `event_start`, `event_end`, `event_venue`, `description`, `is_active`, `created_at`, `meta_title`, `meta_description`, `meta_keyword`, `feature_image`, `publish_date`, `publish`, `sidebar`) VALUES (6, 'notice', 'omicron-news', 'read/omicron-news', 'Omicron News', '2022-01-06', NULL, NULL, NULL, '<p><a font-size:=\"\" helvetica=\"\" href=\"https://dps.smartschool.one/admin/front/notice#\" sans=\"\" source=\"\" style=\"box-sizing: border-box; color: rgb(0, 132, 180); text-decoration-line: none; transition: color 250ms ease-in-out 0s, background-color 250ms ease-in-out 0s; position: relative; overflow: hidden; display: table; font-family: Roboto, \">School Will be Closed till 14/01/2022</a></p>', 'no', '2022-01-06 11:45:34', '', '', '', '', '0000-00-00', '0', NULL);
INSERT INTO `front_cms_programs` (`id`, `type`, `slug`, `url`, `title`, `date`, `event_start`, `event_end`, `event_venue`, `description`, `is_active`, `created_at`, `meta_title`, `meta_description`, `meta_keyword`, `feature_image`, `publish_date`, `publish`, `sidebar`) VALUES (7, 'events', 'first-event', 'read/first-event', 'First Event', NULL, '2022-01-06', '2022-01-06', 'Noida', '<p>Today Event</p>', 'no', '2022-01-06 11:52:33', '', '', '', '', '0000-00-00', '0', NULL);
INSERT INTO `front_cms_programs` (`id`, `type`, `slug`, `url`, `title`, `date`, `event_start`, `event_end`, `event_venue`, `description`, `is_active`, `created_at`, `meta_title`, `meta_description`, `meta_keyword`, `feature_image`, `publish_date`, `publish`, `sidebar`) VALUES (8, 'events', 'new-event', 'read/new-event', 'New Event', NULL, '2022-01-06', '2022-01-06', 'Delhi', '<p>Delhi Event</p>', 'no', '2022-01-06 11:53:49', '', '', '', '', '0000-00-00', '0', NULL);
INSERT INTO `front_cms_programs` (`id`, `type`, `slug`, `url`, `title`, `date`, `event_start`, `event_end`, `event_venue`, `description`, `is_active`, `created_at`, `meta_title`, `meta_description`, `meta_keyword`, `feature_image`, `publish_date`, `publish`, `sidebar`) VALUES (11, 'notice', 'today-news', 'read/today-news', 'Today News', '2022-01-06', NULL, NULL, NULL, '<p>Today News</p>', 'no', '2022-01-06 11:56:12', '', '', '', '', '0000-00-00', '0', NULL);


#
# TABLE STRUCTURE FOR: front_cms_settings
#

DROP TABLE IF EXISTS `front_cms_settings`;

CREATE TABLE `front_cms_settings` (
  `id` int(11) NOT NULL AUTO_INCREMENT,
  `theme` varchar(50) DEFAULT NULL,
  `is_active_rtl` int(10) DEFAULT 0,
  `is_active_front_cms` int(11) DEFAULT 0,
  `is_active_sidebar` int(1) DEFAULT 0,
  `logo` varchar(200) DEFAULT NULL,
  `contact_us_email` varchar(100) DEFAULT NULL,
  `complain_form_email` varchar(100) DEFAULT NULL,
  `sidebar_options` text NOT NULL,
  `whatsapp_url` varchar(255) NOT NULL,
  `fb_url` varchar(200) NOT NULL,
  `twitter_url` varchar(200) NOT NULL,
  `youtube_url` varchar(200) NOT NULL,
  `google_plus` varchar(200) NOT NULL,
  `instagram_url` varchar(200) NOT NULL,
  `pinterest_url` varchar(200) NOT NULL,
  `linkedin_url` varchar(200) NOT NULL,
  `google_analytics` text DEFAULT NULL,
  `footer_text` varchar(500) DEFAULT NULL,
  `cookie_consent` varchar(255) NOT NULL,
  `fav_icon` varchar(250) DEFAULT NULL,
  `created_at` timestamp NOT NULL DEFAULT current_timestamp() ON UPDATE current_timestamp(),
  PRIMARY KEY (`id`)
) ENGINE=InnoDB AUTO_INCREMENT=2 DEFAULT CHARSET=utf8;

INSERT INTO `front_cms_settings` (`id`, `theme`, `is_active_rtl`, `is_active_front_cms`, `is_active_sidebar`, `logo`, `contact_us_email`, `complain_form_email`, `sidebar_options`, `whatsapp_url`, `fb_url`, `twitter_url`, `youtube_url`, `google_plus`, `instagram_url`, `pinterest_url`, `linkedin_url`, `google_analytics`, `footer_text`, `cookie_consent`, `fav_icon`, `created_at`) VALUES (1, 'material_pink', NULL, 1, NULL, NULL, '', '', '[\"news\",\"complain\"]', '', '', '', '', '', '', '', '', '', '', '', '', '2022-02-07 10:10:50');


#
# TABLE STRUCTURE FOR: general_calls
#

DROP TABLE IF EXISTS `general_calls`;

CREATE TABLE `general_calls` (
  `id` int(11) NOT NULL AUTO_INCREMENT,
  `name` varchar(100) NOT NULL,
  `contact` varchar(12) NOT NULL,
  `date` date NOT NULL,
  `description` varchar(500) NOT NULL,
  `follow_up_date` date NOT NULL,
  `call_dureation` varchar(50) NOT NULL,
  `note` text NOT NULL,
  `call_type` varchar(20) NOT NULL,
  PRIMARY KEY (`id`)
) ENGINE=InnoDB AUTO_INCREMENT=2 DEFAULT CHARSET=utf8;

INSERT INTO `general_calls` (`id`, `name`, `contact`, `date`, `description`, `follow_up_date`, `call_dureation`, `note`, `call_type`) VALUES (1, 'Radhe', '8882033199', '2021-12-09', '', '2021-12-02', '6', '', 'Outgoing');


#
# TABLE STRUCTURE FOR: grades
#

DROP TABLE IF EXISTS `grades`;

CREATE TABLE `grades` (
  `id` int(11) NOT NULL AUTO_INCREMENT,
  `exam_type` varchar(250) DEFAULT NULL,
  `name` varchar(100) DEFAULT NULL,
  `point` float(10,1) DEFAULT NULL,
  `mark_from` float(10,2) DEFAULT NULL,
  `mark_upto` float(10,2) DEFAULT NULL,
  `description` text DEFAULT NULL,
  `is_active` varchar(255) DEFAULT 'no',
  `created_at` timestamp NOT NULL DEFAULT current_timestamp() ON UPDATE current_timestamp(),
  `updated_at` date DEFAULT NULL,
  PRIMARY KEY (`id`)
) ENGINE=InnoDB AUTO_INCREMENT=2 DEFAULT CHARSET=utf8;

INSERT INTO `grades` (`id`, `exam_type`, `name`, `point`, `mark_from`, `mark_upto`, `description`, `is_active`, `created_at`, `updated_at`) VALUES (1, 'gpa', 'First Grade', '60.0', '60.00', '40.00', '', 'no', '2022-01-17 08:26:29', NULL);


#
# TABLE STRUCTURE FOR: homework
#

DROP TABLE IF EXISTS `homework`;

CREATE TABLE `homework` (
  `id` int(11) NOT NULL AUTO_INCREMENT,
  `class_id` int(11) NOT NULL,
  `section_id` int(11) NOT NULL,
  `session_id` int(10) NOT NULL,
  `homework_date` date NOT NULL,
  `submit_date` date NOT NULL,
  `staff_id` int(11) NOT NULL,
  `subject_group_subject_id` int(11) DEFAULT NULL,
  `subject_id` int(11) NOT NULL,
  `description` text DEFAULT NULL,
  `create_date` date NOT NULL,
  `evaluation_date` date NOT NULL,
  `document` varchar(200) NOT NULL,
  `created_by` int(11) NOT NULL,
  `evaluated_by` int(11) NOT NULL,
  PRIMARY KEY (`id`),
  KEY `subject_group_subject_id` (`subject_group_subject_id`)
) ENGINE=InnoDB AUTO_INCREMENT=2 DEFAULT CHARSET=utf8;

INSERT INTO `homework` (`id`, `class_id`, `section_id`, `session_id`, `homework_date`, `submit_date`, `staff_id`, `subject_group_subject_id`, `subject_id`, `description`, `create_date`, `evaluation_date`, `document`, `created_by`, `evaluated_by`) VALUES (1, 1, 1, 16, '2022-01-13', '2022-01-28', 2, 3, 0, '<p>New Assignment</p>', '2022-01-13', '0000-00-00', '', 2, 0);


#
# TABLE STRUCTURE FOR: homework_evaluation
#

DROP TABLE IF EXISTS `homework_evaluation`;

CREATE TABLE `homework_evaluation` (
  `id` int(11) NOT NULL AUTO_INCREMENT,
  `homework_id` int(11) NOT NULL,
  `student_id` int(11) NOT NULL,
  `student_session_id` int(11) DEFAULT NULL,
  `date` date NOT NULL,
  `status` varchar(100) NOT NULL,
  PRIMARY KEY (`id`)
) ENGINE=InnoDB DEFAULT CHARSET=utf8;

#
# TABLE STRUCTURE FOR: hostel
#

DROP TABLE IF EXISTS `hostel`;

CREATE TABLE `hostel` (
  `id` int(11) NOT NULL AUTO_INCREMENT,
  `hostel_name` varchar(100) DEFAULT NULL,
  `type` varchar(50) DEFAULT NULL,
  `address` text DEFAULT NULL,
  `intake` int(11) DEFAULT NULL,
  `description` text DEFAULT NULL,
  `is_active` varchar(255) DEFAULT 'no',
  `created_at` timestamp NOT NULL DEFAULT current_timestamp() ON UPDATE current_timestamp(),
  `updated_at` date DEFAULT NULL,
  PRIMARY KEY (`id`)
) ENGINE=InnoDB AUTO_INCREMENT=2 DEFAULT CHARSET=utf8;

INSERT INTO `hostel` (`id`, `hostel_name`, `type`, `address`, `intake`, `description`, `is_active`, `created_at`, `updated_at`) VALUES (1, 'Delhi', 'Boys', 'Delhi', 0, 'Delhi', 'no', '2022-01-17 08:04:45', NULL);


#
# TABLE STRUCTURE FOR: hostel_rooms
#

DROP TABLE IF EXISTS `hostel_rooms`;

CREATE TABLE `hostel_rooms` (
  `id` int(11) NOT NULL AUTO_INCREMENT,
  `hostel_id` int(11) DEFAULT NULL,
  `room_type_id` int(11) DEFAULT NULL,
  `room_no` varchar(200) DEFAULT NULL,
  `no_of_bed` int(11) DEFAULT NULL,
  `cost_per_bed` float(10,2) DEFAULT 0.00,
  `title` varchar(200) DEFAULT NULL,
  `description` text DEFAULT NULL,
  `created_at` timestamp NOT NULL DEFAULT current_timestamp() ON UPDATE current_timestamp(),
  `updated_at` date DEFAULT NULL,
  PRIMARY KEY (`id`)
) ENGINE=InnoDB AUTO_INCREMENT=2 DEFAULT CHARSET=utf8;

INSERT INTO `hostel_rooms` (`id`, `hostel_id`, `room_type_id`, `room_no`, `no_of_bed`, `cost_per_bed`, `title`, `description`, `created_at`, `updated_at`) VALUES (1, 1, 1, 'First Room', 2, '500.00', NULL, 'First ', '2022-01-17 08:06:00', NULL);


#
# TABLE STRUCTURE FOR: id_card
#

DROP TABLE IF EXISTS `id_card`;

CREATE TABLE `id_card` (
  `id` int(11) NOT NULL AUTO_INCREMENT,
  `title` varchar(100) NOT NULL,
  `school_name` varchar(100) NOT NULL,
  `school_address` varchar(500) NOT NULL,
  `background` varchar(100) NOT NULL,
  `logo` varchar(100) NOT NULL,
  `sign_image` varchar(100) NOT NULL,
  `enable_vertical_card` int(11) NOT NULL DEFAULT 0,
  `header_color` varchar(100) NOT NULL,
  `enable_admission_no` tinyint(1) NOT NULL COMMENT '0=disable,1=enable',
  `enable_student_name` tinyint(1) NOT NULL COMMENT '0=disable,1=enable',
  `enable_class` tinyint(1) NOT NULL COMMENT '0=disable,1=enable',
  `enable_fathers_name` tinyint(1) NOT NULL COMMENT '0=disable,1=enable',
  `enable_mothers_name` tinyint(1) NOT NULL COMMENT '0=disable,1=enable',
  `enable_address` tinyint(1) NOT NULL COMMENT '0=disable,1=enable',
  `enable_phone` tinyint(1) NOT NULL COMMENT '0=disable,1=enable',
  `enable_dob` tinyint(1) NOT NULL COMMENT '0=disable,1=enable',
  `enable_blood_group` tinyint(1) NOT NULL COMMENT '0=disable,1=enable',
  `status` tinyint(1) NOT NULL COMMENT '0=disable,1=enable',
  PRIMARY KEY (`id`)
) ENGINE=InnoDB AUTO_INCREMENT=4 DEFAULT CHARSET=utf8;

INSERT INTO `id_card` (`id`, `title`, `school_name`, `school_address`, `background`, `logo`, `sign_image`, `enable_vertical_card`, `header_color`, `enable_admission_no`, `enable_student_name`, `enable_class`, `enable_fathers_name`, `enable_mothers_name`, `enable_address`, `enable_phone`, `enable_dob`, `enable_blood_group`, `status`) VALUES (1, 'Sample Student Identity Card Horizontal', 'Mount Carmel School', '110 Kings Street, CA  Phone: 456542 Email: mount@gmail.com', 'samplebackground12.png', 'samplelogo12.png', 'samplesign12.png', 0, '#595959', 1, 1, 1, 1, 0, 1, 1, 1, 1, 1);
INSERT INTO `id_card` (`id`, `title`, `school_name`, `school_address`, `background`, `logo`, `sign_image`, `enable_vertical_card`, `header_color`, `enable_admission_no`, `enable_student_name`, `enable_class`, `enable_fathers_name`, `enable_mothers_name`, `enable_address`, `enable_phone`, `enable_dob`, `enable_blood_group`, `status`) VALUES (2, 'Sample Student Identity Card Vertical', 'Mount Carmel School', '110 Kings Street, CA  Phone: 456542 Email: mount@gmail.com', 'samplebackground12.png', 'samplelogo12.png', 'samplesign12.png', 1, '#595959', 1, 1, 1, 1, 0, 1, 1, 1, 1, 1);
INSERT INTO `id_card` (`id`, `title`, `school_name`, `school_address`, `background`, `logo`, `sign_image`, `enable_vertical_card`, `header_color`, `enable_admission_no`, `enable_student_name`, `enable_class`, `enable_fathers_name`, `enable_mothers_name`, `enable_address`, `enable_phone`, `enable_dob`, `enable_blood_group`, `status`) VALUES (3, 'DPS', 'Delhi Public school', 'Delhi', '', 'logo3.png', 'sign3.png', 0, '#76f3eb', 1, 1, 1, 0, 0, 0, 1, 0, 0, 1);


#
# TABLE STRUCTURE FOR: income
#

DROP TABLE IF EXISTS `income`;

CREATE TABLE `income` (
  `id` int(11) NOT NULL AUTO_INCREMENT,
  `inc_head_id` varchar(11) DEFAULT NULL,
  `name` varchar(50) DEFAULT NULL,
  `invoice_no` varchar(200) NOT NULL,
  `date` date DEFAULT NULL,
  `amount` float DEFAULT NULL,
  `note` text DEFAULT NULL,
  `is_active` varchar(255) DEFAULT 'yes',
  `is_deleted` varchar(255) DEFAULT 'no',
  `created_at` timestamp NOT NULL DEFAULT current_timestamp() ON UPDATE current_timestamp(),
  `updated_at` date DEFAULT NULL,
  `documents` varchar(255) DEFAULT NULL,
  PRIMARY KEY (`id`)
) ENGINE=InnoDB DEFAULT CHARSET=utf8;

#
# TABLE STRUCTURE FOR: income_head
#

DROP TABLE IF EXISTS `income_head`;

CREATE TABLE `income_head` (
  `id` int(255) NOT NULL AUTO_INCREMENT,
  `income_category` varchar(255) DEFAULT NULL,
  `description` varchar(255) DEFAULT NULL,
  `is_active` varchar(255) NOT NULL DEFAULT 'yes',
  `is_deleted` varchar(255) NOT NULL DEFAULT 'no',
  `created_at` timestamp NOT NULL DEFAULT current_timestamp() ON UPDATE current_timestamp(),
  `updated_at` date DEFAULT NULL,
  PRIMARY KEY (`id`)
) ENGINE=InnoDB DEFAULT CHARSET=utf8;

#
# TABLE STRUCTURE FOR: item
#

DROP TABLE IF EXISTS `item`;

CREATE TABLE `item` (
  `id` int(11) NOT NULL AUTO_INCREMENT,
  `item_category_id` int(11) DEFAULT NULL,
  `name` varchar(255) NOT NULL,
  `unit` varchar(100) NOT NULL,
  `item_photo` varchar(225) DEFAULT NULL,
  `description` text NOT NULL,
  `created_at` timestamp NOT NULL DEFAULT current_timestamp() ON UPDATE current_timestamp(),
  `updated_at` date DEFAULT NULL,
  `item_store_id` int(11) DEFAULT NULL,
  `item_supplier_id` int(11) DEFAULT NULL,
  `quantity` int(100) NOT NULL,
  `date` date NOT NULL,
  PRIMARY KEY (`id`)
) ENGINE=InnoDB DEFAULT CHARSET=utf8;

#
# TABLE STRUCTURE FOR: item_category
#

DROP TABLE IF EXISTS `item_category`;

CREATE TABLE `item_category` (
  `id` int(255) NOT NULL AUTO_INCREMENT,
  `item_category` varchar(255) NOT NULL,
  `is_active` varchar(255) NOT NULL DEFAULT 'yes',
  `description` varchar(255) NOT NULL,
  `created_at` timestamp NOT NULL DEFAULT current_timestamp() ON UPDATE current_timestamp(),
  `updated_at` date DEFAULT NULL,
  PRIMARY KEY (`id`)
) ENGINE=InnoDB DEFAULT CHARSET=utf8;

#
# TABLE STRUCTURE FOR: item_issue
#

DROP TABLE IF EXISTS `item_issue`;

CREATE TABLE `item_issue` (
  `id` int(11) NOT NULL AUTO_INCREMENT,
  `issue_type` varchar(15) DEFAULT NULL,
  `issue_to` varchar(100) DEFAULT NULL,
  `issue_by` varchar(100) DEFAULT NULL,
  `issue_date` date DEFAULT NULL,
  `return_date` date DEFAULT NULL,
  `item_category_id` int(11) DEFAULT NULL,
  `item_id` int(11) DEFAULT NULL,
  `quantity` int(10) NOT NULL,
  `note` text NOT NULL,
  `is_returned` int(2) NOT NULL DEFAULT 1,
  `created_at` timestamp NOT NULL DEFAULT current_timestamp() ON UPDATE current_timestamp(),
  `is_active` varchar(10) DEFAULT 'no',
  PRIMARY KEY (`id`),
  KEY `item_id` (`item_id`),
  KEY `item_category_id` (`item_category_id`)
) ENGINE=InnoDB DEFAULT CHARSET=utf8;

#
# TABLE STRUCTURE FOR: item_stock
#

DROP TABLE IF EXISTS `item_stock`;

CREATE TABLE `item_stock` (
  `id` int(11) NOT NULL AUTO_INCREMENT,
  `item_id` int(11) DEFAULT NULL,
  `supplier_id` int(11) DEFAULT NULL,
  `symbol` varchar(10) NOT NULL DEFAULT '+',
  `store_id` int(11) DEFAULT NULL,
  `quantity` int(11) DEFAULT NULL,
  `purchase_price` varchar(100) NOT NULL,
  `date` date NOT NULL,
  `attachment` varchar(250) DEFAULT NULL,
  `description` text NOT NULL,
  `is_active` varchar(10) DEFAULT 'yes',
  `created_at` timestamp NOT NULL DEFAULT current_timestamp() ON UPDATE current_timestamp(),
  PRIMARY KEY (`id`),
  KEY `item_id` (`item_id`),
  KEY `supplier_id` (`supplier_id`),
  KEY `store_id` (`store_id`)
) ENGINE=InnoDB DEFAULT CHARSET=utf8;

#
# TABLE STRUCTURE FOR: item_store
#

DROP TABLE IF EXISTS `item_store`;

CREATE TABLE `item_store` (
  `id` int(255) NOT NULL AUTO_INCREMENT,
  `item_store` varchar(255) NOT NULL,
  `code` varchar(255) NOT NULL,
  `description` text NOT NULL,
  PRIMARY KEY (`id`)
) ENGINE=InnoDB DEFAULT CHARSET=utf8;

#
# TABLE STRUCTURE FOR: item_supplier
#

DROP TABLE IF EXISTS `item_supplier`;

CREATE TABLE `item_supplier` (
  `id` int(255) NOT NULL AUTO_INCREMENT,
  `item_supplier` varchar(255) NOT NULL,
  `phone` varchar(255) NOT NULL,
  `email` varchar(255) NOT NULL,
  `address` varchar(255) NOT NULL,
  `contact_person_name` varchar(255) NOT NULL,
  `contact_person_phone` varchar(255) NOT NULL,
  `contact_person_email` varchar(255) NOT NULL,
  `description` text NOT NULL,
  PRIMARY KEY (`id`)
) ENGINE=InnoDB DEFAULT CHARSET=utf8;

#
# TABLE STRUCTURE FOR: languages
#

DROP TABLE IF EXISTS `languages`;

CREATE TABLE `languages` (
  `id` int(11) NOT NULL,
  `language` varchar(50) DEFAULT NULL,
  `short_code` varchar(255) NOT NULL,
  `country_code` varchar(255) NOT NULL,
  `is_deleted` varchar(10) NOT NULL DEFAULT 'yes',
  `is_active` varchar(255) DEFAULT 'no',
  `created_at` timestamp NOT NULL DEFAULT current_timestamp() ON UPDATE current_timestamp(),
  `updated_at` date DEFAULT NULL,
  PRIMARY KEY (`id`)
) ENGINE=InnoDB DEFAULT CHARSET=utf8;

INSERT INTO `languages` (`id`, `language`, `short_code`, `country_code`, `is_deleted`, `is_active`, `created_at`, `updated_at`) VALUES (1, 'Azerbaijan', 'az', 'az', 'no', 'no', '2019-11-20 11:23:12', '0000-00-00');
INSERT INTO `languages` (`id`, `language`, `short_code`, `country_code`, `is_deleted`, `is_active`, `created_at`, `updated_at`) VALUES (2, 'Albanian', 'sq', 'al', 'no', 'no', '2019-11-20 11:42:42', '0000-00-00');
INSERT INTO `languages` (`id`, `language`, `short_code`, `country_code`, `is_deleted`, `is_active`, `created_at`, `updated_at`) VALUES (3, 'Amharic', 'am', 'am', 'no', 'no', '2019-11-20 11:24:23', '0000-00-00');
INSERT INTO `languages` (`id`, `language`, `short_code`, `country_code`, `is_deleted`, `is_active`, `created_at`, `updated_at`) VALUES (4, 'English', 'en', 'us', 'no', 'no', '2019-11-20 11:38:50', '0000-00-00');
INSERT INTO `languages` (`id`, `language`, `short_code`, `country_code`, `is_deleted`, `is_active`, `created_at`, `updated_at`) VALUES (5, 'Arabic', 'ar', 'sa', 'no', 'no', '2019-11-20 11:47:28', '0000-00-00');
INSERT INTO `languages` (`id`, `language`, `short_code`, `country_code`, `is_deleted`, `is_active`, `created_at`, `updated_at`) VALUES (7, 'Afrikaans', 'af', 'af', 'no', 'no', '2019-11-20 11:24:23', '0000-00-00');
INSERT INTO `languages` (`id`, `language`, `short_code`, `country_code`, `is_deleted`, `is_active`, `created_at`, `updated_at`) VALUES (8, 'Basque', 'eu', 'es', 'no', 'no', '2019-11-20 11:54:10', '0000-00-00');
INSERT INTO `languages` (`id`, `language`, `short_code`, `country_code`, `is_deleted`, `is_active`, `created_at`, `updated_at`) VALUES (11, 'Bengali', 'bn', 'in', 'no', 'no', '2019-11-20 11:41:53', '0000-00-00');
INSERT INTO `languages` (`id`, `language`, `short_code`, `country_code`, `is_deleted`, `is_active`, `created_at`, `updated_at`) VALUES (13, 'Bosnian', 'bs', 'bs', 'no', 'no', '2019-11-20 11:24:23', '0000-00-00');
INSERT INTO `languages` (`id`, `language`, `short_code`, `country_code`, `is_deleted`, `is_active`, `created_at`, `updated_at`) VALUES (14, 'Welsh', 'cy', 'cy', 'no', 'no', '2019-11-20 11:24:23', '0000-00-00');
INSERT INTO `languages` (`id`, `language`, `short_code`, `country_code`, `is_deleted`, `is_active`, `created_at`, `updated_at`) VALUES (15, 'Hungarian', 'hu', 'hu', 'no', 'no', '2019-11-20 11:24:23', '0000-00-00');
INSERT INTO `languages` (`id`, `language`, `short_code`, `country_code`, `is_deleted`, `is_active`, `created_at`, `updated_at`) VALUES (16, 'Vietnamese', 'vi', 'vi', 'no', 'no', '2019-11-20 11:24:23', '0000-00-00');
INSERT INTO `languages` (`id`, `language`, `short_code`, `country_code`, `is_deleted`, `is_active`, `created_at`, `updated_at`) VALUES (17, 'Haitian', 'ht', 'ht', 'no', 'no', '2021-01-23 07:09:32', '0000-00-00');
INSERT INTO `languages` (`id`, `language`, `short_code`, `country_code`, `is_deleted`, `is_active`, `created_at`, `updated_at`) VALUES (18, 'Galician', 'gl', 'gl', 'no', 'no', '2019-11-20 11:24:23', '0000-00-00');
INSERT INTO `languages` (`id`, `language`, `short_code`, `country_code`, `is_deleted`, `is_active`, `created_at`, `updated_at`) VALUES (19, 'Dutch', 'nl', 'nl', 'no', 'no', '2019-11-20 11:24:23', '0000-00-00');
INSERT INTO `languages` (`id`, `language`, `short_code`, `country_code`, `is_deleted`, `is_active`, `created_at`, `updated_at`) VALUES (21, 'Greek', 'el', 'gr', 'no', 'no', '2019-11-20 12:12:08', '0000-00-00');
INSERT INTO `languages` (`id`, `language`, `short_code`, `country_code`, `is_deleted`, `is_active`, `created_at`, `updated_at`) VALUES (22, 'Georgian', 'ka', 'ge', 'no', 'no', '2019-11-20 12:11:40', '0000-00-00');
INSERT INTO `languages` (`id`, `language`, `short_code`, `country_code`, `is_deleted`, `is_active`, `created_at`, `updated_at`) VALUES (23, 'Gujarati', 'gu', 'in', 'no', 'no', '2019-11-20 11:39:16', '0000-00-00');
INSERT INTO `languages` (`id`, `language`, `short_code`, `country_code`, `is_deleted`, `is_active`, `created_at`, `updated_at`) VALUES (24, 'Danish', 'da', 'dk', 'no', 'no', '2019-11-20 12:03:25', '0000-00-00');
INSERT INTO `languages` (`id`, `language`, `short_code`, `country_code`, `is_deleted`, `is_active`, `created_at`, `updated_at`) VALUES (25, 'Hebrew', 'he', 'il', 'no', 'no', '2019-11-20 12:13:50', '0000-00-00');
INSERT INTO `languages` (`id`, `language`, `short_code`, `country_code`, `is_deleted`, `is_active`, `created_at`, `updated_at`) VALUES (26, 'Yiddish', 'yi', 'il', 'no', 'no', '2019-11-20 12:25:33', '0000-00-00');
INSERT INTO `languages` (`id`, `language`, `short_code`, `country_code`, `is_deleted`, `is_active`, `created_at`, `updated_at`) VALUES (27, 'Indonesian', 'id', 'id', 'no', 'no', '2019-11-20 11:24:23', '0000-00-00');
INSERT INTO `languages` (`id`, `language`, `short_code`, `country_code`, `is_deleted`, `is_active`, `created_at`, `updated_at`) VALUES (28, 'Irish', 'ga', 'ga', 'no', 'no', '2019-11-20 11:24:23', '0000-00-00');
INSERT INTO `languages` (`id`, `language`, `short_code`, `country_code`, `is_deleted`, `is_active`, `created_at`, `updated_at`) VALUES (29, 'Italian', 'it', 'it', 'no', 'no', '2019-11-20 11:24:23', '0000-00-00');
INSERT INTO `languages` (`id`, `language`, `short_code`, `country_code`, `is_deleted`, `is_active`, `created_at`, `updated_at`) VALUES (30, 'Icelandic', 'is', 'is', 'no', 'no', '2019-11-20 11:24:23', '0000-00-00');
INSERT INTO `languages` (`id`, `language`, `short_code`, `country_code`, `is_deleted`, `is_active`, `created_at`, `updated_at`) VALUES (31, 'Spanish', 'es', 'es', 'no', 'no', '2019-11-20 11:24:23', '0000-00-00');
INSERT INTO `languages` (`id`, `language`, `short_code`, `country_code`, `is_deleted`, `is_active`, `created_at`, `updated_at`) VALUES (33, 'Kannada', 'kn', 'kn', 'no', 'no', '2019-11-20 11:24:23', '0000-00-00');
INSERT INTO `languages` (`id`, `language`, `short_code`, `country_code`, `is_deleted`, `is_active`, `created_at`, `updated_at`) VALUES (34, 'Catalan', 'ca', 'ca', 'no', 'no', '2019-11-20 11:24:23', '0000-00-00');
INSERT INTO `languages` (`id`, `language`, `short_code`, `country_code`, `is_deleted`, `is_active`, `created_at`, `updated_at`) VALUES (36, 'Chinese', 'zh', 'cn', 'no', 'no', '2019-11-20 12:01:48', '0000-00-00');
INSERT INTO `languages` (`id`, `language`, `short_code`, `country_code`, `is_deleted`, `is_active`, `created_at`, `updated_at`) VALUES (37, 'Korean', 'ko', 'kr', 'no', 'no', '2019-11-20 12:19:09', '0000-00-00');
INSERT INTO `languages` (`id`, `language`, `short_code`, `country_code`, `is_deleted`, `is_active`, `created_at`, `updated_at`) VALUES (38, 'Xhosa', 'xh', 'ls', 'no', 'no', '2019-11-20 12:24:39', '0000-00-00');
INSERT INTO `languages` (`id`, `language`, `short_code`, `country_code`, `is_deleted`, `is_active`, `created_at`, `updated_at`) VALUES (39, 'Latin', 'la', 'it', 'no', 'no', '2021-01-23 07:09:32', '0000-00-00');
INSERT INTO `languages` (`id`, `language`, `short_code`, `country_code`, `is_deleted`, `is_active`, `created_at`, `updated_at`) VALUES (40, 'Latvian', 'lv', 'lv', 'no', 'no', '2019-11-20 11:24:23', '0000-00-00');
INSERT INTO `languages` (`id`, `language`, `short_code`, `country_code`, `is_deleted`, `is_active`, `created_at`, `updated_at`) VALUES (41, 'Lithuanian', 'lt', 'lt', 'no', 'no', '2019-11-20 11:24:23', '0000-00-00');
INSERT INTO `languages` (`id`, `language`, `short_code`, `country_code`, `is_deleted`, `is_active`, `created_at`, `updated_at`) VALUES (43, 'Malagasy', 'mg', 'mg', 'no', 'no', '2019-11-20 11:24:23', '0000-00-00');
INSERT INTO `languages` (`id`, `language`, `short_code`, `country_code`, `is_deleted`, `is_active`, `created_at`, `updated_at`) VALUES (44, 'Malay', 'ms', 'ms', 'no', 'no', '2019-11-20 11:24:23', '0000-00-00');
INSERT INTO `languages` (`id`, `language`, `short_code`, `country_code`, `is_deleted`, `is_active`, `created_at`, `updated_at`) VALUES (45, 'Malayalam', 'ml', 'ml', 'no', 'no', '2019-11-20 11:24:23', '0000-00-00');
INSERT INTO `languages` (`id`, `language`, `short_code`, `country_code`, `is_deleted`, `is_active`, `created_at`, `updated_at`) VALUES (46, 'Maltese', 'mt', 'mt', 'no', 'no', '2019-11-20 11:24:23', '0000-00-00');
INSERT INTO `languages` (`id`, `language`, `short_code`, `country_code`, `is_deleted`, `is_active`, `created_at`, `updated_at`) VALUES (47, 'Macedonian', 'mk', 'mk', 'no', 'no', '2019-11-20 11:24:23', '0000-00-00');
INSERT INTO `languages` (`id`, `language`, `short_code`, `country_code`, `is_deleted`, `is_active`, `created_at`, `updated_at`) VALUES (48, 'Maori', 'mi', 'nz', 'no', 'no', '2019-11-20 12:20:27', '0000-00-00');
INSERT INTO `languages` (`id`, `language`, `short_code`, `country_code`, `is_deleted`, `is_active`, `created_at`, `updated_at`) VALUES (49, 'Marathi', 'mr', 'in', 'no', 'no', '2019-11-20 11:39:51', '0000-00-00');
INSERT INTO `languages` (`id`, `language`, `short_code`, `country_code`, `is_deleted`, `is_active`, `created_at`, `updated_at`) VALUES (51, 'Mongolian', 'mn', 'mn', 'no', 'no', '2019-11-20 11:24:23', '0000-00-00');
INSERT INTO `languages` (`id`, `language`, `short_code`, `country_code`, `is_deleted`, `is_active`, `created_at`, `updated_at`) VALUES (52, 'German', 'de', 'de', 'no', 'no', '2019-11-20 11:24:23', '0000-00-00');
INSERT INTO `languages` (`id`, `language`, `short_code`, `country_code`, `is_deleted`, `is_active`, `created_at`, `updated_at`) VALUES (53, 'Nepali', 'ne', 'ne', 'no', 'no', '2019-11-20 11:24:23', '0000-00-00');
INSERT INTO `languages` (`id`, `language`, `short_code`, `country_code`, `is_deleted`, `is_active`, `created_at`, `updated_at`) VALUES (54, 'Norwegian', 'no', 'no', 'no', 'no', '2019-11-20 11:24:23', '0000-00-00');
INSERT INTO `languages` (`id`, `language`, `short_code`, `country_code`, `is_deleted`, `is_active`, `created_at`, `updated_at`) VALUES (55, 'Punjabi', 'pa', 'in', 'no', 'no', '2019-11-20 11:40:16', '0000-00-00');
INSERT INTO `languages` (`id`, `language`, `short_code`, `country_code`, `is_deleted`, `is_active`, `created_at`, `updated_at`) VALUES (57, 'Persian', 'fa', 'ir', 'no', 'no', '2019-11-20 12:21:17', '0000-00-00');
INSERT INTO `languages` (`id`, `language`, `short_code`, `country_code`, `is_deleted`, `is_active`, `created_at`, `updated_at`) VALUES (59, 'Portuguese', 'pt', 'pt', 'no', 'no', '2019-11-20 11:24:23', '0000-00-00');
INSERT INTO `languages` (`id`, `language`, `short_code`, `country_code`, `is_deleted`, `is_active`, `created_at`, `updated_at`) VALUES (60, 'Romanian', 'ro', 'ro', 'no', 'no', '2019-11-20 11:24:23', '0000-00-00');
INSERT INTO `languages` (`id`, `language`, `short_code`, `country_code`, `is_deleted`, `is_active`, `created_at`, `updated_at`) VALUES (61, 'Russian', 'ru', 'ru', 'no', 'no', '2019-11-20 11:24:23', '0000-00-00');
INSERT INTO `languages` (`id`, `language`, `short_code`, `country_code`, `is_deleted`, `is_active`, `created_at`, `updated_at`) VALUES (62, 'Cebuano', 'ceb', 'ph', 'no', 'no', '2019-11-20 11:59:12', '0000-00-00');
INSERT INTO `languages` (`id`, `language`, `short_code`, `country_code`, `is_deleted`, `is_active`, `created_at`, `updated_at`) VALUES (64, 'Sinhala', 'si', 'lk ', 'no', 'no', '2021-01-23 07:09:32', '0000-00-00');
INSERT INTO `languages` (`id`, `language`, `short_code`, `country_code`, `is_deleted`, `is_active`, `created_at`, `updated_at`) VALUES (65, 'Slovakian', 'sk', 'sk', 'no', 'no', '2019-11-20 11:24:23', '0000-00-00');
INSERT INTO `languages` (`id`, `language`, `short_code`, `country_code`, `is_deleted`, `is_active`, `created_at`, `updated_at`) VALUES (66, 'Slovenian', 'sl', 'sl', 'no', 'no', '2019-11-20 11:24:23', '0000-00-00');
INSERT INTO `languages` (`id`, `language`, `short_code`, `country_code`, `is_deleted`, `is_active`, `created_at`, `updated_at`) VALUES (67, 'Swahili', 'sw', 'ke', 'no', 'no', '2019-11-20 12:21:57', '0000-00-00');
INSERT INTO `languages` (`id`, `language`, `short_code`, `country_code`, `is_deleted`, `is_active`, `created_at`, `updated_at`) VALUES (68, 'Sundanese', 'su', 'sd', 'no', 'no', '2019-12-03 11:06:57', '0000-00-00');
INSERT INTO `languages` (`id`, `language`, `short_code`, `country_code`, `is_deleted`, `is_active`, `created_at`, `updated_at`) VALUES (70, 'Thai', 'th', 'th', 'no', 'no', '2019-11-20 11:24:23', '0000-00-00');
INSERT INTO `languages` (`id`, `language`, `short_code`, `country_code`, `is_deleted`, `is_active`, `created_at`, `updated_at`) VALUES (71, 'Tagalog', 'tl', 'tl', 'no', 'no', '2019-11-20 11:24:23', '0000-00-00');
INSERT INTO `languages` (`id`, `language`, `short_code`, `country_code`, `is_deleted`, `is_active`, `created_at`, `updated_at`) VALUES (72, 'Tamil', 'ta', 'in', 'no', 'no', '2019-11-20 11:40:53', '0000-00-00');
INSERT INTO `languages` (`id`, `language`, `short_code`, `country_code`, `is_deleted`, `is_active`, `created_at`, `updated_at`) VALUES (74, 'Telugu', 'te', 'in', 'no', 'no', '2019-11-20 11:41:15', '0000-00-00');
INSERT INTO `languages` (`id`, `language`, `short_code`, `country_code`, `is_deleted`, `is_active`, `created_at`, `updated_at`) VALUES (75, 'Turkish', 'tr', 'tr', 'no', 'no', '2019-11-20 11:24:23', '0000-00-00');
INSERT INTO `languages` (`id`, `language`, `short_code`, `country_code`, `is_deleted`, `is_active`, `created_at`, `updated_at`) VALUES (77, 'Uzbek', 'uz', 'uz', 'no', 'no', '2019-11-20 11:24:23', '0000-00-00');
INSERT INTO `languages` (`id`, `language`, `short_code`, `country_code`, `is_deleted`, `is_active`, `created_at`, `updated_at`) VALUES (79, 'Urdu', 'ur', 'pk', 'no', 'no', '2019-11-20 12:23:57', '0000-00-00');
INSERT INTO `languages` (`id`, `language`, `short_code`, `country_code`, `is_deleted`, `is_active`, `created_at`, `updated_at`) VALUES (80, 'Finnish', 'fi', 'fi', 'no', 'no', '2019-11-20 11:24:23', '0000-00-00');
INSERT INTO `languages` (`id`, `language`, `short_code`, `country_code`, `is_deleted`, `is_active`, `created_at`, `updated_at`) VALUES (81, 'French', 'fr', 'fr', 'no', 'no', '2019-11-20 11:24:23', '0000-00-00');
INSERT INTO `languages` (`id`, `language`, `short_code`, `country_code`, `is_deleted`, `is_active`, `created_at`, `updated_at`) VALUES (82, 'Hindi', 'hi', 'in', 'no', 'no', '2019-11-20 11:36:34', '0000-00-00');
INSERT INTO `languages` (`id`, `language`, `short_code`, `country_code`, `is_deleted`, `is_active`, `created_at`, `updated_at`) VALUES (84, 'Czech', 'cs', 'cz', 'no', 'no', '2019-11-20 12:02:36', '0000-00-00');
INSERT INTO `languages` (`id`, `language`, `short_code`, `country_code`, `is_deleted`, `is_active`, `created_at`, `updated_at`) VALUES (85, 'Swedish', 'sv', 'sv', 'no', 'no', '2019-11-20 11:24:23', '0000-00-00');
INSERT INTO `languages` (`id`, `language`, `short_code`, `country_code`, `is_deleted`, `is_active`, `created_at`, `updated_at`) VALUES (86, 'Scottish', 'gd', 'gd', 'no', 'no', '2019-11-20 11:24:23', '0000-00-00');
INSERT INTO `languages` (`id`, `language`, `short_code`, `country_code`, `is_deleted`, `is_active`, `created_at`, `updated_at`) VALUES (87, 'Estonian', 'et', 'et', 'no', 'no', '2019-11-20 11:24:23', '0000-00-00');
INSERT INTO `languages` (`id`, `language`, `short_code`, `country_code`, `is_deleted`, `is_active`, `created_at`, `updated_at`) VALUES (88, 'Esperanto', 'eo', 'br', 'no', 'no', '2019-11-21 04:49:18', '0000-00-00');
INSERT INTO `languages` (`id`, `language`, `short_code`, `country_code`, `is_deleted`, `is_active`, `created_at`, `updated_at`) VALUES (89, 'Javanese', 'jv', 'id', 'no', 'no', '2019-11-20 12:18:29', '0000-00-00');
INSERT INTO `languages` (`id`, `language`, `short_code`, `country_code`, `is_deleted`, `is_active`, `created_at`, `updated_at`) VALUES (90, 'Japanese', 'ja', 'jp', 'no', 'no', '2019-11-20 12:14:39', '0000-00-00');
INSERT INTO `languages` (`id`, `language`, `short_code`, `country_code`, `is_deleted`, `is_active`, `created_at`, `updated_at`) VALUES (91, 'Polish', 'pl', 'pl', 'no', 'no', '2020-06-15 03:25:27', '0000-00-00');
INSERT INTO `languages` (`id`, `language`, `short_code`, `country_code`, `is_deleted`, `is_active`, `created_at`, `updated_at`) VALUES (92, 'Kurdish', 'ku', 'iq', 'no', 'no', '2020-12-21 00:15:31', '0000-00-00');
INSERT INTO `languages` (`id`, `language`, `short_code`, `country_code`, `is_deleted`, `is_active`, `created_at`, `updated_at`) VALUES (93, 'Lao', 'lo', 'la', 'no', 'no', '2020-12-21 00:15:36', '0000-00-00');


#
# TABLE STRUCTURE FOR: leave_types
#

DROP TABLE IF EXISTS `leave_types`;

CREATE TABLE `leave_types` (
  `id` int(11) NOT NULL AUTO_INCREMENT,
  `type` varchar(200) NOT NULL,
  `is_active` varchar(50) NOT NULL,
  PRIMARY KEY (`id`),
  UNIQUE KEY `type` (`type`)
) ENGINE=InnoDB AUTO_INCREMENT=3 DEFAULT CHARSET=utf8;

INSERT INTO `leave_types` (`id`, `type`, `is_active`) VALUES (1, 'Casual ', 'yes');
INSERT INTO `leave_types` (`id`, `type`, `is_active`) VALUES (2, 'sick', 'yes');


#
# TABLE STRUCTURE FOR: lesson
#

DROP TABLE IF EXISTS `lesson`;

CREATE TABLE `lesson` (
  `id` int(11) NOT NULL AUTO_INCREMENT,
  `session_id` int(11) NOT NULL,
  `subject_group_subject_id` int(11) NOT NULL,
  `subject_group_class_sections_id` int(11) NOT NULL,
  `name` varchar(255) NOT NULL,
  `created_at` timestamp NOT NULL DEFAULT current_timestamp() ON UPDATE current_timestamp(),
  PRIMARY KEY (`id`),
  KEY `session_id` (`session_id`),
  KEY `subject_group_subject_id` (`subject_group_subject_id`),
  KEY `subject_group_class_sections_id` (`subject_group_class_sections_id`)
) ENGINE=InnoDB DEFAULT CHARSET=utf8;

#
# TABLE STRUCTURE FOR: libarary_members
#

DROP TABLE IF EXISTS `libarary_members`;

CREATE TABLE `libarary_members` (
  `id` int(11) unsigned NOT NULL AUTO_INCREMENT,
  `library_card_no` varchar(50) DEFAULT NULL,
  `member_type` varchar(50) DEFAULT NULL,
  `member_id` int(11) DEFAULT NULL,
  `is_active` varchar(10) NOT NULL DEFAULT 'no',
  `created_at` timestamp NOT NULL DEFAULT current_timestamp() ON UPDATE current_timestamp(),
  PRIMARY KEY (`id`)
) ENGINE=InnoDB DEFAULT CHARSET=utf8;

#
# TABLE STRUCTURE FOR: logs_old
#

DROP TABLE IF EXISTS `logs_old`;

CREATE TABLE `logs_old` (
  `id` int(11) NOT NULL,
  `message` text DEFAULT NULL,
  `record_id` text DEFAULT NULL,
  `user_id` int(11) DEFAULT NULL,
  `action` varchar(50) DEFAULT NULL,
  `ip_address` varchar(50) DEFAULT NULL,
  `platform` varchar(50) DEFAULT NULL,
  `agent` varchar(50) DEFAULT NULL,
  `time` timestamp NOT NULL DEFAULT current_timestamp(),
  `created_at` date DEFAULT NULL,
  PRIMARY KEY (`id`)
) ENGINE=InnoDB DEFAULT CHARSET=utf8;

INSERT INTO `logs_old` (`id`, `message`, `record_id`, `user_id`, `action`, `ip_address`, `platform`, `agent`, `time`, `created_at`) VALUES (0, 'Record updated On  event id 6', '6', 1, 'Update', '223.233.66.98', 'Windows 10', 'Chrome 96.0.4664.110', '2022-01-06 11:45:34', NULL);


#
# TABLE STRUCTURE FOR: messages
#

DROP TABLE IF EXISTS `messages`;

CREATE TABLE `messages` (
  `id` int(11) NOT NULL AUTO_INCREMENT,
  `title` varchar(200) DEFAULT NULL,
  `template_id` varchar(100) NOT NULL,
  `message` text DEFAULT NULL,
  `send_mail` varchar(10) DEFAULT '0',
  `send_sms` varchar(10) DEFAULT '0',
  `is_group` varchar(10) DEFAULT '0',
  `is_individual` varchar(10) DEFAULT '0',
  `is_class` int(10) NOT NULL DEFAULT 0,
  `group_list` text DEFAULT NULL,
  `user_list` text DEFAULT NULL,
  `created_at` timestamp NOT NULL DEFAULT current_timestamp() ON UPDATE current_timestamp(),
  `updated_at` date DEFAULT NULL,
  PRIMARY KEY (`id`)
) ENGINE=InnoDB DEFAULT CHARSET=utf8;

#
# TABLE STRUCTURE FOR: migrations
#

DROP TABLE IF EXISTS `migrations`;

CREATE TABLE `migrations` (
  `version` bigint(20) NOT NULL
) ENGINE=InnoDB DEFAULT CHARSET=utf8;

#
# TABLE STRUCTURE FOR: multi_class_students
#

DROP TABLE IF EXISTS `multi_class_students`;

CREATE TABLE `multi_class_students` (
  `id` int(11) NOT NULL AUTO_INCREMENT,
  `student_id` int(11) DEFAULT NULL,
  `student_session_id` int(11) DEFAULT NULL,
  `created_at` timestamp NOT NULL DEFAULT current_timestamp() ON UPDATE current_timestamp(),
  `updated_at` date DEFAULT NULL,
  PRIMARY KEY (`id`)
) ENGINE=InnoDB DEFAULT CHARSET=utf8;

#
# TABLE STRUCTURE FOR: notification_roles
#

DROP TABLE IF EXISTS `notification_roles`;

CREATE TABLE `notification_roles` (
  `id` int(11) NOT NULL AUTO_INCREMENT,
  `send_notification_id` int(11) DEFAULT NULL,
  `role_id` int(11) DEFAULT NULL,
  `is_active` int(11) DEFAULT 0,
  `created_at` timestamp NOT NULL DEFAULT current_timestamp() ON UPDATE current_timestamp(),
  PRIMARY KEY (`id`)
) ENGINE=InnoDB DEFAULT CHARSET=utf8;

#
# TABLE STRUCTURE FOR: notification_setting
#

DROP TABLE IF EXISTS `notification_setting`;

CREATE TABLE `notification_setting` (
  `id` int(11) NOT NULL AUTO_INCREMENT,
  `type` varchar(100) DEFAULT NULL,
  `is_mail` varchar(10) DEFAULT '0',
  `is_sms` varchar(10) DEFAULT '0',
  `is_notification` int(11) NOT NULL DEFAULT 0,
  `display_notification` int(11) NOT NULL DEFAULT 0,
  `display_sms` int(11) NOT NULL DEFAULT 1,
  `subject` varchar(255) NOT NULL,
  `template_id` varchar(100) NOT NULL,
  `template` longtext NOT NULL,
  `variables` text NOT NULL,
  `created_at` timestamp NOT NULL DEFAULT current_timestamp() ON UPDATE current_timestamp(),
  PRIMARY KEY (`id`)
) ENGINE=InnoDB AUTO_INCREMENT=17 DEFAULT CHARSET=utf8;

INSERT INTO `notification_setting` (`id`, `type`, `is_mail`, `is_sms`, `is_notification`, `display_notification`, `display_sms`, `subject`, `template_id`, `template`, `variables`, `created_at`) VALUES (1, 'student_admission', '1', '0', 0, 0, 1, 'Student Admission', '', 'Cloud Academy<br>\r\n\r\nDear {{student_name}} <br>\r\nYour admission is confirm in<br>\r\n Class: {{class}} <br>\r\nSection:  {{section}} for Session: {{current_session_name}} <br><br>\r\nFor more detail  contact  System  Admin<br>\r\n {{class}} {{section}} {{admission_no}} {{roll_no}} {{admission_date}} {{mobileno}} {{email}} {{dob}} {{guardian_name}} {{guardian_relation}} {{guardian_phone}} {{father_name}} {{father_phone}} {{blood_group}} {{mother_name}} {{gender}} {{guardian_email}}<br><br>\r\n\r\nWe will be in touch with you, but should you need to reach our team sooner, feel free to contact us at: support@smartschool.one<br><br>\r\nWe are happy to help!<br><br>\r\nThanks,<br>\r\nCloud Academy CRM Team', '{{student_name}} {{class}}  {{section}}  {{admission_no}}  {{roll_no}}  {{admission_date}}   {{mobileno}}  {{email}}  {{dob}}  {{guardian_name}}  {{guardian_relation}}  {{guardian_phone}}  {{father_name}}  {{father_phone}}  {{blood_group}}  {{mother_name}}  {{gender}} {{guardian_email}} {{current_session_name}} ', '2022-01-31 11:00:20');
INSERT INTO `notification_setting` (`id`, `type`, `is_mail`, `is_sms`, `is_notification`, `display_notification`, `display_sms`, `subject`, `template_id`, `template`, `variables`, `created_at`) VALUES (2, 'exam_result', '1', '0', 1, 1, 1, 'Exam Result', '', 'Dear {{student_name}} - {{exam_roll_no}}, your {{exam}} result has been published.', '{{student_name}} {{exam_roll_no}} {{exam}}', '2022-01-31 11:04:04');
INSERT INTO `notification_setting` (`id`, `type`, `is_mail`, `is_sms`, `is_notification`, `display_notification`, `display_sms`, `subject`, `template_id`, `template`, `variables`, `created_at`) VALUES (3, 'fee_submission', '1', '0', 1, 1, 1, 'Fee Submission', '', 'Dear parents, we have received Fees Amount {{fee_amount}} for  {{student_name}}  by Your School Name \r\n{{class}} {{section}} {{fine_type}} {{fine_percentage}} {{fine_amount}} {{fee_group_name}} {{type}} {{code}} {{email}} {{contact_no}} {{invoice_id}} {{sub_invoice_id}} {{due_date}} {{amount}} {{fee_amount}}', '{{student_name}} {{class}} {{section}} {{fine_type}} {{fine_percentage}} {{fine_amount}} {{fee_group_name}} {{type}} {{code}} {{email}} {{contact_no}} {{invoice_id}} {{sub_invoice_id}} {{due_date}} {{amount}} {{fee_amount}}', '2022-01-31 11:04:04');
INSERT INTO `notification_setting` (`id`, `type`, `is_mail`, `is_sms`, `is_notification`, `display_notification`, `display_sms`, `subject`, `template_id`, `template`, `variables`, `created_at`) VALUES (4, 'absent_attendence', '1', '0', 1, 1, 1, 'Absent Attendence', '', 'Absent Notice :{{student_name}}  was absent on date {{date}} in period {{subject_name}} {{subject_code}} {{subject_type}} from Your School Name', '{{student_name}} {{mobileno}} {{email}} {{father_name}} {{father_phone}} {{father_occupation}} {{mother_name}} {{mother_phone}} {{guardian_name}} {{guardian_phone}} {{guardian_occupation}} {{guardian_email}} {{date}} {{current_session_name}}             {{time_from}} {{time_to}} {{subject_name}} {{subject_code}} {{subject_type}}  ', '2022-01-31 11:04:04');
INSERT INTO `notification_setting` (`id`, `type`, `is_mail`, `is_sms`, `is_notification`, `display_notification`, `display_sms`, `subject`, `template_id`, `template`, `variables`, `created_at`) VALUES (5, 'login_credential', '1', '0', 0, 0, 1, 'Login Credential', '', 'Cloud Academy<br>\r\nWelcome to Cloud Academy CRM! We are so happy you are here.<br><br>\r\nLogin in your account by clicking the link below<br>\r\n\r\nHello {{display_name}} <br>\r\nyour login details for Url: {{url}} <br>\r\nUsername: {{username}}  <br>\r\nPassword: {{password}}<br>\r\n<br>\r\nWe will be in touch with you, but should you need to reach our team sooner, feel free to contact us at: support@smartschool.one<br>\r\nWe are happy to help!<br><br>\r\nThanks<br>\r\nCloud Academy CRM Team<br>', '{{url}} {{display_name}} {{username}} {{password}}', '2022-01-31 10:59:39');
INSERT INTO `notification_setting` (`id`, `type`, `is_mail`, `is_sms`, `is_notification`, `display_notification`, `display_sms`, `subject`, `template_id`, `template`, `variables`, `created_at`) VALUES (6, 'homework', '1', '0', 1, 1, 1, 'Homework', '', 'New Homework has been created for \r\n{{student_name}} at\r\n\r\n\r\n\r\n{{homework_date}} for the class {{class}} {{section}} {{subject}}. kindly submit your\r\n\r\n\r\n homework before {{submit_date}} .Thank you', '{{homework_date}} {{submit_date}} {{class}} {{section}} {{subject}} {{student_name}}', '2022-01-31 11:04:04');
INSERT INTO `notification_setting` (`id`, `type`, `is_mail`, `is_sms`, `is_notification`, `display_notification`, `display_sms`, `subject`, `template_id`, `template`, `variables`, `created_at`) VALUES (7, 'fees_reminder', '1', '0', 1, 1, 1, 'Fees Reminder', '', 'Dear parents, please pay fee amount Rs.{{due_amount}} of {{fee_type}} before {{due_date}} for {{student_name}}  from smart school (ignore if you already paid)', '{{fee_type}}{{fee_code}}{{due_date}}{{student_name}}{{school_name}}{{fee_amount}}{{due_amount}}{{deposit_amount}} ', '2022-01-31 11:04:04');
INSERT INTO `notification_setting` (`id`, `type`, `is_mail`, `is_sms`, `is_notification`, `display_notification`, `display_sms`, `subject`, `template_id`, `template`, `variables`, `created_at`) VALUES (8, 'forgot_password', '1', '0', 0, 0, 0, 'Forgot Password', '', 'Dear  {{name}} , \r\n    Recently a request was submitted to reset password for your account. If you didn\'t make the request, just ignore this email. Otherwise you can reset your password using this link <a href=\'{{resetPassLink}}\'>Click here to reset your password</a>,\r\nif you\'re having trouble clicking the password reset button, copy and paste the URL below into your web browser. your username {{username}}\r\n{{resetPassLink}}\r\n Regards,\r\n {{school_name}}', '{{school_name}}{{name}}{{username}}{{resetPassLink}} ', '2021-06-02 08:45:08');
INSERT INTO `notification_setting` (`id`, `type`, `is_mail`, `is_sms`, `is_notification`, `display_notification`, `display_sms`, `subject`, `template_id`, `template`, `variables`, `created_at`) VALUES (9, 'online_examination_publish_exam', '1', '0', 1, 1, 1, 'Online Examination Publish Exam', '', 'A new exam {{exam_title}} has been created for  duration: {{time_duration}} min, which will be available from:  {{exam_from}} to  {{exam_to}}.', '{{exam_title}} {{exam_from}} {{exam_to}} {{time_duration}} {{attempt}} {{passing_percentage}}', '2022-01-31 11:04:04');
INSERT INTO `notification_setting` (`id`, `type`, `is_mail`, `is_sms`, `is_notification`, `display_notification`, `display_sms`, `subject`, `template_id`, `template`, `variables`, `created_at`) VALUES (10, 'online_examination_publish_result', '1', '0', 1, 1, 1, 'Online Examination Publish Result', '', 'Exam {{exam_title}} result has been declared which was conducted between  {{exam_from}} to   {{exam_to}}, for more details, please check your student portal.', '{{exam_title}} {{exam_from}} {{exam_to}} {{time_duration}} {{attempt}} {{passing_percentage}}', '2022-01-31 11:04:04');
INSERT INTO `notification_setting` (`id`, `type`, `is_mail`, `is_sms`, `is_notification`, `display_notification`, `display_sms`, `subject`, `template_id`, `template`, `variables`, `created_at`) VALUES (11, 'online_admission_form_submission', '1', '0', 1, 1, 1, 'Online Admission Form Submission', '', 'Cloud Academy<br>\r\nWelcome to Cloud Academy CRM! We are so happy you are here.<br><br>\r\n\r\nDear {{firstname}}  {{lastname}} <br>\r\nyour online admission form is Submitted successfully  on date {{date}}. <br>\r\nYour Reference number is {{reference_no}}. <br>\r\nPlease remember your reference number for further process.<br><br>\r\n\r\nWe will be in touch with you, but should you need to reach our team sooner, feel free to contact us at: support@smartschool.one<br>\r\n\r\nWe are happy to help!<br><br>\r\n Thanks <br>\r\nCloud Academy CRM Team', ' {{firstname}} {{lastname}} {{date}} {{reference_no}}', '2022-01-31 11:04:04');
INSERT INTO `notification_setting` (`id`, `type`, `is_mail`, `is_sms`, `is_notification`, `display_notification`, `display_sms`, `subject`, `template_id`, `template`, `variables`, `created_at`) VALUES (12, 'online_admission_fees_submission', '1', '0', 1, 1, 1, 'Online Admission Fees Submission', '', 'Dear {{firstname}}  {{lastname}} your online admission form is Submitted successfully and the payment of {{paid_amount}} has recieved successfully on date {{date}}. Your Reference number is {{reference_no}}. Please remember your reference number for further process.', ' {{firstname}} {{lastname}} {{date}} {{paid_amount}} {{reference_no}}', '2022-01-31 11:04:04');
INSERT INTO `notification_setting` (`id`, `type`, `is_mail`, `is_sms`, `is_notification`, `display_notification`, `display_sms`, `subject`, `template_id`, `template`, `variables`, `created_at`) VALUES (13, 'online_classes', '1', '0', 1, 1, 1, 'Zoom Live Classes', '', 'Dear student, your live class {{title}} has been scheduled on {{date}} for the duration of {{duration}} minute, please do not share the link to any body.', '{{title}} {{date}} {{duration}}', '2022-01-31 11:04:04');
INSERT INTO `notification_setting` (`id`, `type`, `is_mail`, `is_sms`, `is_notification`, `display_notification`, `display_sms`, `subject`, `template_id`, `template`, `variables`, `created_at`) VALUES (14, 'online_meeting', '1', '0', 0, 0, 1, 'Zoom Live Meeting', '', 'Dear staff, your live meeting {{title}} has been scheduled on {{date}} for the duration of {{duration}} minute, please do not share the link to any body.', '{{title}} {{date}} {{duration}} {{employee_id}} {{department}} {{designation}} {{name}} {{contact_no}} {{email}}', '2021-05-20 04:19:38');
INSERT INTO `notification_setting` (`id`, `type`, `is_mail`, `is_sms`, `is_notification`, `display_notification`, `display_sms`, `subject`, `template_id`, `template`, `variables`, `created_at`) VALUES (15, 'zoom_online_classes_start', '1', '0', 1, 1, 1, 'Zoom Live Classes Start', '', 'Dear student, your live class {{title}} has been started  for the duration of {{duration}} minute.', '{{title}} {{date}} {{duration}}', '2022-01-31 11:04:04');
INSERT INTO `notification_setting` (`id`, `type`, `is_mail`, `is_sms`, `is_notification`, `display_notification`, `display_sms`, `subject`, `template_id`, `template`, `variables`, `created_at`) VALUES (16, 'zoom_online_meeting_start', '1', '0', 0, 0, 1, 'Zoom Live Meeting Start', '', 'Dear {{name}},  your live meeting {{title}}  has been started  for the duration of {{duration}} minute.', '{{title}} {{date}} {{duration}} {{employee_id}} {{department}} {{designation}} {{name}} {{contact_no}} {{email}}', '2021-01-08 05:30:47');


#
# TABLE STRUCTURE FOR: online_admission_fields
#

DROP TABLE IF EXISTS `online_admission_fields`;

CREATE TABLE `online_admission_fields` (
  `id` int(11) NOT NULL AUTO_INCREMENT,
  `name` varchar(250) DEFAULT NULL,
  `status` int(1) DEFAULT NULL,
  `created_at` timestamp NOT NULL DEFAULT current_timestamp() ON UPDATE current_timestamp(),
  PRIMARY KEY (`id`)
) ENGINE=InnoDB AUTO_INCREMENT=41 DEFAULT CHARSET=utf8;

INSERT INTO `online_admission_fields` (`id`, `name`, `status`, `created_at`) VALUES (1, 'middlename', 0, '2021-05-28 10:29:23');
INSERT INTO `online_admission_fields` (`id`, `name`, `status`, `created_at`) VALUES (2, 'lastname', 1, '2021-06-02 04:49:19');
INSERT INTO `online_admission_fields` (`id`, `name`, `status`, `created_at`) VALUES (3, 'category', 0, '2021-06-02 04:48:35');
INSERT INTO `online_admission_fields` (`id`, `name`, `status`, `created_at`) VALUES (4, 'religion', 0, '2022-02-07 10:17:18');
INSERT INTO `online_admission_fields` (`id`, `name`, `status`, `created_at`) VALUES (5, 'cast', 0, '2021-06-02 04:48:35');
INSERT INTO `online_admission_fields` (`id`, `name`, `status`, `created_at`) VALUES (6, 'mobile_no', 1, '2021-06-02 04:50:24');
INSERT INTO `online_admission_fields` (`id`, `name`, `status`, `created_at`) VALUES (7, 'admission_date', 0, '2021-06-02 04:48:35');
INSERT INTO `online_admission_fields` (`id`, `name`, `status`, `created_at`) VALUES (8, 'student_photo', 0, '2021-06-02 04:48:35');
INSERT INTO `online_admission_fields` (`id`, `name`, `status`, `created_at`) VALUES (9, 'is_student_house', 0, '2021-05-29 13:22:53');
INSERT INTO `online_admission_fields` (`id`, `name`, `status`, `created_at`) VALUES (10, 'is_blood_group', 0, '2021-06-02 04:48:35');
INSERT INTO `online_admission_fields` (`id`, `name`, `status`, `created_at`) VALUES (11, 'student_height', 0, '2021-06-02 04:48:35');
INSERT INTO `online_admission_fields` (`id`, `name`, `status`, `created_at`) VALUES (12, 'student_weight', 0, '2021-06-02 04:48:35');
INSERT INTO `online_admission_fields` (`id`, `name`, `status`, `created_at`) VALUES (13, 'father_name', 0, '2021-06-02 04:48:35');
INSERT INTO `online_admission_fields` (`id`, `name`, `status`, `created_at`) VALUES (14, 'father_phone', 0, '2021-06-02 04:48:35');
INSERT INTO `online_admission_fields` (`id`, `name`, `status`, `created_at`) VALUES (15, 'father_occupation', 0, '2021-06-02 04:48:35');
INSERT INTO `online_admission_fields` (`id`, `name`, `status`, `created_at`) VALUES (16, 'father_pic', 0, '2021-06-02 04:48:35');
INSERT INTO `online_admission_fields` (`id`, `name`, `status`, `created_at`) VALUES (17, 'mother_name', 0, '2021-06-02 04:48:35');
INSERT INTO `online_admission_fields` (`id`, `name`, `status`, `created_at`) VALUES (18, 'mother_phone', 0, '2021-06-02 04:48:35');
INSERT INTO `online_admission_fields` (`id`, `name`, `status`, `created_at`) VALUES (19, 'mother_occupation', 0, '2021-06-02 04:48:35');
INSERT INTO `online_admission_fields` (`id`, `name`, `status`, `created_at`) VALUES (20, 'mother_pic', 0, '2021-06-02 04:48:35');
INSERT INTO `online_admission_fields` (`id`, `name`, `status`, `created_at`) VALUES (21, 'guardian_name', 1, '2021-06-02 04:50:54');
INSERT INTO `online_admission_fields` (`id`, `name`, `status`, `created_at`) VALUES (22, 'guardian_phone', 1, '2021-06-02 04:50:54');
INSERT INTO `online_admission_fields` (`id`, `name`, `status`, `created_at`) VALUES (23, 'if_guardian_is', 1, '2021-06-02 04:50:54');
INSERT INTO `online_admission_fields` (`id`, `name`, `status`, `created_at`) VALUES (24, 'guardian_relation', 1, '2021-06-02 04:50:54');
INSERT INTO `online_admission_fields` (`id`, `name`, `status`, `created_at`) VALUES (25, 'guardian_email', 1, '2021-06-02 04:51:35');
INSERT INTO `online_admission_fields` (`id`, `name`, `status`, `created_at`) VALUES (26, 'guardian_occupation', 1, '2021-06-02 04:51:26');
INSERT INTO `online_admission_fields` (`id`, `name`, `status`, `created_at`) VALUES (27, 'guardian_address', 1, '2021-06-02 04:51:31');
INSERT INTO `online_admission_fields` (`id`, `name`, `status`, `created_at`) VALUES (28, 'bank_account_no', 0, '2021-06-02 04:48:35');
INSERT INTO `online_admission_fields` (`id`, `name`, `status`, `created_at`) VALUES (29, 'bank_name', 0, '2021-06-02 04:48:35');
INSERT INTO `online_admission_fields` (`id`, `name`, `status`, `created_at`) VALUES (30, 'ifsc_code', 0, '2021-06-02 04:48:35');
INSERT INTO `online_admission_fields` (`id`, `name`, `status`, `created_at`) VALUES (31, 'national_identification_no', 0, '2021-06-02 04:48:35');
INSERT INTO `online_admission_fields` (`id`, `name`, `status`, `created_at`) VALUES (32, 'local_identification_no', 0, '2021-06-02 04:48:35');
INSERT INTO `online_admission_fields` (`id`, `name`, `status`, `created_at`) VALUES (33, 'rte', 0, '2021-06-02 04:48:35');
INSERT INTO `online_admission_fields` (`id`, `name`, `status`, `created_at`) VALUES (34, 'previous_school_details', 0, '2021-06-02 04:48:35');
INSERT INTO `online_admission_fields` (`id`, `name`, `status`, `created_at`) VALUES (35, 'guardian_photo', 1, '2021-06-02 04:51:29');
INSERT INTO `online_admission_fields` (`id`, `name`, `status`, `created_at`) VALUES (36, 'student_note', 0, '2021-06-02 04:55:08');
INSERT INTO `online_admission_fields` (`id`, `name`, `status`, `created_at`) VALUES (37, 'measurement_date', 0, '2021-06-02 04:48:35');
INSERT INTO `online_admission_fields` (`id`, `name`, `status`, `created_at`) VALUES (38, 'student_email', 1, '2021-06-02 04:49:38');
INSERT INTO `online_admission_fields` (`id`, `name`, `status`, `created_at`) VALUES (39, 'current_address', 0, '2021-06-02 04:48:35');
INSERT INTO `online_admission_fields` (`id`, `name`, `status`, `created_at`) VALUES (40, 'permanent_address', 0, '2021-06-02 04:48:35');


#
# TABLE STRUCTURE FOR: online_admission_payment
#

DROP TABLE IF EXISTS `online_admission_payment`;

CREATE TABLE `online_admission_payment` (
  `id` int(11) NOT NULL AUTO_INCREMENT,
  `admission_id` int(11) NOT NULL,
  `paid_amount` float(10,2) NOT NULL,
  `payment_mode` varchar(50) NOT NULL,
  `payment_type` varchar(100) NOT NULL,
  `transaction_id` varchar(100) NOT NULL,
  `note` varchar(100) NOT NULL,
  `date` datetime NOT NULL,
  PRIMARY KEY (`id`)
) ENGINE=InnoDB DEFAULT CHARSET=utf8;

#
# TABLE STRUCTURE FOR: online_admissions
#

DROP TABLE IF EXISTS `online_admissions`;

CREATE TABLE `online_admissions` (
  `id` int(11) NOT NULL AUTO_INCREMENT,
  `admission_no` varchar(100) DEFAULT NULL,
  `roll_no` varchar(100) DEFAULT NULL,
  `reference_no` varchar(50) NOT NULL,
  `admission_date` date DEFAULT NULL,
  `firstname` varchar(100) DEFAULT NULL,
  `middlename` varchar(255) NOT NULL,
  `lastname` varchar(100) DEFAULT NULL,
  `rte` varchar(20) NOT NULL DEFAULT 'No',
  `image` varchar(100) DEFAULT NULL,
  `mobileno` varchar(100) DEFAULT NULL,
  `email` varchar(100) DEFAULT NULL,
  `state` varchar(100) DEFAULT NULL,
  `city` varchar(100) DEFAULT NULL,
  `pincode` varchar(100) DEFAULT NULL,
  `religion` varchar(100) DEFAULT NULL,
  `cast` varchar(50) NOT NULL,
  `dob` date DEFAULT NULL,
  `gender` varchar(100) DEFAULT NULL,
  `current_address` text DEFAULT NULL,
  `permanent_address` text DEFAULT NULL,
  `category_id` int(11) DEFAULT NULL,
  `class_section_id` int(11) DEFAULT NULL,
  `route_id` int(11) NOT NULL,
  `school_house_id` int(11) DEFAULT NULL,
  `blood_group` varchar(200) NOT NULL,
  `vehroute_id` int(11) NOT NULL,
  `hostel_room_id` int(11) NOT NULL,
  `adhar_no` varchar(100) DEFAULT NULL,
  `samagra_id` varchar(100) DEFAULT NULL,
  `bank_account_no` varchar(100) DEFAULT NULL,
  `bank_name` varchar(100) DEFAULT NULL,
  `ifsc_code` varchar(100) DEFAULT NULL,
  `guardian_is` varchar(100) NOT NULL,
  `father_name` varchar(100) DEFAULT NULL,
  `father_phone` varchar(100) DEFAULT NULL,
  `father_occupation` varchar(100) DEFAULT NULL,
  `mother_name` varchar(100) DEFAULT NULL,
  `mother_phone` varchar(100) DEFAULT NULL,
  `mother_occupation` varchar(100) DEFAULT NULL,
  `guardian_name` varchar(100) DEFAULT NULL,
  `guardian_relation` varchar(100) DEFAULT NULL,
  `guardian_phone` varchar(100) DEFAULT NULL,
  `guardian_occupation` varchar(150) NOT NULL,
  `guardian_address` text DEFAULT NULL,
  `guardian_email` varchar(100) NOT NULL,
  `father_pic` varchar(200) NOT NULL,
  `mother_pic` varchar(200) NOT NULL,
  `guardian_pic` varchar(200) NOT NULL,
  `is_enroll` int(255) DEFAULT 0,
  `previous_school` text DEFAULT NULL,
  `height` varchar(100) NOT NULL,
  `weight` varchar(100) NOT NULL,
  `note` varchar(200) NOT NULL,
  `form_status` int(11) NOT NULL,
  `paid_status` int(11) NOT NULL,
  `measurement_date` date DEFAULT NULL,
  `app_key` text DEFAULT NULL,
  `document` text DEFAULT NULL,
  `disable_at` date NOT NULL,
  `created_at` timestamp NOT NULL DEFAULT current_timestamp() ON UPDATE current_timestamp(),
  `updated_at` date DEFAULT NULL,
  PRIMARY KEY (`id`)
) ENGINE=InnoDB AUTO_INCREMENT=2 DEFAULT CHARSET=utf8;

INSERT INTO `online_admissions` (`id`, `admission_no`, `roll_no`, `reference_no`, `admission_date`, `firstname`, `middlename`, `lastname`, `rte`, `image`, `mobileno`, `email`, `state`, `city`, `pincode`, `religion`, `cast`, `dob`, `gender`, `current_address`, `permanent_address`, `category_id`, `class_section_id`, `route_id`, `school_house_id`, `blood_group`, `vehroute_id`, `hostel_room_id`, `adhar_no`, `samagra_id`, `bank_account_no`, `bank_name`, `ifsc_code`, `guardian_is`, `father_name`, `father_phone`, `father_occupation`, `mother_name`, `mother_phone`, `mother_occupation`, `guardian_name`, `guardian_relation`, `guardian_phone`, `guardian_occupation`, `guardian_address`, `guardian_email`, `father_pic`, `mother_pic`, `guardian_pic`, `is_enroll`, `previous_school`, `height`, `weight`, `note`, `form_status`, `paid_status`, `measurement_date`, `app_key`, `document`, `disable_at`, `created_at`, `updated_at`) VALUES (1, NULL, NULL, '860975', NULL, 'yyy', '', 'rrr', 'No', NULL, '7485963214', 'gtr@gmil.com', NULL, NULL, NULL, NULL, '', '2022-02-16', 'Male', NULL, NULL, NULL, 4, 0, NULL, '', 0, 0, NULL, NULL, NULL, NULL, NULL, 'father', NULL, NULL, NULL, NULL, NULL, NULL, 'trtr', 'Father', '', '', '', '', '', '', '', 0, NULL, '', '', '', 0, 0, NULL, NULL, NULL, '0000-00-00', '2022-02-07 10:29:40', NULL);


#
# TABLE STRUCTURE FOR: onlineexam
#

DROP TABLE IF EXISTS `onlineexam`;

CREATE TABLE `onlineexam` (
  `id` int(11) NOT NULL AUTO_INCREMENT,
  `exam` text DEFAULT NULL,
  `attempt` int(11) NOT NULL,
  `exam_from` datetime DEFAULT NULL,
  `exam_to` datetime DEFAULT NULL,
  `is_quiz` int(11) NOT NULL DEFAULT 0,
  `auto_publish_date` datetime DEFAULT NULL,
  `time_from` time DEFAULT NULL,
  `time_to` time DEFAULT NULL,
  `duration` time NOT NULL,
  `passing_percentage` float NOT NULL DEFAULT 0,
  `description` text DEFAULT NULL,
  `session_id` int(11) DEFAULT NULL,
  `publish_result` int(11) NOT NULL DEFAULT 0,
  `is_active` varchar(1) DEFAULT '0',
  `is_marks_display` int(11) NOT NULL DEFAULT 0,
  `is_neg_marking` int(11) NOT NULL DEFAULT 0,
  `is_random_question` int(11) NOT NULL DEFAULT 0,
  `is_rank_generated` int(1) NOT NULL DEFAULT 0,
  `publish_exam_notification` int(1) NOT NULL,
  `publish_result_notification` int(1) NOT NULL,
  `created_at` timestamp NOT NULL DEFAULT current_timestamp() ON UPDATE current_timestamp(),
  `updated_at` date DEFAULT NULL,
  PRIMARY KEY (`id`)
) ENGINE=InnoDB AUTO_INCREMENT=5 DEFAULT CHARSET=utf8;

INSERT INTO `onlineexam` (`id`, `exam`, `attempt`, `exam_from`, `exam_to`, `is_quiz`, `auto_publish_date`, `time_from`, `time_to`, `duration`, `passing_percentage`, `description`, `session_id`, `publish_result`, `is_active`, `is_marks_display`, `is_neg_marking`, `is_random_question`, `is_rank_generated`, `publish_exam_notification`, `publish_result_notification`, `created_at`, `updated_at`) VALUES (3, 'English Quiz', 2, '2022-02-04 15:04:00', '2022-02-19 15:05:00', 1, NULL, NULL, NULL, '01:00:00', '50', '<p>English Quiz</p>', 16, 0, '1', 0, 0, 0, 0, 0, 0, '2022-02-04 09:35:35', NULL);
INSERT INTO `onlineexam` (`id`, `exam`, `attempt`, `exam_from`, `exam_to`, `is_quiz`, `auto_publish_date`, `time_from`, `time_to`, `duration`, `passing_percentage`, `description`, `session_id`, `publish_result`, `is_active`, `is_marks_display`, `is_neg_marking`, `is_random_question`, `is_rank_generated`, `publish_exam_notification`, `publish_result_notification`, `created_at`, `updated_at`) VALUES (4, 'Math Quiz', 2, '2022-02-04 15:04:00', '2022-02-27 15:05:00', 1, NULL, NULL, NULL, '01:00:00', '50', '<p>Math Quiz</p>', 16, 0, '1', 0, 0, 0, 0, 0, 0, '2022-02-04 09:36:29', NULL);


#
# TABLE STRUCTURE FOR: onlineexam_attempts
#

DROP TABLE IF EXISTS `onlineexam_attempts`;

CREATE TABLE `onlineexam_attempts` (
  `id` int(11) NOT NULL AUTO_INCREMENT,
  `onlineexam_student_id` int(11) NOT NULL,
  `created_at` timestamp NOT NULL DEFAULT current_timestamp() ON UPDATE current_timestamp(),
  `updated_at` date DEFAULT NULL,
  PRIMARY KEY (`id`)
) ENGINE=InnoDB AUTO_INCREMENT=3 DEFAULT CHARSET=utf8;

INSERT INTO `onlineexam_attempts` (`id`, `onlineexam_student_id`, `created_at`, `updated_at`) VALUES (1, 5, '2022-02-04 09:51:01', NULL);
INSERT INTO `onlineexam_attempts` (`id`, `onlineexam_student_id`, `created_at`, `updated_at`) VALUES (2, 11, '2022-02-07 06:25:37', NULL);


#
# TABLE STRUCTURE FOR: onlineexam_questions
#

DROP TABLE IF EXISTS `onlineexam_questions`;

CREATE TABLE `onlineexam_questions` (
  `id` int(11) NOT NULL AUTO_INCREMENT,
  `question_id` int(11) DEFAULT NULL,
  `onlineexam_id` int(11) DEFAULT NULL,
  `session_id` int(11) DEFAULT NULL,
  `marks` float(10,2) NOT NULL DEFAULT 0.00,
  `neg_marks` float(10,2) DEFAULT 0.00,
  `is_active` varchar(1) DEFAULT '0',
  `created_at` timestamp NOT NULL DEFAULT current_timestamp() ON UPDATE current_timestamp(),
  `updated_at` date DEFAULT NULL,
  PRIMARY KEY (`id`)
) ENGINE=InnoDB AUTO_INCREMENT=6 DEFAULT CHARSET=utf8;

INSERT INTO `onlineexam_questions` (`id`, `question_id`, `onlineexam_id`, `session_id`, `marks`, `neg_marks`, `is_active`, `created_at`, `updated_at`) VALUES (1, 4, 3, NULL, '1.00', '0.25', '0', '2022-02-04 09:36:55', NULL);
INSERT INTO `onlineexam_questions` (`id`, `question_id`, `onlineexam_id`, `session_id`, `marks`, `neg_marks`, `is_active`, `created_at`, `updated_at`) VALUES (3, 5, 3, NULL, '1.00', '0.25', '0', '2022-02-04 09:37:29', NULL);
INSERT INTO `onlineexam_questions` (`id`, `question_id`, `onlineexam_id`, `session_id`, `marks`, `neg_marks`, `is_active`, `created_at`, `updated_at`) VALUES (4, 6, 4, NULL, '1.00', '0.25', '0', '2022-02-04 09:37:47', NULL);
INSERT INTO `onlineexam_questions` (`id`, `question_id`, `onlineexam_id`, `session_id`, `marks`, `neg_marks`, `is_active`, `created_at`, `updated_at`) VALUES (5, 7, 4, NULL, '1.00', '0.25', '0', '2022-02-04 09:37:48', NULL);


#
# TABLE STRUCTURE FOR: onlineexam_student_results
#

DROP TABLE IF EXISTS `onlineexam_student_results`;

CREATE TABLE `onlineexam_student_results` (
  `id` int(11) NOT NULL AUTO_INCREMENT,
  `onlineexam_student_id` int(11) NOT NULL,
  `onlineexam_question_id` int(11) NOT NULL,
  `select_option` longtext DEFAULT NULL,
  `marks` float(10,2) NOT NULL DEFAULT 0.00,
  `remark` text DEFAULT NULL,
  `attachment_name` text DEFAULT NULL,
  `attachment_upload_name` varchar(250) DEFAULT NULL,
  `created_at` timestamp NOT NULL DEFAULT current_timestamp() ON UPDATE current_timestamp(),
  `updated_at` date DEFAULT NULL,
  PRIMARY KEY (`id`)
) ENGINE=InnoDB AUTO_INCREMENT=3 DEFAULT CHARSET=utf8;

INSERT INTO `onlineexam_student_results` (`id`, `onlineexam_student_id`, `onlineexam_question_id`, `select_option`, `marks`, `remark`, `attachment_name`, `attachment_upload_name`, `created_at`, `updated_at`) VALUES (1, 5, 3, 'opt_d', '0.00', NULL, '', '', '2022-02-04 09:51:17', NULL);
INSERT INTO `onlineexam_student_results` (`id`, `onlineexam_student_id`, `onlineexam_question_id`, `select_option`, `marks`, `remark`, `attachment_name`, `attachment_upload_name`, `created_at`, `updated_at`) VALUES (2, 5, 1, '[\"opt_c\"]', '0.00', NULL, '', '', '2022-02-04 09:51:17', NULL);


#
# TABLE STRUCTURE FOR: onlineexam_students
#

DROP TABLE IF EXISTS `onlineexam_students`;

CREATE TABLE `onlineexam_students` (
  `id` int(11) NOT NULL AUTO_INCREMENT,
  `onlineexam_id` int(11) DEFAULT NULL,
  `student_session_id` int(11) DEFAULT NULL,
  `is_attempted` int(1) NOT NULL DEFAULT 0,
  `rank` int(1) DEFAULT 0,
  `quiz_attempted` int(11) NOT NULL DEFAULT 0,
  `created_at` timestamp NOT NULL DEFAULT current_timestamp() ON UPDATE current_timestamp(),
  `updated_at` date DEFAULT NULL,
  PRIMARY KEY (`id`)
) ENGINE=InnoDB AUTO_INCREMENT=17 DEFAULT CHARSET=utf8;

INSERT INTO `onlineexam_students` (`id`, `onlineexam_id`, `student_session_id`, `is_attempted`, `rank`, `quiz_attempted`, `created_at`, `updated_at`) VALUES (1, 1, 1, 0, 0, 0, '2022-01-27 08:07:58', NULL);
INSERT INTO `onlineexam_students` (`id`, `onlineexam_id`, `student_session_id`, `is_attempted`, `rank`, `quiz_attempted`, `created_at`, `updated_at`) VALUES (2, 1, 3, 0, 0, 0, '2022-01-27 08:07:58', NULL);
INSERT INTO `onlineexam_students` (`id`, `onlineexam_id`, `student_session_id`, `is_attempted`, `rank`, `quiz_attempted`, `created_at`, `updated_at`) VALUES (3, 1, 4, 0, 0, 0, '2022-01-27 08:07:58', NULL);
INSERT INTO `onlineexam_students` (`id`, `onlineexam_id`, `student_session_id`, `is_attempted`, `rank`, `quiz_attempted`, `created_at`, `updated_at`) VALUES (4, 1, 5, 0, 0, 0, '2022-01-27 08:07:58', NULL);
INSERT INTO `onlineexam_students` (`id`, `onlineexam_id`, `student_session_id`, `is_attempted`, `rank`, `quiz_attempted`, `created_at`, `updated_at`) VALUES (5, 3, 1, 1, 0, 0, '2022-02-04 09:51:17', NULL);
INSERT INTO `onlineexam_students` (`id`, `onlineexam_id`, `student_session_id`, `is_attempted`, `rank`, `quiz_attempted`, `created_at`, `updated_at`) VALUES (6, 3, 3, 0, 0, 0, '2022-02-04 09:38:19', NULL);
INSERT INTO `onlineexam_students` (`id`, `onlineexam_id`, `student_session_id`, `is_attempted`, `rank`, `quiz_attempted`, `created_at`, `updated_at`) VALUES (7, 3, 4, 0, 0, 0, '2022-02-04 09:38:19', NULL);
INSERT INTO `onlineexam_students` (`id`, `onlineexam_id`, `student_session_id`, `is_attempted`, `rank`, `quiz_attempted`, `created_at`, `updated_at`) VALUES (8, 3, 5, 0, 0, 0, '2022-02-04 09:38:19', NULL);
INSERT INTO `onlineexam_students` (`id`, `onlineexam_id`, `student_session_id`, `is_attempted`, `rank`, `quiz_attempted`, `created_at`, `updated_at`) VALUES (9, 3, 6, 0, 0, 0, '2022-02-04 09:38:19', NULL);
INSERT INTO `onlineexam_students` (`id`, `onlineexam_id`, `student_session_id`, `is_attempted`, `rank`, `quiz_attempted`, `created_at`, `updated_at`) VALUES (10, 3, 8, 0, 0, 0, '2022-02-04 09:38:19', NULL);
INSERT INTO `onlineexam_students` (`id`, `onlineexam_id`, `student_session_id`, `is_attempted`, `rank`, `quiz_attempted`, `created_at`, `updated_at`) VALUES (11, 4, 1, 0, 0, 0, '2022-02-04 09:38:45', NULL);
INSERT INTO `onlineexam_students` (`id`, `onlineexam_id`, `student_session_id`, `is_attempted`, `rank`, `quiz_attempted`, `created_at`, `updated_at`) VALUES (12, 4, 3, 0, 0, 0, '2022-02-04 09:38:45', NULL);
INSERT INTO `onlineexam_students` (`id`, `onlineexam_id`, `student_session_id`, `is_attempted`, `rank`, `quiz_attempted`, `created_at`, `updated_at`) VALUES (13, 4, 4, 0, 0, 0, '2022-02-04 09:38:45', NULL);
INSERT INTO `onlineexam_students` (`id`, `onlineexam_id`, `student_session_id`, `is_attempted`, `rank`, `quiz_attempted`, `created_at`, `updated_at`) VALUES (14, 4, 5, 0, 0, 0, '2022-02-04 09:38:45', NULL);
INSERT INTO `onlineexam_students` (`id`, `onlineexam_id`, `student_session_id`, `is_attempted`, `rank`, `quiz_attempted`, `created_at`, `updated_at`) VALUES (15, 4, 6, 0, 0, 0, '2022-02-04 09:38:45', NULL);
INSERT INTO `onlineexam_students` (`id`, `onlineexam_id`, `student_session_id`, `is_attempted`, `rank`, `quiz_attempted`, `created_at`, `updated_at`) VALUES (16, 4, 8, 0, 0, 0, '2022-02-04 09:38:45', NULL);


#
# TABLE STRUCTURE FOR: payment_settings
#

DROP TABLE IF EXISTS `payment_settings`;

CREATE TABLE `payment_settings` (
  `id` int(11) NOT NULL AUTO_INCREMENT,
  `payment_type` varchar(200) NOT NULL,
  `api_username` varchar(200) DEFAULT NULL,
  `api_secret_key` varchar(200) NOT NULL,
  `salt` varchar(200) NOT NULL,
  `api_publishable_key` varchar(200) NOT NULL,
  `api_password` varchar(200) DEFAULT NULL,
  `api_signature` varchar(200) DEFAULT NULL,
  `api_email` varchar(200) DEFAULT NULL,
  `paypal_demo` varchar(100) NOT NULL,
  `account_no` varchar(200) NOT NULL,
  `is_active` varchar(255) DEFAULT 'no',
  `gateway_mode` int(11) NOT NULL COMMENT '0 Testing, 1 live',
  `paytm_website` varchar(255) NOT NULL,
  `paytm_industrytype` varchar(255) NOT NULL,
  `created_at` timestamp NOT NULL DEFAULT current_timestamp() ON UPDATE current_timestamp(),
  `updated_at` date DEFAULT NULL,
  PRIMARY KEY (`id`)
) ENGINE=InnoDB DEFAULT CHARSET=utf8;

#
# TABLE STRUCTURE FOR: payslip_allowance
#

DROP TABLE IF EXISTS `payslip_allowance`;

CREATE TABLE `payslip_allowance` (
  `id` int(11) NOT NULL AUTO_INCREMENT,
  `payslip_id` int(11) NOT NULL,
  `allowance_type` varchar(200) NOT NULL,
  `amount` float NOT NULL,
  `staff_id` int(11) NOT NULL,
  `cal_type` varchar(100) NOT NULL,
  PRIMARY KEY (`id`)
) ENGINE=InnoDB DEFAULT CHARSET=utf8;

#
# TABLE STRUCTURE FOR: permission_category
#

DROP TABLE IF EXISTS `permission_category`;

CREATE TABLE `permission_category` (
  `id` int(11) NOT NULL AUTO_INCREMENT,
  `perm_group_id` int(11) DEFAULT NULL,
  `name` varchar(100) DEFAULT NULL,
  `short_code` varchar(100) DEFAULT NULL,
  `enable_view` int(11) DEFAULT 0,
  `enable_add` int(11) DEFAULT 0,
  `enable_edit` int(11) DEFAULT 0,
  `enable_delete` int(11) DEFAULT 0,
  `created_at` timestamp NOT NULL DEFAULT current_timestamp() ON UPDATE current_timestamp(),
  PRIMARY KEY (`id`)
) ENGINE=InnoDB AUTO_INCREMENT=5006 DEFAULT CHARSET=utf8;

INSERT INTO `permission_category` (`id`, `perm_group_id`, `name`, `short_code`, `enable_view`, `enable_add`, `enable_edit`, `enable_delete`, `created_at`) VALUES (1, 1, 'Student', 'student', 1, 1, 1, 1, '2019-10-24 05:42:03');
INSERT INTO `permission_category` (`id`, `perm_group_id`, `name`, `short_code`, `enable_view`, `enable_add`, `enable_edit`, `enable_delete`, `created_at`) VALUES (2, 1, 'Import Student', 'import_student', 1, 0, 0, 0, '2018-06-22 10:17:19');
INSERT INTO `permission_category` (`id`, `perm_group_id`, `name`, `short_code`, `enable_view`, `enable_add`, `enable_edit`, `enable_delete`, `created_at`) VALUES (3, 1, 'Student Categories', 'student_categories', 1, 1, 1, 1, '2018-06-22 10:17:36');
INSERT INTO `permission_category` (`id`, `perm_group_id`, `name`, `short_code`, `enable_view`, `enable_add`, `enable_edit`, `enable_delete`, `created_at`) VALUES (4, 1, 'Student Houses', 'student_houses', 1, 1, 1, 1, '2018-06-22 10:17:53');
INSERT INTO `permission_category` (`id`, `perm_group_id`, `name`, `short_code`, `enable_view`, `enable_add`, `enable_edit`, `enable_delete`, `created_at`) VALUES (5, 2, 'Collect Fees', 'collect_fees', 1, 1, 0, 1, '2018-06-22 10:21:03');
INSERT INTO `permission_category` (`id`, `perm_group_id`, `name`, `short_code`, `enable_view`, `enable_add`, `enable_edit`, `enable_delete`, `created_at`) VALUES (6, 2, 'Fees Carry Forward', 'fees_carry_forward', 1, 0, 0, 0, '2018-06-27 00:18:15');
INSERT INTO `permission_category` (`id`, `perm_group_id`, `name`, `short_code`, `enable_view`, `enable_add`, `enable_edit`, `enable_delete`, `created_at`) VALUES (7, 2, 'Fees Master', 'fees_master', 1, 1, 1, 1, '2018-06-27 00:18:57');
INSERT INTO `permission_category` (`id`, `perm_group_id`, `name`, `short_code`, `enable_view`, `enable_add`, `enable_edit`, `enable_delete`, `created_at`) VALUES (8, 2, 'Fees Group', 'fees_group', 1, 1, 1, 1, '2018-06-22 10:21:46');
INSERT INTO `permission_category` (`id`, `perm_group_id`, `name`, `short_code`, `enable_view`, `enable_add`, `enable_edit`, `enable_delete`, `created_at`) VALUES (9, 3, 'Income', 'income', 1, 1, 1, 1, '2018-06-22 10:23:21');
INSERT INTO `permission_category` (`id`, `perm_group_id`, `name`, `short_code`, `enable_view`, `enable_add`, `enable_edit`, `enable_delete`, `created_at`) VALUES (10, 3, 'Income Head', 'income_head', 1, 1, 1, 1, '2018-06-22 10:22:44');
INSERT INTO `permission_category` (`id`, `perm_group_id`, `name`, `short_code`, `enable_view`, `enable_add`, `enable_edit`, `enable_delete`, `created_at`) VALUES (11, 3, 'Search Income', 'search_income', 1, 0, 0, 0, '2018-06-22 10:23:00');
INSERT INTO `permission_category` (`id`, `perm_group_id`, `name`, `short_code`, `enable_view`, `enable_add`, `enable_edit`, `enable_delete`, `created_at`) VALUES (12, 4, 'Expense', 'expense', 1, 1, 1, 1, '2018-06-22 10:24:06');
INSERT INTO `permission_category` (`id`, `perm_group_id`, `name`, `short_code`, `enable_view`, `enable_add`, `enable_edit`, `enable_delete`, `created_at`) VALUES (13, 4, 'Expense Head', 'expense_head', 1, 1, 1, 1, '2018-06-22 10:23:47');
INSERT INTO `permission_category` (`id`, `perm_group_id`, `name`, `short_code`, `enable_view`, `enable_add`, `enable_edit`, `enable_delete`, `created_at`) VALUES (14, 4, 'Search Expense', 'search_expense', 1, 0, 0, 0, '2018-06-22 10:24:13');
INSERT INTO `permission_category` (`id`, `perm_group_id`, `name`, `short_code`, `enable_view`, `enable_add`, `enable_edit`, `enable_delete`, `created_at`) VALUES (15, 5, 'Student / Period Attendance', 'student_attendance', 1, 1, 1, 0, '2019-11-29 01:19:05');
INSERT INTO `permission_category` (`id`, `perm_group_id`, `name`, `short_code`, `enable_view`, `enable_add`, `enable_edit`, `enable_delete`, `created_at`) VALUES (20, 6, 'Marks Grade', 'marks_grade', 1, 1, 1, 1, '2018-06-22 10:25:25');
INSERT INTO `permission_category` (`id`, `perm_group_id`, `name`, `short_code`, `enable_view`, `enable_add`, `enable_edit`, `enable_delete`, `created_at`) VALUES (21, 7, 'Class Timetable', 'class_timetable', 1, 0, 1, 0, '2019-11-24 03:05:17');
INSERT INTO `permission_category` (`id`, `perm_group_id`, `name`, `short_code`, `enable_view`, `enable_add`, `enable_edit`, `enable_delete`, `created_at`) VALUES (23, 7, 'Subject', 'subject', 1, 1, 1, 1, '2018-06-22 10:32:17');
INSERT INTO `permission_category` (`id`, `perm_group_id`, `name`, `short_code`, `enable_view`, `enable_add`, `enable_edit`, `enable_delete`, `created_at`) VALUES (24, 7, 'Class', 'class', 1, 1, 1, 1, '2018-06-22 10:32:35');
INSERT INTO `permission_category` (`id`, `perm_group_id`, `name`, `short_code`, `enable_view`, `enable_add`, `enable_edit`, `enable_delete`, `created_at`) VALUES (25, 7, 'Section', 'section', 1, 1, 1, 1, '2018-06-22 10:31:10');
INSERT INTO `permission_category` (`id`, `perm_group_id`, `name`, `short_code`, `enable_view`, `enable_add`, `enable_edit`, `enable_delete`, `created_at`) VALUES (26, 7, 'Promote Student', 'promote_student', 1, 0, 0, 0, '2018-06-22 10:32:47');
INSERT INTO `permission_category` (`id`, `perm_group_id`, `name`, `short_code`, `enable_view`, `enable_add`, `enable_edit`, `enable_delete`, `created_at`) VALUES (27, 8, 'Upload Content', 'upload_content', 1, 1, 0, 1, '2018-06-22 10:33:19');
INSERT INTO `permission_category` (`id`, `perm_group_id`, `name`, `short_code`, `enable_view`, `enable_add`, `enable_edit`, `enable_delete`, `created_at`) VALUES (28, 9, 'Books List', 'books', 1, 1, 1, 1, '2019-11-24 00:37:12');
INSERT INTO `permission_category` (`id`, `perm_group_id`, `name`, `short_code`, `enable_view`, `enable_add`, `enable_edit`, `enable_delete`, `created_at`) VALUES (29, 9, 'Issue Return', 'issue_return', 1, 0, 0, 0, '2019-11-24 00:37:18');
INSERT INTO `permission_category` (`id`, `perm_group_id`, `name`, `short_code`, `enable_view`, `enable_add`, `enable_edit`, `enable_delete`, `created_at`) VALUES (30, 9, 'Add Staff Member', 'add_staff_member', 1, 0, 0, 0, '2018-07-02 11:37:00');
INSERT INTO `permission_category` (`id`, `perm_group_id`, `name`, `short_code`, `enable_view`, `enable_add`, `enable_edit`, `enable_delete`, `created_at`) VALUES (31, 10, 'Issue Item', 'issue_item', 1, 1, 1, 1, '2019-11-29 06:39:27');
INSERT INTO `permission_category` (`id`, `perm_group_id`, `name`, `short_code`, `enable_view`, `enable_add`, `enable_edit`, `enable_delete`, `created_at`) VALUES (32, 10, 'Add Item Stock', 'item_stock', 1, 1, 1, 1, '2019-11-24 00:39:17');
INSERT INTO `permission_category` (`id`, `perm_group_id`, `name`, `short_code`, `enable_view`, `enable_add`, `enable_edit`, `enable_delete`, `created_at`) VALUES (33, 10, 'Add Item', 'item', 1, 1, 1, 1, '2019-11-24 00:39:39');
INSERT INTO `permission_category` (`id`, `perm_group_id`, `name`, `short_code`, `enable_view`, `enable_add`, `enable_edit`, `enable_delete`, `created_at`) VALUES (34, 10, 'Item Store', 'store', 1, 1, 1, 1, '2019-11-24 00:40:41');
INSERT INTO `permission_category` (`id`, `perm_group_id`, `name`, `short_code`, `enable_view`, `enable_add`, `enable_edit`, `enable_delete`, `created_at`) VALUES (35, 10, 'Item Supplier', 'supplier', 1, 1, 1, 1, '2019-11-24 00:40:49');
INSERT INTO `permission_category` (`id`, `perm_group_id`, `name`, `short_code`, `enable_view`, `enable_add`, `enable_edit`, `enable_delete`, `created_at`) VALUES (37, 11, 'Routes', 'routes', 1, 1, 1, 1, '2018-06-22 10:39:17');
INSERT INTO `permission_category` (`id`, `perm_group_id`, `name`, `short_code`, `enable_view`, `enable_add`, `enable_edit`, `enable_delete`, `created_at`) VALUES (38, 11, 'Vehicle', 'vehicle', 1, 1, 1, 1, '2018-06-22 10:39:36');
INSERT INTO `permission_category` (`id`, `perm_group_id`, `name`, `short_code`, `enable_view`, `enable_add`, `enable_edit`, `enable_delete`, `created_at`) VALUES (39, 11, 'Assign Vehicle', 'assign_vehicle', 1, 1, 1, 1, '2018-06-27 04:39:20');
INSERT INTO `permission_category` (`id`, `perm_group_id`, `name`, `short_code`, `enable_view`, `enable_add`, `enable_edit`, `enable_delete`, `created_at`) VALUES (40, 12, 'Hostel', 'hostel', 1, 1, 1, 1, '2018-06-22 10:40:49');
INSERT INTO `permission_category` (`id`, `perm_group_id`, `name`, `short_code`, `enable_view`, `enable_add`, `enable_edit`, `enable_delete`, `created_at`) VALUES (41, 12, 'Room Type', 'room_type', 1, 1, 1, 1, '2018-06-22 10:40:27');
INSERT INTO `permission_category` (`id`, `perm_group_id`, `name`, `short_code`, `enable_view`, `enable_add`, `enable_edit`, `enable_delete`, `created_at`) VALUES (42, 12, 'Hostel Rooms', 'hostel_rooms', 1, 1, 1, 1, '2018-06-25 06:23:03');
INSERT INTO `permission_category` (`id`, `perm_group_id`, `name`, `short_code`, `enable_view`, `enable_add`, `enable_edit`, `enable_delete`, `created_at`) VALUES (43, 13, 'Notice Board', 'notice_board', 1, 1, 1, 1, '2018-06-22 10:41:17');
INSERT INTO `permission_category` (`id`, `perm_group_id`, `name`, `short_code`, `enable_view`, `enable_add`, `enable_edit`, `enable_delete`, `created_at`) VALUES (44, 13, 'Email', 'email', 1, 0, 0, 0, '2019-11-26 05:20:37');
INSERT INTO `permission_category` (`id`, `perm_group_id`, `name`, `short_code`, `enable_view`, `enable_add`, `enable_edit`, `enable_delete`, `created_at`) VALUES (46, 13, 'Email / SMS Log', 'email_sms_log', 1, 0, 0, 0, '2018-06-22 10:41:23');
INSERT INTO `permission_category` (`id`, `perm_group_id`, `name`, `short_code`, `enable_view`, `enable_add`, `enable_edit`, `enable_delete`, `created_at`) VALUES (53, 15, 'Languages', 'languages', 0, 1, 0, 1, '2021-01-23 07:09:32');
INSERT INTO `permission_category` (`id`, `perm_group_id`, `name`, `short_code`, `enable_view`, `enable_add`, `enable_edit`, `enable_delete`, `created_at`) VALUES (54, 15, 'General Setting', 'general_setting', 1, 0, 1, 0, '2018-07-05 09:08:35');
INSERT INTO `permission_category` (`id`, `perm_group_id`, `name`, `short_code`, `enable_view`, `enable_add`, `enable_edit`, `enable_delete`, `created_at`) VALUES (55, 15, 'Session Setting', 'session_setting', 1, 1, 1, 1, '2018-06-22 10:44:15');
INSERT INTO `permission_category` (`id`, `perm_group_id`, `name`, `short_code`, `enable_view`, `enable_add`, `enable_edit`, `enable_delete`, `created_at`) VALUES (56, 15, 'Notification Setting', 'notification_setting', 1, 0, 1, 0, '2018-07-05 09:08:41');
INSERT INTO `permission_category` (`id`, `perm_group_id`, `name`, `short_code`, `enable_view`, `enable_add`, `enable_edit`, `enable_delete`, `created_at`) VALUES (57, 15, 'SMS Setting', 'sms_setting', 1, 0, 1, 0, '2018-07-05 09:08:47');
INSERT INTO `permission_category` (`id`, `perm_group_id`, `name`, `short_code`, `enable_view`, `enable_add`, `enable_edit`, `enable_delete`, `created_at`) VALUES (58, 15, 'Email Setting', 'email_setting', 1, 0, 1, 0, '2018-07-05 09:08:51');
INSERT INTO `permission_category` (`id`, `perm_group_id`, `name`, `short_code`, `enable_view`, `enable_add`, `enable_edit`, `enable_delete`, `created_at`) VALUES (59, 15, 'Front CMS Setting', 'front_cms_setting', 1, 0, 1, 0, '2018-07-05 09:08:55');
INSERT INTO `permission_category` (`id`, `perm_group_id`, `name`, `short_code`, `enable_view`, `enable_add`, `enable_edit`, `enable_delete`, `created_at`) VALUES (60, 15, 'Payment Methods', 'payment_methods', 1, 0, 1, 0, '2018-07-05 09:08:59');
INSERT INTO `permission_category` (`id`, `perm_group_id`, `name`, `short_code`, `enable_view`, `enable_add`, `enable_edit`, `enable_delete`, `created_at`) VALUES (61, 16, 'Menus', 'menus', 1, 1, 0, 1, '2018-07-09 03:50:06');
INSERT INTO `permission_category` (`id`, `perm_group_id`, `name`, `short_code`, `enable_view`, `enable_add`, `enable_edit`, `enable_delete`, `created_at`) VALUES (62, 16, 'Media Manager', 'media_manager', 1, 1, 0, 1, '2018-07-09 03:50:26');
INSERT INTO `permission_category` (`id`, `perm_group_id`, `name`, `short_code`, `enable_view`, `enable_add`, `enable_edit`, `enable_delete`, `created_at`) VALUES (63, 16, 'Banner Images', 'banner_images', 1, 1, 0, 1, '2018-06-22 10:46:02');
INSERT INTO `permission_category` (`id`, `perm_group_id`, `name`, `short_code`, `enable_view`, `enable_add`, `enable_edit`, `enable_delete`, `created_at`) VALUES (64, 16, 'Pages', 'pages', 1, 1, 1, 1, '2018-06-22 10:46:21');
INSERT INTO `permission_category` (`id`, `perm_group_id`, `name`, `short_code`, `enable_view`, `enable_add`, `enable_edit`, `enable_delete`, `created_at`) VALUES (65, 16, 'Gallery', 'gallery', 1, 1, 1, 1, '2018-06-22 10:47:02');
INSERT INTO `permission_category` (`id`, `perm_group_id`, `name`, `short_code`, `enable_view`, `enable_add`, `enable_edit`, `enable_delete`, `created_at`) VALUES (66, 16, 'Event', 'event', 1, 1, 1, 1, '2018-06-22 10:47:20');
INSERT INTO `permission_category` (`id`, `perm_group_id`, `name`, `short_code`, `enable_view`, `enable_add`, `enable_edit`, `enable_delete`, `created_at`) VALUES (67, 16, 'News', 'notice', 1, 1, 1, 1, '2018-07-03 08:39:34');
INSERT INTO `permission_category` (`id`, `perm_group_id`, `name`, `short_code`, `enable_view`, `enable_add`, `enable_edit`, `enable_delete`, `created_at`) VALUES (68, 2, 'Fees Group Assign', 'fees_group_assign', 1, 0, 0, 0, '2018-06-22 10:20:42');
INSERT INTO `permission_category` (`id`, `perm_group_id`, `name`, `short_code`, `enable_view`, `enable_add`, `enable_edit`, `enable_delete`, `created_at`) VALUES (69, 2, 'Fees Type', 'fees_type', 1, 1, 1, 1, '2018-06-22 10:19:34');
INSERT INTO `permission_category` (`id`, `perm_group_id`, `name`, `short_code`, `enable_view`, `enable_add`, `enable_edit`, `enable_delete`, `created_at`) VALUES (70, 2, 'Fees Discount', 'fees_discount', 1, 1, 1, 1, '2018-06-22 10:20:10');
INSERT INTO `permission_category` (`id`, `perm_group_id`, `name`, `short_code`, `enable_view`, `enable_add`, `enable_edit`, `enable_delete`, `created_at`) VALUES (71, 2, 'Fees Discount Assign', 'fees_discount_assign', 1, 0, 0, 0, '2018-06-22 10:20:17');
INSERT INTO `permission_category` (`id`, `perm_group_id`, `name`, `short_code`, `enable_view`, `enable_add`, `enable_edit`, `enable_delete`, `created_at`) VALUES (73, 2, 'Search Fees Payment', 'search_fees_payment', 1, 0, 0, 0, '2018-06-22 10:20:27');
INSERT INTO `permission_category` (`id`, `perm_group_id`, `name`, `short_code`, `enable_view`, `enable_add`, `enable_edit`, `enable_delete`, `created_at`) VALUES (74, 2, 'Search Due Fees', 'search_due_fees', 1, 0, 0, 0, '2018-06-22 10:20:35');
INSERT INTO `permission_category` (`id`, `perm_group_id`, `name`, `short_code`, `enable_view`, `enable_add`, `enable_edit`, `enable_delete`, `created_at`) VALUES (77, 7, 'Assign Class Teacher', 'assign_class_teacher', 1, 1, 1, 1, '2018-06-22 10:30:52');
INSERT INTO `permission_category` (`id`, `perm_group_id`, `name`, `short_code`, `enable_view`, `enable_add`, `enable_edit`, `enable_delete`, `created_at`) VALUES (78, 17, 'Admission Enquiry', 'admission_enquiry', 1, 1, 1, 1, '2018-06-22 10:51:24');
INSERT INTO `permission_category` (`id`, `perm_group_id`, `name`, `short_code`, `enable_view`, `enable_add`, `enable_edit`, `enable_delete`, `created_at`) VALUES (79, 17, 'Follow Up Admission Enquiry', 'follow_up_admission_enquiry', 1, 1, 0, 1, '2018-06-22 10:51:39');
INSERT INTO `permission_category` (`id`, `perm_group_id`, `name`, `short_code`, `enable_view`, `enable_add`, `enable_edit`, `enable_delete`, `created_at`) VALUES (80, 17, 'Visitor Book', 'visitor_book', 1, 1, 1, 1, '2018-06-22 10:48:58');
INSERT INTO `permission_category` (`id`, `perm_group_id`, `name`, `short_code`, `enable_view`, `enable_add`, `enable_edit`, `enable_delete`, `created_at`) VALUES (81, 17, 'Phone Call Log', 'phone_call_log', 1, 1, 1, 1, '2018-06-22 10:50:57');
INSERT INTO `permission_category` (`id`, `perm_group_id`, `name`, `short_code`, `enable_view`, `enable_add`, `enable_edit`, `enable_delete`, `created_at`) VALUES (82, 17, 'Postal Dispatch', 'postal_dispatch', 1, 1, 1, 1, '2018-06-22 10:50:21');
INSERT INTO `permission_category` (`id`, `perm_group_id`, `name`, `short_code`, `enable_view`, `enable_add`, `enable_edit`, `enable_delete`, `created_at`) VALUES (83, 17, 'Postal Receive', 'postal_receive', 1, 1, 1, 1, '2018-06-22 10:50:04');
INSERT INTO `permission_category` (`id`, `perm_group_id`, `name`, `short_code`, `enable_view`, `enable_add`, `enable_edit`, `enable_delete`, `created_at`) VALUES (84, 17, 'Complain', 'complaint', 1, 1, 1, 1, '2018-07-03 08:40:55');
INSERT INTO `permission_category` (`id`, `perm_group_id`, `name`, `short_code`, `enable_view`, `enable_add`, `enable_edit`, `enable_delete`, `created_at`) VALUES (85, 17, 'Setup Font Office', 'setup_font_office', 1, 1, 1, 1, '2018-06-22 10:49:24');
INSERT INTO `permission_category` (`id`, `perm_group_id`, `name`, `short_code`, `enable_view`, `enable_add`, `enable_edit`, `enable_delete`, `created_at`) VALUES (86, 18, 'Staff', 'staff', 1, 1, 1, 1, '2018-06-22 10:53:31');
INSERT INTO `permission_category` (`id`, `perm_group_id`, `name`, `short_code`, `enable_view`, `enable_add`, `enable_edit`, `enable_delete`, `created_at`) VALUES (87, 18, 'Disable Staff', 'disable_staff', 1, 0, 0, 0, '2018-06-22 10:53:12');
INSERT INTO `permission_category` (`id`, `perm_group_id`, `name`, `short_code`, `enable_view`, `enable_add`, `enable_edit`, `enable_delete`, `created_at`) VALUES (88, 18, 'Staff Attendance', 'staff_attendance', 1, 1, 1, 0, '2018-06-22 10:53:10');
INSERT INTO `permission_category` (`id`, `perm_group_id`, `name`, `short_code`, `enable_view`, `enable_add`, `enable_edit`, `enable_delete`, `created_at`) VALUES (90, 18, 'Staff Payroll', 'staff_payroll', 1, 1, 0, 1, '2018-06-22 10:52:51');
INSERT INTO `permission_category` (`id`, `perm_group_id`, `name`, `short_code`, `enable_view`, `enable_add`, `enable_edit`, `enable_delete`, `created_at`) VALUES (93, 19, 'Homework', 'homework', 1, 1, 1, 1, '2018-06-22 10:53:50');
INSERT INTO `permission_category` (`id`, `perm_group_id`, `name`, `short_code`, `enable_view`, `enable_add`, `enable_edit`, `enable_delete`, `created_at`) VALUES (94, 19, 'Homework Evaluation', 'homework_evaluation', 1, 1, 0, 0, '2018-06-27 03:07:21');
INSERT INTO `permission_category` (`id`, `perm_group_id`, `name`, `short_code`, `enable_view`, `enable_add`, `enable_edit`, `enable_delete`, `created_at`) VALUES (96, 20, 'Student Certificate', 'student_certificate', 1, 1, 1, 1, '2018-07-06 10:41:07');
INSERT INTO `permission_category` (`id`, `perm_group_id`, `name`, `short_code`, `enable_view`, `enable_add`, `enable_edit`, `enable_delete`, `created_at`) VALUES (97, 20, 'Generate Certificate', 'generate_certificate', 1, 0, 0, 0, '2018-07-06 10:37:16');
INSERT INTO `permission_category` (`id`, `perm_group_id`, `name`, `short_code`, `enable_view`, `enable_add`, `enable_edit`, `enable_delete`, `created_at`) VALUES (98, 20, 'Student ID Card', 'student_id_card', 1, 1, 1, 1, '2018-07-06 10:41:28');
INSERT INTO `permission_category` (`id`, `perm_group_id`, `name`, `short_code`, `enable_view`, `enable_add`, `enable_edit`, `enable_delete`, `created_at`) VALUES (99, 20, 'Generate ID Card', 'generate_id_card', 1, 0, 0, 0, '2018-07-06 10:41:49');
INSERT INTO `permission_category` (`id`, `perm_group_id`, `name`, `short_code`, `enable_view`, `enable_add`, `enable_edit`, `enable_delete`, `created_at`) VALUES (102, 21, 'Calendar To Do List', 'calendar_to_do_list', 1, 1, 1, 1, '2018-06-22 10:54:41');
INSERT INTO `permission_category` (`id`, `perm_group_id`, `name`, `short_code`, `enable_view`, `enable_add`, `enable_edit`, `enable_delete`, `created_at`) VALUES (104, 10, 'Item Category', 'item_category', 1, 1, 1, 1, '2018-06-22 10:34:33');
INSERT INTO `permission_category` (`id`, `perm_group_id`, `name`, `short_code`, `enable_view`, `enable_add`, `enable_edit`, `enable_delete`, `created_at`) VALUES (106, 22, 'Quick Session Change', 'quick_session_change', 1, 0, 0, 0, '2018-06-22 10:54:45');
INSERT INTO `permission_category` (`id`, `perm_group_id`, `name`, `short_code`, `enable_view`, `enable_add`, `enable_edit`, `enable_delete`, `created_at`) VALUES (107, 1, 'Disable Student', 'disable_student', 1, 0, 0, 0, '2018-06-25 06:21:34');
INSERT INTO `permission_category` (`id`, `perm_group_id`, `name`, `short_code`, `enable_view`, `enable_add`, `enable_edit`, `enable_delete`, `created_at`) VALUES (108, 18, ' Approve Leave Request', 'approve_leave_request', 1, 0, 1, 1, '2020-10-05 08:56:27');
INSERT INTO `permission_category` (`id`, `perm_group_id`, `name`, `short_code`, `enable_view`, `enable_add`, `enable_edit`, `enable_delete`, `created_at`) VALUES (109, 18, 'Apply Leave', 'apply_leave', 1, 1, 0, 0, '2019-11-28 23:47:46');
INSERT INTO `permission_category` (`id`, `perm_group_id`, `name`, `short_code`, `enable_view`, `enable_add`, `enable_edit`, `enable_delete`, `created_at`) VALUES (110, 18, 'Leave Types ', 'leave_types', 1, 1, 1, 1, '2018-07-02 10:17:56');
INSERT INTO `permission_category` (`id`, `perm_group_id`, `name`, `short_code`, `enable_view`, `enable_add`, `enable_edit`, `enable_delete`, `created_at`) VALUES (111, 18, 'Department', 'department', 1, 1, 1, 1, '2018-06-26 03:57:07');
INSERT INTO `permission_category` (`id`, `perm_group_id`, `name`, `short_code`, `enable_view`, `enable_add`, `enable_edit`, `enable_delete`, `created_at`) VALUES (112, 18, 'Designation', 'designation', 1, 1, 1, 1, '2018-06-26 03:57:07');
INSERT INTO `permission_category` (`id`, `perm_group_id`, `name`, `short_code`, `enable_view`, `enable_add`, `enable_edit`, `enable_delete`, `created_at`) VALUES (113, 22, 'Fees Collection And Expense Monthly Chart', 'fees_collection_and_expense_monthly_chart', 1, 0, 0, 0, '2018-07-03 07:08:15');
INSERT INTO `permission_category` (`id`, `perm_group_id`, `name`, `short_code`, `enable_view`, `enable_add`, `enable_edit`, `enable_delete`, `created_at`) VALUES (114, 22, 'Fees Collection And Expense Yearly Chart', 'fees_collection_and_expense_yearly_chart', 1, 0, 0, 0, '2018-07-03 07:08:15');
INSERT INTO `permission_category` (`id`, `perm_group_id`, `name`, `short_code`, `enable_view`, `enable_add`, `enable_edit`, `enable_delete`, `created_at`) VALUES (115, 22, 'Monthly Fees Collection Widget', 'Monthly fees_collection_widget', 1, 0, 0, 0, '2018-07-03 07:13:35');
INSERT INTO `permission_category` (`id`, `perm_group_id`, `name`, `short_code`, `enable_view`, `enable_add`, `enable_edit`, `enable_delete`, `created_at`) VALUES (116, 22, 'Monthly Expense Widget', 'monthly_expense_widget', 1, 0, 0, 0, '2018-07-03 07:13:35');
INSERT INTO `permission_category` (`id`, `perm_group_id`, `name`, `short_code`, `enable_view`, `enable_add`, `enable_edit`, `enable_delete`, `created_at`) VALUES (117, 22, 'Student Count Widget', 'student_count_widget', 1, 0, 0, 0, '2018-07-03 07:13:35');
INSERT INTO `permission_category` (`id`, `perm_group_id`, `name`, `short_code`, `enable_view`, `enable_add`, `enable_edit`, `enable_delete`, `created_at`) VALUES (118, 22, 'Staff Role Count Widget', 'staff_role_count_widget', 1, 0, 0, 0, '2018-07-03 07:13:35');
INSERT INTO `permission_category` (`id`, `perm_group_id`, `name`, `short_code`, `enable_view`, `enable_add`, `enable_edit`, `enable_delete`, `created_at`) VALUES (122, 5, 'Attendance By Date', 'attendance_by_date', 1, 0, 0, 0, '2018-07-03 08:42:29');
INSERT INTO `permission_category` (`id`, `perm_group_id`, `name`, `short_code`, `enable_view`, `enable_add`, `enable_edit`, `enable_delete`, `created_at`) VALUES (123, 9, 'Add Student', 'add_student', 1, 0, 0, 0, '2018-07-03 08:42:29');
INSERT INTO `permission_category` (`id`, `perm_group_id`, `name`, `short_code`, `enable_view`, `enable_add`, `enable_edit`, `enable_delete`, `created_at`) VALUES (126, 15, 'User Status', 'user_status', 1, 0, 0, 0, '2018-07-03 08:42:29');
INSERT INTO `permission_category` (`id`, `perm_group_id`, `name`, `short_code`, `enable_view`, `enable_add`, `enable_edit`, `enable_delete`, `created_at`) VALUES (127, 18, 'Can See Other Users Profile', 'can_see_other_users_profile', 1, 0, 0, 0, '2018-07-03 08:42:29');
INSERT INTO `permission_category` (`id`, `perm_group_id`, `name`, `short_code`, `enable_view`, `enable_add`, `enable_edit`, `enable_delete`, `created_at`) VALUES (128, 1, 'Student Timeline', 'student_timeline', 0, 1, 0, 1, '2018-07-05 08:08:52');
INSERT INTO `permission_category` (`id`, `perm_group_id`, `name`, `short_code`, `enable_view`, `enable_add`, `enable_edit`, `enable_delete`, `created_at`) VALUES (129, 18, 'Staff Timeline', 'staff_timeline', 0, 1, 0, 1, '2018-07-05 08:08:52');
INSERT INTO `permission_category` (`id`, `perm_group_id`, `name`, `short_code`, `enable_view`, `enable_add`, `enable_edit`, `enable_delete`, `created_at`) VALUES (130, 15, 'Backup', 'backup', 1, 1, 0, 1, '2018-07-09 04:17:17');
INSERT INTO `permission_category` (`id`, `perm_group_id`, `name`, `short_code`, `enable_view`, `enable_add`, `enable_edit`, `enable_delete`, `created_at`) VALUES (131, 15, 'Restore', 'restore', 1, 0, 0, 0, '2018-07-09 04:17:17');
INSERT INTO `permission_category` (`id`, `perm_group_id`, `name`, `short_code`, `enable_view`, `enable_add`, `enable_edit`, `enable_delete`, `created_at`) VALUES (134, 1, 'Disable Reason', 'disable_reason', 1, 1, 1, 1, '2019-11-27 06:39:21');
INSERT INTO `permission_category` (`id`, `perm_group_id`, `name`, `short_code`, `enable_view`, `enable_add`, `enable_edit`, `enable_delete`, `created_at`) VALUES (135, 2, 'Fees Reminder', 'fees_reminder', 1, 0, 1, 0, '2019-10-25 00:39:49');
INSERT INTO `permission_category` (`id`, `perm_group_id`, `name`, `short_code`, `enable_view`, `enable_add`, `enable_edit`, `enable_delete`, `created_at`) VALUES (136, 5, 'Approve Leave', 'approve_leave', 1, 0, 0, 0, '2019-10-25 00:46:44');
INSERT INTO `permission_category` (`id`, `perm_group_id`, `name`, `short_code`, `enable_view`, `enable_add`, `enable_edit`, `enable_delete`, `created_at`) VALUES (137, 6, 'Exam Group', 'exam_group', 1, 1, 1, 1, '2019-10-25 01:02:34');
INSERT INTO `permission_category` (`id`, `perm_group_id`, `name`, `short_code`, `enable_view`, `enable_add`, `enable_edit`, `enable_delete`, `created_at`) VALUES (141, 6, 'Design Admit Card', 'design_admit_card', 1, 1, 1, 1, '2019-10-25 01:06:59');
INSERT INTO `permission_category` (`id`, `perm_group_id`, `name`, `short_code`, `enable_view`, `enable_add`, `enable_edit`, `enable_delete`, `created_at`) VALUES (142, 6, 'Print Admit Card', 'print_admit_card', 1, 0, 0, 0, '2019-11-23 23:57:51');
INSERT INTO `permission_category` (`id`, `perm_group_id`, `name`, `short_code`, `enable_view`, `enable_add`, `enable_edit`, `enable_delete`, `created_at`) VALUES (143, 6, 'Design Marksheet', 'design_marksheet', 1, 1, 1, 1, '2019-10-25 01:10:25');
INSERT INTO `permission_category` (`id`, `perm_group_id`, `name`, `short_code`, `enable_view`, `enable_add`, `enable_edit`, `enable_delete`, `created_at`) VALUES (144, 6, 'Print Marksheet', 'print_marksheet', 1, 0, 0, 0, '2019-10-25 01:11:02');
INSERT INTO `permission_category` (`id`, `perm_group_id`, `name`, `short_code`, `enable_view`, `enable_add`, `enable_edit`, `enable_delete`, `created_at`) VALUES (145, 7, 'Teachers Timetable', 'teachers_time_table', 1, 0, 0, 0, '2019-11-30 02:52:21');
INSERT INTO `permission_category` (`id`, `perm_group_id`, `name`, `short_code`, `enable_view`, `enable_add`, `enable_edit`, `enable_delete`, `created_at`) VALUES (146, 14, 'Student Report', 'student_report', 1, 0, 0, 0, '2019-10-25 01:27:00');
INSERT INTO `permission_category` (`id`, `perm_group_id`, `name`, `short_code`, `enable_view`, `enable_add`, `enable_edit`, `enable_delete`, `created_at`) VALUES (147, 14, 'Guardian Report', 'guardian_report', 1, 0, 0, 0, '2019-10-25 01:30:27');
INSERT INTO `permission_category` (`id`, `perm_group_id`, `name`, `short_code`, `enable_view`, `enable_add`, `enable_edit`, `enable_delete`, `created_at`) VALUES (148, 14, 'Student History', 'student_history', 1, 0, 0, 0, '2019-10-25 01:39:07');
INSERT INTO `permission_category` (`id`, `perm_group_id`, `name`, `short_code`, `enable_view`, `enable_add`, `enable_edit`, `enable_delete`, `created_at`) VALUES (149, 14, 'Student Login Credential Report', 'student_login_credential_report', 1, 0, 0, 0, '2019-10-25 01:39:07');
INSERT INTO `permission_category` (`id`, `perm_group_id`, `name`, `short_code`, `enable_view`, `enable_add`, `enable_edit`, `enable_delete`, `created_at`) VALUES (150, 14, 'Class Subject Report', 'class_subject_report', 1, 0, 0, 0, '2019-10-25 01:39:07');
INSERT INTO `permission_category` (`id`, `perm_group_id`, `name`, `short_code`, `enable_view`, `enable_add`, `enable_edit`, `enable_delete`, `created_at`) VALUES (151, 14, 'Admission Report', 'admission_report', 1, 0, 0, 0, '2019-10-25 01:39:07');
INSERT INTO `permission_category` (`id`, `perm_group_id`, `name`, `short_code`, `enable_view`, `enable_add`, `enable_edit`, `enable_delete`, `created_at`) VALUES (152, 14, 'Sibling Report', 'sibling_report', 1, 0, 0, 0, '2019-10-25 01:39:07');
INSERT INTO `permission_category` (`id`, `perm_group_id`, `name`, `short_code`, `enable_view`, `enable_add`, `enable_edit`, `enable_delete`, `created_at`) VALUES (153, 14, 'Homework Evaluation Report', 'homehork_evaluation_report', 1, 0, 0, 0, '2019-11-24 01:04:24');
INSERT INTO `permission_category` (`id`, `perm_group_id`, `name`, `short_code`, `enable_view`, `enable_add`, `enable_edit`, `enable_delete`, `created_at`) VALUES (154, 14, 'Student Profile', 'student_profile', 1, 0, 0, 0, '2019-10-25 01:39:07');
INSERT INTO `permission_category` (`id`, `perm_group_id`, `name`, `short_code`, `enable_view`, `enable_add`, `enable_edit`, `enable_delete`, `created_at`) VALUES (155, 14, 'Fees Statement', 'fees_statement', 1, 0, 0, 0, '2019-10-25 01:55:52');
INSERT INTO `permission_category` (`id`, `perm_group_id`, `name`, `short_code`, `enable_view`, `enable_add`, `enable_edit`, `enable_delete`, `created_at`) VALUES (156, 14, 'Balance Fees Report', 'balance_fees_report', 1, 0, 0, 0, '2019-10-25 01:55:52');
INSERT INTO `permission_category` (`id`, `perm_group_id`, `name`, `short_code`, `enable_view`, `enable_add`, `enable_edit`, `enable_delete`, `created_at`) VALUES (157, 14, 'Fees Collection Report', 'fees_collection_report', 1, 0, 0, 0, '2019-10-25 01:55:52');
INSERT INTO `permission_category` (`id`, `perm_group_id`, `name`, `short_code`, `enable_view`, `enable_add`, `enable_edit`, `enable_delete`, `created_at`) VALUES (158, 14, 'Online Fees Collection Report', 'online_fees_collection_report', 1, 0, 0, 0, '2019-10-25 01:55:52');
INSERT INTO `permission_category` (`id`, `perm_group_id`, `name`, `short_code`, `enable_view`, `enable_add`, `enable_edit`, `enable_delete`, `created_at`) VALUES (159, 14, 'Income Report', 'income_report', 1, 0, 0, 0, '2019-10-25 01:55:52');
INSERT INTO `permission_category` (`id`, `perm_group_id`, `name`, `short_code`, `enable_view`, `enable_add`, `enable_edit`, `enable_delete`, `created_at`) VALUES (160, 14, 'Expense Report', 'expense_report', 1, 0, 0, 0, '2019-10-25 01:55:52');
INSERT INTO `permission_category` (`id`, `perm_group_id`, `name`, `short_code`, `enable_view`, `enable_add`, `enable_edit`, `enable_delete`, `created_at`) VALUES (161, 14, 'PayRoll Report', 'payroll_report', 1, 0, 0, 0, '2019-10-31 00:23:22');
INSERT INTO `permission_category` (`id`, `perm_group_id`, `name`, `short_code`, `enable_view`, `enable_add`, `enable_edit`, `enable_delete`, `created_at`) VALUES (162, 14, 'Income Group Report', 'income_group_report', 1, 0, 0, 0, '2019-10-25 01:55:52');
INSERT INTO `permission_category` (`id`, `perm_group_id`, `name`, `short_code`, `enable_view`, `enable_add`, `enable_edit`, `enable_delete`, `created_at`) VALUES (163, 14, 'Expense Group Report', 'expense_group_report', 1, 0, 0, 0, '2019-10-25 01:55:52');
INSERT INTO `permission_category` (`id`, `perm_group_id`, `name`, `short_code`, `enable_view`, `enable_add`, `enable_edit`, `enable_delete`, `created_at`) VALUES (164, 14, 'Attendance Report', 'attendance_report', 1, 0, 0, 0, '2019-10-25 02:08:06');
INSERT INTO `permission_category` (`id`, `perm_group_id`, `name`, `short_code`, `enable_view`, `enable_add`, `enable_edit`, `enable_delete`, `created_at`) VALUES (165, 14, 'Staff Attendance Report', 'staff_attendance_report', 1, 0, 0, 0, '2019-10-25 02:08:06');
INSERT INTO `permission_category` (`id`, `perm_group_id`, `name`, `short_code`, `enable_view`, `enable_add`, `enable_edit`, `enable_delete`, `created_at`) VALUES (174, 14, 'Transport Report', 'transport_report', 1, 0, 0, 0, '2019-10-25 02:13:56');
INSERT INTO `permission_category` (`id`, `perm_group_id`, `name`, `short_code`, `enable_view`, `enable_add`, `enable_edit`, `enable_delete`, `created_at`) VALUES (175, 14, 'Hostel Report', 'hostel_report', 1, 0, 0, 0, '2019-11-27 06:51:53');
INSERT INTO `permission_category` (`id`, `perm_group_id`, `name`, `short_code`, `enable_view`, `enable_add`, `enable_edit`, `enable_delete`, `created_at`) VALUES (176, 14, 'Audit Trail Report', 'audit_trail_report', 1, 0, 0, 0, '2019-10-25 02:16:39');
INSERT INTO `permission_category` (`id`, `perm_group_id`, `name`, `short_code`, `enable_view`, `enable_add`, `enable_edit`, `enable_delete`, `created_at`) VALUES (177, 14, 'User Log', 'user_log', 1, 0, 0, 0, '2019-10-25 02:19:27');
INSERT INTO `permission_category` (`id`, `perm_group_id`, `name`, `short_code`, `enable_view`, `enable_add`, `enable_edit`, `enable_delete`, `created_at`) VALUES (178, 14, 'Book Issue Report', 'book_issue_report', 1, 0, 0, 0, '2019-10-25 02:29:04');
INSERT INTO `permission_category` (`id`, `perm_group_id`, `name`, `short_code`, `enable_view`, `enable_add`, `enable_edit`, `enable_delete`, `created_at`) VALUES (179, 14, 'Book Due Report', 'book_due_report', 1, 0, 0, 0, '2019-10-25 02:29:04');
INSERT INTO `permission_category` (`id`, `perm_group_id`, `name`, `short_code`, `enable_view`, `enable_add`, `enable_edit`, `enable_delete`, `created_at`) VALUES (180, 14, 'Book Inventory Report', 'book_inventory_report', 1, 0, 0, 0, '2019-10-25 02:29:04');
INSERT INTO `permission_category` (`id`, `perm_group_id`, `name`, `short_code`, `enable_view`, `enable_add`, `enable_edit`, `enable_delete`, `created_at`) VALUES (181, 14, 'Stock Report', 'stock_report', 1, 0, 0, 0, '2019-10-25 02:31:28');
INSERT INTO `permission_category` (`id`, `perm_group_id`, `name`, `short_code`, `enable_view`, `enable_add`, `enable_edit`, `enable_delete`, `created_at`) VALUES (182, 14, 'Add Item Report', 'add_item_report', 1, 0, 0, 0, '2019-10-25 02:31:28');
INSERT INTO `permission_category` (`id`, `perm_group_id`, `name`, `short_code`, `enable_view`, `enable_add`, `enable_edit`, `enable_delete`, `created_at`) VALUES (183, 14, 'Issue Item Report', 'issue_item_report', 1, 0, 0, 0, '2019-11-29 03:48:06');
INSERT INTO `permission_category` (`id`, `perm_group_id`, `name`, `short_code`, `enable_view`, `enable_add`, `enable_edit`, `enable_delete`, `created_at`) VALUES (185, 23, 'Online Examination', 'online_examination', 1, 1, 1, 1, '2019-11-23 23:54:50');
INSERT INTO `permission_category` (`id`, `perm_group_id`, `name`, `short_code`, `enable_view`, `enable_add`, `enable_edit`, `enable_delete`, `created_at`) VALUES (186, 23, 'Question Bank', 'question_bank', 1, 1, 1, 1, '2019-11-23 23:55:18');
INSERT INTO `permission_category` (`id`, `perm_group_id`, `name`, `short_code`, `enable_view`, `enable_add`, `enable_edit`, `enable_delete`, `created_at`) VALUES (187, 6, 'Exam Result', 'exam_result', 1, 0, 0, 0, '2019-11-23 23:58:50');
INSERT INTO `permission_category` (`id`, `perm_group_id`, `name`, `short_code`, `enable_view`, `enable_add`, `enable_edit`, `enable_delete`, `created_at`) VALUES (188, 7, 'Subject Group', 'subject_group', 1, 1, 1, 1, '2019-11-24 00:34:32');
INSERT INTO `permission_category` (`id`, `perm_group_id`, `name`, `short_code`, `enable_view`, `enable_add`, `enable_edit`, `enable_delete`, `created_at`) VALUES (189, 18, 'Teachers Rating', 'teachers_rating', 1, 0, 1, 1, '2019-11-24 03:12:54');
INSERT INTO `permission_category` (`id`, `perm_group_id`, `name`, `short_code`, `enable_view`, `enable_add`, `enable_edit`, `enable_delete`, `created_at`) VALUES (190, 22, 'Fees Awaiting Payment Widegts', 'fees_awaiting_payment_widegts', 1, 0, 0, 0, '2019-11-24 00:52:51');
INSERT INTO `permission_category` (`id`, `perm_group_id`, `name`, `short_code`, `enable_view`, `enable_add`, `enable_edit`, `enable_delete`, `created_at`) VALUES (191, 22, 'Conveted Leads Widegts', 'conveted_leads_widegts', 1, 0, 0, 0, '2019-11-24 00:58:24');
INSERT INTO `permission_category` (`id`, `perm_group_id`, `name`, `short_code`, `enable_view`, `enable_add`, `enable_edit`, `enable_delete`, `created_at`) VALUES (192, 22, 'Fees Overview Widegts', 'fees_overview_widegts', 1, 0, 0, 0, '2019-11-24 00:57:41');
INSERT INTO `permission_category` (`id`, `perm_group_id`, `name`, `short_code`, `enable_view`, `enable_add`, `enable_edit`, `enable_delete`, `created_at`) VALUES (193, 22, 'Enquiry Overview Widegts', 'enquiry_overview_widegts', 1, 0, 0, 0, '2019-12-02 05:06:09');
INSERT INTO `permission_category` (`id`, `perm_group_id`, `name`, `short_code`, `enable_view`, `enable_add`, `enable_edit`, `enable_delete`, `created_at`) VALUES (194, 22, 'Library Overview Widegts', 'book_overview_widegts', 1, 0, 0, 0, '2019-12-01 01:13:04');
INSERT INTO `permission_category` (`id`, `perm_group_id`, `name`, `short_code`, `enable_view`, `enable_add`, `enable_edit`, `enable_delete`, `created_at`) VALUES (195, 22, 'Student Today Attendance Widegts', 'today_attendance_widegts', 1, 0, 0, 0, '2019-12-03 04:57:45');
INSERT INTO `permission_category` (`id`, `perm_group_id`, `name`, `short_code`, `enable_view`, `enable_add`, `enable_edit`, `enable_delete`, `created_at`) VALUES (196, 6, 'Marks Import', 'marks_import', 1, 0, 0, 0, '2019-11-24 01:02:11');
INSERT INTO `permission_category` (`id`, `perm_group_id`, `name`, `short_code`, `enable_view`, `enable_add`, `enable_edit`, `enable_delete`, `created_at`) VALUES (197, 14, 'Student Attendance Type Report', 'student_attendance_type_report', 1, 0, 0, 0, '2019-11-24 01:06:32');
INSERT INTO `permission_category` (`id`, `perm_group_id`, `name`, `short_code`, `enable_view`, `enable_add`, `enable_edit`, `enable_delete`, `created_at`) VALUES (198, 14, 'Exam Marks Report', 'exam_marks_report', 1, 0, 0, 0, '2019-11-24 01:11:15');
INSERT INTO `permission_category` (`id`, `perm_group_id`, `name`, `short_code`, `enable_view`, `enable_add`, `enable_edit`, `enable_delete`, `created_at`) VALUES (200, 14, 'Online Exam Wise Report', 'online_exam_wise_report', 1, 0, 0, 0, '2019-11-24 01:18:14');
INSERT INTO `permission_category` (`id`, `perm_group_id`, `name`, `short_code`, `enable_view`, `enable_add`, `enable_edit`, `enable_delete`, `created_at`) VALUES (201, 14, 'Online Exams Report', 'online_exams_report', 1, 0, 0, 0, '2019-11-29 02:48:05');
INSERT INTO `permission_category` (`id`, `perm_group_id`, `name`, `short_code`, `enable_view`, `enable_add`, `enable_edit`, `enable_delete`, `created_at`) VALUES (202, 14, 'Online Exams Attempt Report', 'online_exams_attempt_report', 1, 0, 0, 0, '2019-11-29 02:46:24');
INSERT INTO `permission_category` (`id`, `perm_group_id`, `name`, `short_code`, `enable_view`, `enable_add`, `enable_edit`, `enable_delete`, `created_at`) VALUES (203, 14, 'Online Exams Rank Report', 'online_exams_rank_report', 1, 0, 0, 0, '2019-11-24 01:22:25');
INSERT INTO `permission_category` (`id`, `perm_group_id`, `name`, `short_code`, `enable_view`, `enable_add`, `enable_edit`, `enable_delete`, `created_at`) VALUES (204, 14, 'Staff Report', 'staff_report', 1, 0, 0, 0, '2019-11-24 01:25:27');
INSERT INTO `permission_category` (`id`, `perm_group_id`, `name`, `short_code`, `enable_view`, `enable_add`, `enable_edit`, `enable_delete`, `created_at`) VALUES (205, 6, 'Exam', 'exam', 1, 1, 1, 1, '2019-11-24 04:55:48');
INSERT INTO `permission_category` (`id`, `perm_group_id`, `name`, `short_code`, `enable_view`, `enable_add`, `enable_edit`, `enable_delete`, `created_at`) VALUES (207, 6, 'Exam Publish', 'exam_publish', 1, 0, 0, 0, '2019-11-24 05:15:04');
INSERT INTO `permission_category` (`id`, `perm_group_id`, `name`, `short_code`, `enable_view`, `enable_add`, `enable_edit`, `enable_delete`, `created_at`) VALUES (208, 6, 'Link Exam', 'link_exam', 1, 0, 1, 0, '2019-11-24 05:15:04');
INSERT INTO `permission_category` (`id`, `perm_group_id`, `name`, `short_code`, `enable_view`, `enable_add`, `enable_edit`, `enable_delete`, `created_at`) VALUES (210, 6, 'Assign / View student', 'exam_assign_view_student', 1, 0, 1, 0, '2019-11-24 05:15:04');
INSERT INTO `permission_category` (`id`, `perm_group_id`, `name`, `short_code`, `enable_view`, `enable_add`, `enable_edit`, `enable_delete`, `created_at`) VALUES (211, 6, 'Exam Subject', 'exam_subject', 1, 0, 1, 0, '2019-11-24 05:15:04');
INSERT INTO `permission_category` (`id`, `perm_group_id`, `name`, `short_code`, `enable_view`, `enable_add`, `enable_edit`, `enable_delete`, `created_at`) VALUES (212, 6, 'Exam Marks', 'exam_marks', 1, 0, 1, 0, '2019-11-24 05:15:04');
INSERT INTO `permission_category` (`id`, `perm_group_id`, `name`, `short_code`, `enable_view`, `enable_add`, `enable_edit`, `enable_delete`, `created_at`) VALUES (213, 15, 'Language Switcher', 'language_switcher', 1, 0, 0, 0, '2019-11-24 05:17:11');
INSERT INTO `permission_category` (`id`, `perm_group_id`, `name`, `short_code`, `enable_view`, `enable_add`, `enable_edit`, `enable_delete`, `created_at`) VALUES (214, 23, 'Add Questions in Exam ', 'add_questions_in_exam', 1, 0, 1, 0, '2019-11-28 01:38:57');
INSERT INTO `permission_category` (`id`, `perm_group_id`, `name`, `short_code`, `enable_view`, `enable_add`, `enable_edit`, `enable_delete`, `created_at`) VALUES (215, 15, 'Custom Fields', 'custom_fields', 1, 0, 0, 0, '2019-11-29 04:08:35');
INSERT INTO `permission_category` (`id`, `perm_group_id`, `name`, `short_code`, `enable_view`, `enable_add`, `enable_edit`, `enable_delete`, `created_at`) VALUES (216, 15, 'System Fields', 'system_fields', 1, 0, 0, 0, '2019-11-25 00:15:01');
INSERT INTO `permission_category` (`id`, `perm_group_id`, `name`, `short_code`, `enable_view`, `enable_add`, `enable_edit`, `enable_delete`, `created_at`) VALUES (217, 13, 'SMS', 'sms', 1, 0, 0, 0, '2018-06-22 10:40:54');
INSERT INTO `permission_category` (`id`, `perm_group_id`, `name`, `short_code`, `enable_view`, `enable_add`, `enable_edit`, `enable_delete`, `created_at`) VALUES (219, 14, 'Student / Period Attendance Report', 'student_period_attendance_report', 1, 0, 0, 0, '2019-11-29 02:19:31');
INSERT INTO `permission_category` (`id`, `perm_group_id`, `name`, `short_code`, `enable_view`, `enable_add`, `enable_edit`, `enable_delete`, `created_at`) VALUES (220, 14, 'Biometric Attendance Log', 'biometric_attendance_log', 1, 0, 0, 0, '2019-11-27 05:59:16');
INSERT INTO `permission_category` (`id`, `perm_group_id`, `name`, `short_code`, `enable_view`, `enable_add`, `enable_edit`, `enable_delete`, `created_at`) VALUES (221, 14, 'Book Issue Return Report', 'book_issue_return_report', 1, 0, 0, 0, '2019-11-27 06:30:23');
INSERT INTO `permission_category` (`id`, `perm_group_id`, `name`, `short_code`, `enable_view`, `enable_add`, `enable_edit`, `enable_delete`, `created_at`) VALUES (222, 23, 'Assign / View Student', 'online_assign_view_student', 1, 0, 1, 0, '2019-11-28 04:20:22');
INSERT INTO `permission_category` (`id`, `perm_group_id`, `name`, `short_code`, `enable_view`, `enable_add`, `enable_edit`, `enable_delete`, `created_at`) VALUES (223, 14, 'Rank Report', 'rank_report', 1, 0, 0, 0, '2019-11-29 02:30:21');
INSERT INTO `permission_category` (`id`, `perm_group_id`, `name`, `short_code`, `enable_view`, `enable_add`, `enable_edit`, `enable_delete`, `created_at`) VALUES (224, 25, 'Chat', 'chat', 1, 0, 0, 0, '2019-11-29 04:10:28');
INSERT INTO `permission_category` (`id`, `perm_group_id`, `name`, `short_code`, `enable_view`, `enable_add`, `enable_edit`, `enable_delete`, `created_at`) VALUES (226, 22, 'Income Donut Graph', 'income_donut_graph', 1, 0, 0, 0, '2019-11-29 05:00:33');
INSERT INTO `permission_category` (`id`, `perm_group_id`, `name`, `short_code`, `enable_view`, `enable_add`, `enable_edit`, `enable_delete`, `created_at`) VALUES (227, 22, 'Expense Donut Graph', 'expense_donut_graph', 1, 0, 0, 0, '2019-11-29 05:01:10');
INSERT INTO `permission_category` (`id`, `perm_group_id`, `name`, `short_code`, `enable_view`, `enable_add`, `enable_edit`, `enable_delete`, `created_at`) VALUES (228, 9, 'Import Book', 'import_book', 1, 0, 0, 0, '2019-11-29 06:21:01');
INSERT INTO `permission_category` (`id`, `perm_group_id`, `name`, `short_code`, `enable_view`, `enable_add`, `enable_edit`, `enable_delete`, `created_at`) VALUES (229, 22, 'Staff Present Today Widegts', 'staff_present_today_widegts', 1, 0, 0, 0, '2019-11-29 06:48:00');
INSERT INTO `permission_category` (`id`, `perm_group_id`, `name`, `short_code`, `enable_view`, `enable_add`, `enable_edit`, `enable_delete`, `created_at`) VALUES (230, 22, 'Student Present Today Widegts', 'student_present_today_widegts', 1, 0, 0, 0, '2019-11-29 06:47:42');
INSERT INTO `permission_category` (`id`, `perm_group_id`, `name`, `short_code`, `enable_view`, `enable_add`, `enable_edit`, `enable_delete`, `created_at`) VALUES (231, 26, 'Multi Class Student', 'multi_class_student', 1, 1, 1, 1, '2020-10-05 08:56:27');
INSERT INTO `permission_category` (`id`, `perm_group_id`, `name`, `short_code`, `enable_view`, `enable_add`, `enable_edit`, `enable_delete`, `created_at`) VALUES (232, 27, 'Online Admission', 'online_admission', 1, 0, 1, 1, '2019-12-02 06:11:10');
INSERT INTO `permission_category` (`id`, `perm_group_id`, `name`, `short_code`, `enable_view`, `enable_add`, `enable_edit`, `enable_delete`, `created_at`) VALUES (233, 15, 'Print Header Footer', 'print_header_footer', 1, 0, 0, 0, '2020-02-12 02:02:02');
INSERT INTO `permission_category` (`id`, `perm_group_id`, `name`, `short_code`, `enable_view`, `enable_add`, `enable_edit`, `enable_delete`, `created_at`) VALUES (234, 28, 'Manage Alumni', 'manage_alumni', 1, 1, 1, 1, '2020-06-02 03:15:46');
INSERT INTO `permission_category` (`id`, `perm_group_id`, `name`, `short_code`, `enable_view`, `enable_add`, `enable_edit`, `enable_delete`, `created_at`) VALUES (235, 28, 'Events', 'events', 1, 1, 1, 1, '2020-05-28 21:48:52');
INSERT INTO `permission_category` (`id`, `perm_group_id`, `name`, `short_code`, `enable_view`, `enable_add`, `enable_edit`, `enable_delete`, `created_at`) VALUES (236, 29, 'Manage Lesson Plan', 'manage_lesson_plan', 1, 1, 1, 0, '2020-05-28 22:17:37');
INSERT INTO `permission_category` (`id`, `perm_group_id`, `name`, `short_code`, `enable_view`, `enable_add`, `enable_edit`, `enable_delete`, `created_at`) VALUES (237, 29, 'Manage Syllabus Status', 'manage_syllabus_status', 1, 0, 1, 0, '2020-05-28 22:20:11');
INSERT INTO `permission_category` (`id`, `perm_group_id`, `name`, `short_code`, `enable_view`, `enable_add`, `enable_edit`, `enable_delete`, `created_at`) VALUES (238, 29, 'Lesson', 'lesson', 1, 1, 1, 1, '2020-05-28 22:20:11');
INSERT INTO `permission_category` (`id`, `perm_group_id`, `name`, `short_code`, `enable_view`, `enable_add`, `enable_edit`, `enable_delete`, `created_at`) VALUES (239, 29, 'Topic', 'topic', 1, 1, 1, 1, '2020-05-28 22:20:11');
INSERT INTO `permission_category` (`id`, `perm_group_id`, `name`, `short_code`, `enable_view`, `enable_add`, `enable_edit`, `enable_delete`, `created_at`) VALUES (240, 14, 'Syllabus Status Report', 'syllabus_status_report', 1, 0, 0, 0, '2020-05-28 23:17:54');
INSERT INTO `permission_category` (`id`, `perm_group_id`, `name`, `short_code`, `enable_view`, `enable_add`, `enable_edit`, `enable_delete`, `created_at`) VALUES (241, 14, 'Teacher Syllabus Status Report', 'teacher_syllabus_status_report', 1, 0, 0, 0, '2020-05-28 23:17:54');
INSERT INTO `permission_category` (`id`, `perm_group_id`, `name`, `short_code`, `enable_view`, `enable_add`, `enable_edit`, `enable_delete`, `created_at`) VALUES (242, 14, 'Alumni Report', 'alumni_report', 1, 0, 0, 0, '2020-06-07 23:59:54');
INSERT INTO `permission_category` (`id`, `perm_group_id`, `name`, `short_code`, `enable_view`, `enable_add`, `enable_edit`, `enable_delete`, `created_at`) VALUES (243, 15, 'Student Profile Update', 'student_profile_update', 1, 0, 0, 0, '2020-08-21 05:36:33');
INSERT INTO `permission_category` (`id`, `perm_group_id`, `name`, `short_code`, `enable_view`, `enable_add`, `enable_edit`, `enable_delete`, `created_at`) VALUES (244, 14, 'Student Gender Ratio Report', 'student_gender_ratio_report', 1, 0, 0, 0, '2020-08-22 12:37:51');
INSERT INTO `permission_category` (`id`, `perm_group_id`, `name`, `short_code`, `enable_view`, `enable_add`, `enable_edit`, `enable_delete`, `created_at`) VALUES (245, 14, 'Student Teacher Ratio Report', 'student_teacher_ratio_report', 1, 0, 0, 0, '2020-08-22 12:42:27');
INSERT INTO `permission_category` (`id`, `perm_group_id`, `name`, `short_code`, `enable_view`, `enable_add`, `enable_edit`, `enable_delete`, `created_at`) VALUES (246, 14, 'Daily Attendance Report', 'daily_attendance_report', 1, 0, 0, 0, '2020-08-22 12:43:16');
INSERT INTO `permission_category` (`id`, `perm_group_id`, `name`, `short_code`, `enable_view`, `enable_add`, `enable_edit`, `enable_delete`, `created_at`) VALUES (247, 23, 'Import Question', 'import_question', 1, 0, 0, 0, '2019-11-23 18:25:18');
INSERT INTO `permission_category` (`id`, `perm_group_id`, `name`, `short_code`, `enable_view`, `enable_add`, `enable_edit`, `enable_delete`, `created_at`) VALUES (248, 20, 'Staff ID Card', 'staff_id_card', 1, 1, 1, 1, '2018-07-06 10:41:28');
INSERT INTO `permission_category` (`id`, `perm_group_id`, `name`, `short_code`, `enable_view`, `enable_add`, `enable_edit`, `enable_delete`, `created_at`) VALUES (249, 20, 'Generate Staff ID Card', 'generate_staff_id_card', 1, 0, 0, 0, '2018-07-06 10:41:49');
INSERT INTO `permission_category` (`id`, `perm_group_id`, `name`, `short_code`, `enable_view`, `enable_add`, `enable_edit`, `enable_delete`, `created_at`) VALUES (5001, 500, 'Setting', 'setting', 1, 0, 1, 0, '2020-06-10 08:09:04');
INSERT INTO `permission_category` (`id`, `perm_group_id`, `name`, `short_code`, `enable_view`, `enable_add`, `enable_edit`, `enable_delete`, `created_at`) VALUES (5002, 500, 'Live Classes', 'live_classes', 1, 1, 0, 1, '2020-05-31 10:11:32');
INSERT INTO `permission_category` (`id`, `perm_group_id`, `name`, `short_code`, `enable_view`, `enable_add`, `enable_edit`, `enable_delete`, `created_at`) VALUES (5003, 500, 'Live Meeting', 'live_meeting', 1, 1, 0, 1, '2020-06-01 07:11:41');
INSERT INTO `permission_category` (`id`, `perm_group_id`, `name`, `short_code`, `enable_view`, `enable_add`, `enable_edit`, `enable_delete`, `created_at`) VALUES (5004, 500, 'Live Meeting Report', 'live_meeting_report', 1, 0, 0, 0, '2020-06-09 23:37:40');
INSERT INTO `permission_category` (`id`, `perm_group_id`, `name`, `short_code`, `enable_view`, `enable_add`, `enable_edit`, `enable_delete`, `created_at`) VALUES (5005, 500, 'Live Classes Report', 'live_classes_report', 1, 0, 0, 0, '2020-06-10 00:59:53');


#
# TABLE STRUCTURE FOR: permission_group
#

DROP TABLE IF EXISTS `permission_group`;

CREATE TABLE `permission_group` (
  `id` int(11) NOT NULL AUTO_INCREMENT,
  `name` varchar(100) DEFAULT NULL,
  `short_code` varchar(100) NOT NULL,
  `is_active` int(11) DEFAULT 0,
  `system` int(11) NOT NULL,
  `created_at` timestamp NOT NULL DEFAULT current_timestamp() ON UPDATE current_timestamp(),
  PRIMARY KEY (`id`)
) ENGINE=InnoDB AUTO_INCREMENT=501 DEFAULT CHARSET=utf8;

INSERT INTO `permission_group` (`id`, `name`, `short_code`, `is_active`, `system`, `created_at`) VALUES (1, 'Student Information', 'student_information', 1, 1, '2019-03-15 09:30:22');
INSERT INTO `permission_group` (`id`, `name`, `short_code`, `is_active`, `system`, `created_at`) VALUES (2, 'Fees Collection', 'fees_collection', 1, 0, '2021-12-10 14:41:59');
INSERT INTO `permission_group` (`id`, `name`, `short_code`, `is_active`, `system`, `created_at`) VALUES (3, 'Income', 'income', 1, 0, '2020-06-01 01:57:39');
INSERT INTO `permission_group` (`id`, `name`, `short_code`, `is_active`, `system`, `created_at`) VALUES (4, 'Expense', 'expense', 1, 0, '2019-03-15 09:06:22');
INSERT INTO `permission_group` (`id`, `name`, `short_code`, `is_active`, `system`, `created_at`) VALUES (5, 'Student Attendance', 'student_attendance', 1, 0, '2018-07-02 07:48:08');
INSERT INTO `permission_group` (`id`, `name`, `short_code`, `is_active`, `system`, `created_at`) VALUES (6, 'Examination', 'examination', 1, 0, '2018-07-11 02:49:08');
INSERT INTO `permission_group` (`id`, `name`, `short_code`, `is_active`, `system`, `created_at`) VALUES (7, 'Academics', 'academics', 1, 1, '2018-07-02 07:25:43');
INSERT INTO `permission_group` (`id`, `name`, `short_code`, `is_active`, `system`, `created_at`) VALUES (8, 'Download Center', 'download_center', 1, 0, '2018-07-02 07:49:29');
INSERT INTO `permission_group` (`id`, `name`, `short_code`, `is_active`, `system`, `created_at`) VALUES (9, 'Library', 'library', 1, 0, '2018-06-28 11:13:14');
INSERT INTO `permission_group` (`id`, `name`, `short_code`, `is_active`, `system`, `created_at`) VALUES (10, 'Inventory', 'inventory', 1, 0, '2018-06-27 00:48:58');
INSERT INTO `permission_group` (`id`, `name`, `short_code`, `is_active`, `system`, `created_at`) VALUES (11, 'Transport', 'transport', 1, 0, '2018-06-27 07:51:26');
INSERT INTO `permission_group` (`id`, `name`, `short_code`, `is_active`, `system`, `created_at`) VALUES (12, 'Hostel', 'hostel', 1, 0, '2018-07-02 07:49:32');
INSERT INTO `permission_group` (`id`, `name`, `short_code`, `is_active`, `system`, `created_at`) VALUES (13, 'Communicate', 'communicate', 1, 0, '2018-07-02 07:50:00');
INSERT INTO `permission_group` (`id`, `name`, `short_code`, `is_active`, `system`, `created_at`) VALUES (14, 'Reports', 'reports', 1, 1, '2018-06-27 03:40:22');
INSERT INTO `permission_group` (`id`, `name`, `short_code`, `is_active`, `system`, `created_at`) VALUES (15, 'System Settings', 'system_settings', 1, 1, '2018-06-27 03:40:28');
INSERT INTO `permission_group` (`id`, `name`, `short_code`, `is_active`, `system`, `created_at`) VALUES (16, 'Front CMS', 'front_cms', 1, 0, '2018-07-10 05:16:54');
INSERT INTO `permission_group` (`id`, `name`, `short_code`, `is_active`, `system`, `created_at`) VALUES (17, 'Front Office', 'front_office', 1, 0, '2018-06-27 03:45:30');
INSERT INTO `permission_group` (`id`, `name`, `short_code`, `is_active`, `system`, `created_at`) VALUES (18, 'Human Resource', 'human_resource', 1, 1, '2018-06-27 03:41:02');
INSERT INTO `permission_group` (`id`, `name`, `short_code`, `is_active`, `system`, `created_at`) VALUES (19, 'Homework', 'homework', 1, 0, '2018-06-27 00:49:38');
INSERT INTO `permission_group` (`id`, `name`, `short_code`, `is_active`, `system`, `created_at`) VALUES (20, 'Certificate', 'certificate', 1, 0, '2018-06-27 07:51:29');
INSERT INTO `permission_group` (`id`, `name`, `short_code`, `is_active`, `system`, `created_at`) VALUES (21, 'Calendar To Do List', 'calendar_to_do_list', 1, 0, '2019-03-15 09:06:25');
INSERT INTO `permission_group` (`id`, `name`, `short_code`, `is_active`, `system`, `created_at`) VALUES (22, 'Dashboard and Widgets', 'dashboard_and_widgets', 1, 1, '2018-06-27 03:41:17');
INSERT INTO `permission_group` (`id`, `name`, `short_code`, `is_active`, `system`, `created_at`) VALUES (23, 'Online Examination', 'online_examination', 1, 0, '2022-02-04 09:54:53');
INSERT INTO `permission_group` (`id`, `name`, `short_code`, `is_active`, `system`, `created_at`) VALUES (25, 'Chat', 'chat', 1, 0, '2019-11-23 23:54:04');
INSERT INTO `permission_group` (`id`, `name`, `short_code`, `is_active`, `system`, `created_at`) VALUES (26, 'Multi Class', 'multi_class', 1, 0, '2019-11-27 12:14:14');
INSERT INTO `permission_group` (`id`, `name`, `short_code`, `is_active`, `system`, `created_at`) VALUES (27, 'Online Admission', 'online_admission', 1, 0, '2019-11-27 02:42:13');
INSERT INTO `permission_group` (`id`, `name`, `short_code`, `is_active`, `system`, `created_at`) VALUES (28, 'Alumni', 'alumni', 1, 0, '2020-05-29 00:26:38');
INSERT INTO `permission_group` (`id`, `name`, `short_code`, `is_active`, `system`, `created_at`) VALUES (29, 'Lesson Plan', 'lesson_plan', 1, 0, '2020-06-07 05:38:30');
INSERT INTO `permission_group` (`id`, `name`, `short_code`, `is_active`, `system`, `created_at`) VALUES (500, 'Zoom Live Classes', 'zoom_live_classes', 1, 0, '2020-06-10 08:07:23');


#
# TABLE STRUCTURE FOR: permission_student
#

DROP TABLE IF EXISTS `permission_student`;

CREATE TABLE `permission_student` (
  `id` int(11) NOT NULL AUTO_INCREMENT,
  `name` varchar(100) DEFAULT NULL,
  `short_code` varchar(100) NOT NULL,
  `system` int(11) NOT NULL,
  `student` int(11) NOT NULL,
  `parent` int(11) NOT NULL,
  `group_id` int(11) NOT NULL,
  `created_at` timestamp NOT NULL DEFAULT current_timestamp() ON UPDATE current_timestamp(),
  PRIMARY KEY (`id`)
) ENGINE=InnoDB AUTO_INCREMENT=501 DEFAULT CHARSET=utf8;

INSERT INTO `permission_student` (`id`, `name`, `short_code`, `system`, `student`, `parent`, `group_id`, `created_at`) VALUES (1, 'Fees', 'fees', 0, 1, 1, 2, '2021-12-10 14:41:59');
INSERT INTO `permission_student` (`id`, `name`, `short_code`, `system`, `student`, `parent`, `group_id`, `created_at`) VALUES (2, 'Class Timetable', 'class_timetable', 1, 1, 1, 7, '2020-05-30 19:57:50');
INSERT INTO `permission_student` (`id`, `name`, `short_code`, `system`, `student`, `parent`, `group_id`, `created_at`) VALUES (3, 'Homework', 'homework', 0, 1, 1, 19, '2020-06-01 02:49:14');
INSERT INTO `permission_student` (`id`, `name`, `short_code`, `system`, `student`, `parent`, `group_id`, `created_at`) VALUES (4, 'Download Center', 'download_center', 0, 1, 1, 8, '2020-06-01 02:52:49');
INSERT INTO `permission_student` (`id`, `name`, `short_code`, `system`, `student`, `parent`, `group_id`, `created_at`) VALUES (5, 'Attendance', 'attendance', 0, 1, 1, 5, '2020-06-01 02:57:18');
INSERT INTO `permission_student` (`id`, `name`, `short_code`, `system`, `student`, `parent`, `group_id`, `created_at`) VALUES (7, 'Examinations', 'examinations', 0, 1, 1, 6, '2020-06-01 02:59:50');
INSERT INTO `permission_student` (`id`, `name`, `short_code`, `system`, `student`, `parent`, `group_id`, `created_at`) VALUES (8, 'Notice Board', 'notice_board', 0, 1, 1, 13, '2020-06-01 03:00:35');
INSERT INTO `permission_student` (`id`, `name`, `short_code`, `system`, `student`, `parent`, `group_id`, `created_at`) VALUES (11, 'Library', 'library', 0, 1, 1, 9, '2020-06-01 03:02:37');
INSERT INTO `permission_student` (`id`, `name`, `short_code`, `system`, `student`, `parent`, `group_id`, `created_at`) VALUES (12, 'Transport Routes', 'transport_routes', 0, 1, 1, 11, '2020-06-01 03:51:30');
INSERT INTO `permission_student` (`id`, `name`, `short_code`, `system`, `student`, `parent`, `group_id`, `created_at`) VALUES (13, 'Hostel Rooms', 'hostel_rooms', 0, 1, 1, 12, '2020-06-01 03:52:27');
INSERT INTO `permission_student` (`id`, `name`, `short_code`, `system`, `student`, `parent`, `group_id`, `created_at`) VALUES (14, 'Calendar To Do List', 'calendar_to_do_list', 0, 1, 1, 21, '2020-06-01 03:53:18');
INSERT INTO `permission_student` (`id`, `name`, `short_code`, `system`, `student`, `parent`, `group_id`, `created_at`) VALUES (15, 'Online Examination', 'online_examination', 0, 1, 1, 23, '2022-02-04 09:54:53');
INSERT INTO `permission_student` (`id`, `name`, `short_code`, `system`, `student`, `parent`, `group_id`, `created_at`) VALUES (16, 'Teachers Rating', 'teachers_rating', 0, 1, 1, 0, '2020-06-01 04:49:58');
INSERT INTO `permission_student` (`id`, `name`, `short_code`, `system`, `student`, `parent`, `group_id`, `created_at`) VALUES (17, 'Chat', 'chat', 0, 1, 1, 25, '2020-06-01 04:53:06');
INSERT INTO `permission_student` (`id`, `name`, `short_code`, `system`, `student`, `parent`, `group_id`, `created_at`) VALUES (18, 'Multi Class', 'multi_class', 1, 1, 1, 26, '2020-05-30 19:56:52');
INSERT INTO `permission_student` (`id`, `name`, `short_code`, `system`, `student`, `parent`, `group_id`, `created_at`) VALUES (19, 'Lesson Plan', 'lesson_plan', 0, 1, 1, 29, '2020-06-07 05:38:30');
INSERT INTO `permission_student` (`id`, `name`, `short_code`, `system`, `student`, `parent`, `group_id`, `created_at`) VALUES (20, 'Syllabus Status', 'syllabus_status', 0, 1, 1, 29, '2020-06-07 05:38:30');
INSERT INTO `permission_student` (`id`, `name`, `short_code`, `system`, `student`, `parent`, `group_id`, `created_at`) VALUES (23, 'Apply Leave', 'apply_leave', 0, 1, 1, 0, '2020-06-11 05:20:23');
INSERT INTO `permission_student` (`id`, `name`, `short_code`, `system`, `student`, `parent`, `group_id`, `created_at`) VALUES (500, 'Zoom Live Classes', 'live_classes', 0, 1, 1, 500, '2021-09-01 10:59:13');


#
# TABLE STRUCTURE FOR: print_headerfooter
#

DROP TABLE IF EXISTS `print_headerfooter`;

CREATE TABLE `print_headerfooter` (
  `id` int(11) NOT NULL AUTO_INCREMENT,
  `print_type` varchar(255) NOT NULL,
  `header_image` varchar(255) NOT NULL,
  `footer_content` text NOT NULL,
  `created_by` int(11) NOT NULL,
  `entry_date` timestamp NOT NULL DEFAULT current_timestamp() ON UPDATE current_timestamp(),
  PRIMARY KEY (`id`)
) ENGINE=InnoDB AUTO_INCREMENT=4 DEFAULT CHARSET=utf8;

INSERT INTO `print_headerfooter` (`id`, `print_type`, `header_image`, `footer_content`, `created_by`, `entry_date`) VALUES (1, 'staff_payslip', 'header_image.jpg', 'This payslip is computer generated hence no signature is required.', 1, '2020-02-28 15:41:08');
INSERT INTO `print_headerfooter` (`id`, `print_type`, `header_image`, `footer_content`, `created_by`, `entry_date`) VALUES (2, 'student_receipt', 'header_image.jpg', 'This receipt is computer generated hence no signature is required.', 1, '2020-02-28 15:40:58');
INSERT INTO `print_headerfooter` (`id`, `print_type`, `header_image`, `footer_content`, `created_by`, `entry_date`) VALUES (3, 'online_admission_receipt', 'header_image.jpg', 'This receipt is for online admission  computer ffffffff generated hence no signature is required.', 1, '2021-05-27 12:50:24');


#
# TABLE STRUCTURE FOR: question_answers
#

DROP TABLE IF EXISTS `question_answers`;

CREATE TABLE `question_answers` (
  `id` int(11) NOT NULL AUTO_INCREMENT,
  `question_id` int(11) NOT NULL,
  `option_id` int(11) NOT NULL,
  `created_at` timestamp NOT NULL DEFAULT current_timestamp() ON UPDATE current_timestamp(),
  PRIMARY KEY (`id`)
) ENGINE=InnoDB DEFAULT CHARSET=utf8;

#
# TABLE STRUCTURE FOR: question_options
#

DROP TABLE IF EXISTS `question_options`;

CREATE TABLE `question_options` (
  `id` int(11) NOT NULL AUTO_INCREMENT,
  `question_id` int(11) NOT NULL,
  `option` text NOT NULL,
  `created_at` timestamp NOT NULL DEFAULT current_timestamp() ON UPDATE current_timestamp(),
  PRIMARY KEY (`id`)
) ENGINE=InnoDB DEFAULT CHARSET=utf8;

#
# TABLE STRUCTURE FOR: questions
#

DROP TABLE IF EXISTS `questions`;

CREATE TABLE `questions` (
  `id` int(11) NOT NULL AUTO_INCREMENT,
  `staff_id` int(11) DEFAULT NULL,
  `subject_id` int(11) DEFAULT NULL,
  `question_type` varchar(100) NOT NULL,
  `level` varchar(10) NOT NULL,
  `class_id` int(11) NOT NULL,
  `section_id` int(11) NOT NULL,
  `class_section_id` int(11) DEFAULT NULL,
  `question` text DEFAULT NULL,
  `opt_a` text DEFAULT NULL,
  `opt_b` text DEFAULT NULL,
  `opt_c` text DEFAULT NULL,
  `opt_d` text DEFAULT NULL,
  `opt_e` text DEFAULT NULL,
  `correct` text DEFAULT NULL,
  `created_at` timestamp NOT NULL DEFAULT current_timestamp() ON UPDATE current_timestamp(),
  `updated_at` date DEFAULT NULL,
  PRIMARY KEY (`id`)
) ENGINE=InnoDB AUTO_INCREMENT=8 DEFAULT CHARSET=utf8;

INSERT INTO `questions` (`id`, `staff_id`, `subject_id`, `question_type`, `level`, `class_id`, `section_id`, `class_section_id`, `question`, `opt_a`, `opt_b`, `opt_c`, `opt_d`, `opt_e`, `correct`, `created_at`, `updated_at`) VALUES (4, 1, 1, 'multichoice', 'low', 1, 0, NULL, 'A for ?', 'Test', 'Copy', 'Apple', 'Sun', 'Moon', '[\"opt_c\"]', '2022-02-04 09:31:19', NULL);
INSERT INTO `questions` (`id`, `staff_id`, `subject_id`, `question_type`, `level`, `class_id`, `section_id`, `class_section_id`, `question`, `opt_a`, `opt_b`, `opt_c`, `opt_d`, `opt_e`, `correct`, `created_at`, `updated_at`) VALUES (5, 1, 1, 'singlechoice', 'low', 1, 0, NULL, 'B For ?', 'Cat', 'Hat', 'Mad', 'Bat', 'Noise', 'opt_d', '2022-02-04 09:32:24', NULL);
INSERT INTO `questions` (`id`, `staff_id`, `subject_id`, `question_type`, `level`, `class_id`, `section_id`, `class_section_id`, `question`, `opt_a`, `opt_b`, `opt_c`, `opt_d`, `opt_e`, `correct`, `created_at`, `updated_at`) VALUES (6, 1, 3, 'singlechoice', 'low', 1, 0, NULL, '1+1 =', '5', '2', '3', '4', '5', 'opt_b', '2022-02-04 09:32:59', NULL);
INSERT INTO `questions` (`id`, `staff_id`, `subject_id`, `question_type`, `level`, `class_id`, `section_id`, `class_section_id`, `question`, `opt_a`, `opt_b`, `opt_c`, `opt_d`, `opt_e`, `correct`, `created_at`, `updated_at`) VALUES (7, 1, 3, 'singlechoice', 'low', 1, 0, NULL, '2+3', '4', '6', '5', '7', '8', 'opt_c', '2022-02-04 09:33:45', NULL);


#
# TABLE STRUCTURE FOR: read_notification
#

DROP TABLE IF EXISTS `read_notification`;

CREATE TABLE `read_notification` (
  `id` int(11) NOT NULL AUTO_INCREMENT,
  `student_id` int(11) DEFAULT NULL,
  `parent_id` int(10) DEFAULT NULL,
  `staff_id` int(11) DEFAULT NULL,
  `notification_id` int(11) DEFAULT NULL,
  `is_active` varchar(255) DEFAULT 'no',
  `created_at` timestamp NOT NULL DEFAULT current_timestamp() ON UPDATE current_timestamp(),
  `updated_at` date DEFAULT NULL,
  PRIMARY KEY (`id`)
) ENGINE=InnoDB DEFAULT CHARSET=utf8;

#
# TABLE STRUCTURE FOR: reference
#

DROP TABLE IF EXISTS `reference`;

CREATE TABLE `reference` (
  `id` int(11) NOT NULL AUTO_INCREMENT,
  `reference` varchar(100) NOT NULL,
  `description` text NOT NULL,
  PRIMARY KEY (`id`)
) ENGINE=InnoDB DEFAULT CHARSET=utf8;

#
# TABLE STRUCTURE FOR: roles
#

DROP TABLE IF EXISTS `roles`;

CREATE TABLE `roles` (
  `id` int(11) NOT NULL AUTO_INCREMENT,
  `name` varchar(100) DEFAULT NULL,
  `slug` varchar(150) DEFAULT NULL,
  `is_active` int(11) DEFAULT 0,
  `is_system` int(1) NOT NULL DEFAULT 0,
  `is_superadmin` int(11) NOT NULL DEFAULT 0,
  `created_at` timestamp NOT NULL DEFAULT current_timestamp() ON UPDATE current_timestamp(),
  `updated_at` date DEFAULT NULL,
  PRIMARY KEY (`id`)
) ENGINE=InnoDB AUTO_INCREMENT=9 DEFAULT CHARSET=utf8;

INSERT INTO `roles` (`id`, `name`, `slug`, `is_active`, `is_system`, `is_superadmin`, `created_at`, `updated_at`) VALUES (1, 'Admin', NULL, 0, 1, 0, '2018-06-30 15:39:11', '0000-00-00');
INSERT INTO `roles` (`id`, `name`, `slug`, `is_active`, `is_system`, `is_superadmin`, `created_at`, `updated_at`) VALUES (2, 'Teacher', NULL, 0, 1, 0, '2018-06-30 15:39:14', '0000-00-00');
INSERT INTO `roles` (`id`, `name`, `slug`, `is_active`, `is_system`, `is_superadmin`, `created_at`, `updated_at`) VALUES (3, 'Accountant', NULL, 0, 1, 0, '2018-06-30 15:39:17', '0000-00-00');
INSERT INTO `roles` (`id`, `name`, `slug`, `is_active`, `is_system`, `is_superadmin`, `created_at`, `updated_at`) VALUES (4, 'Librarian', NULL, 0, 1, 0, '2018-06-30 15:39:21', '0000-00-00');
INSERT INTO `roles` (`id`, `name`, `slug`, `is_active`, `is_system`, `is_superadmin`, `created_at`, `updated_at`) VALUES (6, 'Receptionist', NULL, 0, 1, 0, '2018-07-02 05:39:03', '0000-00-00');
INSERT INTO `roles` (`id`, `name`, `slug`, `is_active`, `is_system`, `is_superadmin`, `created_at`, `updated_at`) VALUES (7, 'Super Admin', NULL, 0, 1, 1, '2018-07-11 14:11:29', '0000-00-00');
INSERT INTO `roles` (`id`, `name`, `slug`, `is_active`, `is_system`, `is_superadmin`, `created_at`, `updated_at`) VALUES (8, 'Supervisior', NULL, 0, 0, 0, '2022-02-03 12:16:32', NULL);


#
# TABLE STRUCTURE FOR: roles_permissions
#

DROP TABLE IF EXISTS `roles_permissions`;

CREATE TABLE `roles_permissions` (
  `id` int(11) NOT NULL AUTO_INCREMENT,
  `role_id` int(11) DEFAULT NULL,
  `perm_cat_id` int(11) DEFAULT NULL,
  `can_view` int(11) DEFAULT NULL,
  `can_add` int(11) DEFAULT NULL,
  `can_edit` int(11) DEFAULT NULL,
  `can_delete` int(11) DEFAULT NULL,
  `created_at` timestamp NOT NULL DEFAULT current_timestamp() ON UPDATE current_timestamp(),
  PRIMARY KEY (`id`)
) ENGINE=InnoDB AUTO_INCREMENT=1497 DEFAULT CHARSET=utf8;

INSERT INTO `roles_permissions` (`id`, `role_id`, `perm_cat_id`, `can_view`, `can_add`, `can_edit`, `can_delete`, `created_at`) VALUES (10, 1, 17, 1, 1, 1, 1, '2018-07-06 09:48:56');
INSERT INTO `roles_permissions` (`id`, `role_id`, `perm_cat_id`, `can_view`, `can_add`, `can_edit`, `can_delete`, `created_at`) VALUES (11, 1, 78, 1, 1, 1, 1, '2018-07-03 00:49:43');
INSERT INTO `roles_permissions` (`id`, `role_id`, `perm_cat_id`, `can_view`, `can_add`, `can_edit`, `can_delete`, `created_at`) VALUES (23, 1, 12, 1, 1, 1, 1, '2018-07-06 09:45:38');
INSERT INTO `roles_permissions` (`id`, `role_id`, `perm_cat_id`, `can_view`, `can_add`, `can_edit`, `can_delete`, `created_at`) VALUES (24, 1, 13, 1, 1, 1, 1, '2018-07-06 09:48:28');
INSERT INTO `roles_permissions` (`id`, `role_id`, `perm_cat_id`, `can_view`, `can_add`, `can_edit`, `can_delete`, `created_at`) VALUES (26, 1, 15, 1, 1, 1, 0, '2019-11-27 23:47:28');
INSERT INTO `roles_permissions` (`id`, `role_id`, `perm_cat_id`, `can_view`, `can_add`, `can_edit`, `can_delete`, `created_at`) VALUES (28, 1, 19, 1, 1, 1, 0, '2018-07-02 11:31:10');
INSERT INTO `roles_permissions` (`id`, `role_id`, `perm_cat_id`, `can_view`, `can_add`, `can_edit`, `can_delete`, `created_at`) VALUES (30, 1, 76, 1, 1, 1, 0, '2018-07-02 11:31:10');
INSERT INTO `roles_permissions` (`id`, `role_id`, `perm_cat_id`, `can_view`, `can_add`, `can_edit`, `can_delete`, `created_at`) VALUES (31, 1, 21, 1, 0, 1, 0, '2019-11-26 04:51:15');
INSERT INTO `roles_permissions` (`id`, `role_id`, `perm_cat_id`, `can_view`, `can_add`, `can_edit`, `can_delete`, `created_at`) VALUES (32, 1, 22, 1, 1, 1, 1, '2018-07-02 11:32:05');
INSERT INTO `roles_permissions` (`id`, `role_id`, `perm_cat_id`, `can_view`, `can_add`, `can_edit`, `can_delete`, `created_at`) VALUES (34, 1, 24, 1, 1, 1, 1, '2019-11-28 06:35:20');
INSERT INTO `roles_permissions` (`id`, `role_id`, `perm_cat_id`, `can_view`, `can_add`, `can_edit`, `can_delete`, `created_at`) VALUES (43, 1, 32, 1, 1, 1, 1, '2018-07-06 10:22:05');
INSERT INTO `roles_permissions` (`id`, `role_id`, `perm_cat_id`, `can_view`, `can_add`, `can_edit`, `can_delete`, `created_at`) VALUES (44, 1, 33, 1, 1, 1, 1, '2018-07-06 10:22:29');
INSERT INTO `roles_permissions` (`id`, `role_id`, `perm_cat_id`, `can_view`, `can_add`, `can_edit`, `can_delete`, `created_at`) VALUES (45, 1, 34, 1, 1, 1, 1, '2018-07-06 10:23:59');
INSERT INTO `roles_permissions` (`id`, `role_id`, `perm_cat_id`, `can_view`, `can_add`, `can_edit`, `can_delete`, `created_at`) VALUES (46, 1, 35, 1, 1, 1, 1, '2018-07-06 10:24:34');
INSERT INTO `roles_permissions` (`id`, `role_id`, `perm_cat_id`, `can_view`, `can_add`, `can_edit`, `can_delete`, `created_at`) VALUES (47, 1, 104, 1, 1, 1, 1, '2018-07-06 10:23:08');
INSERT INTO `roles_permissions` (`id`, `role_id`, `perm_cat_id`, `can_view`, `can_add`, `can_edit`, `can_delete`, `created_at`) VALUES (48, 1, 37, 1, 1, 1, 1, '2018-07-06 10:25:30');
INSERT INTO `roles_permissions` (`id`, `role_id`, `perm_cat_id`, `can_view`, `can_add`, `can_edit`, `can_delete`, `created_at`) VALUES (49, 1, 38, 1, 1, 1, 1, '2018-07-09 05:15:27');
INSERT INTO `roles_permissions` (`id`, `role_id`, `perm_cat_id`, `can_view`, `can_add`, `can_edit`, `can_delete`, `created_at`) VALUES (58, 1, 52, 1, 1, 0, 1, '2018-07-09 03:19:43');
INSERT INTO `roles_permissions` (`id`, `role_id`, `perm_cat_id`, `can_view`, `can_add`, `can_edit`, `can_delete`, `created_at`) VALUES (61, 1, 55, 1, 1, 1, 1, '2018-07-02 09:24:16');
INSERT INTO `roles_permissions` (`id`, `role_id`, `perm_cat_id`, `can_view`, `can_add`, `can_edit`, `can_delete`, `created_at`) VALUES (67, 1, 61, 1, 1, 0, 1, '2018-07-09 05:59:19');
INSERT INTO `roles_permissions` (`id`, `role_id`, `perm_cat_id`, `can_view`, `can_add`, `can_edit`, `can_delete`, `created_at`) VALUES (68, 1, 62, 1, 1, 0, 1, '2018-07-09 05:59:19');
INSERT INTO `roles_permissions` (`id`, `role_id`, `perm_cat_id`, `can_view`, `can_add`, `can_edit`, `can_delete`, `created_at`) VALUES (69, 1, 63, 1, 1, 0, 1, '2018-07-09 03:51:38');
INSERT INTO `roles_permissions` (`id`, `role_id`, `perm_cat_id`, `can_view`, `can_add`, `can_edit`, `can_delete`, `created_at`) VALUES (70, 1, 64, 1, 1, 1, 1, '2018-07-09 03:02:19');
INSERT INTO `roles_permissions` (`id`, `role_id`, `perm_cat_id`, `can_view`, `can_add`, `can_edit`, `can_delete`, `created_at`) VALUES (71, 1, 65, 1, 1, 1, 1, '2018-07-09 03:11:21');
INSERT INTO `roles_permissions` (`id`, `role_id`, `perm_cat_id`, `can_view`, `can_add`, `can_edit`, `can_delete`, `created_at`) VALUES (72, 1, 66, 1, 1, 1, 1, '2018-07-09 03:13:09');
INSERT INTO `roles_permissions` (`id`, `role_id`, `perm_cat_id`, `can_view`, `can_add`, `can_edit`, `can_delete`, `created_at`) VALUES (73, 1, 67, 1, 1, 1, 1, '2018-07-09 03:14:47');
INSERT INTO `roles_permissions` (`id`, `role_id`, `perm_cat_id`, `can_view`, `can_add`, `can_edit`, `can_delete`, `created_at`) VALUES (74, 1, 79, 1, 1, 0, 1, '2019-11-30 01:32:51');
INSERT INTO `roles_permissions` (`id`, `role_id`, `perm_cat_id`, `can_view`, `can_add`, `can_edit`, `can_delete`, `created_at`) VALUES (75, 1, 80, 1, 1, 1, 1, '2018-07-06 09:41:23');
INSERT INTO `roles_permissions` (`id`, `role_id`, `perm_cat_id`, `can_view`, `can_add`, `can_edit`, `can_delete`, `created_at`) VALUES (76, 1, 81, 1, 1, 1, 1, '2018-07-06 09:41:23');
INSERT INTO `roles_permissions` (`id`, `role_id`, `perm_cat_id`, `can_view`, `can_add`, `can_edit`, `can_delete`, `created_at`) VALUES (78, 1, 83, 1, 1, 1, 1, '2018-07-06 09:41:23');
INSERT INTO `roles_permissions` (`id`, `role_id`, `perm_cat_id`, `can_view`, `can_add`, `can_edit`, `can_delete`, `created_at`) VALUES (79, 1, 84, 1, 1, 1, 1, '2018-07-06 09:41:23');
INSERT INTO `roles_permissions` (`id`, `role_id`, `perm_cat_id`, `can_view`, `can_add`, `can_edit`, `can_delete`, `created_at`) VALUES (80, 1, 85, 1, 1, 1, 1, '2018-07-12 00:16:00');
INSERT INTO `roles_permissions` (`id`, `role_id`, `perm_cat_id`, `can_view`, `can_add`, `can_edit`, `can_delete`, `created_at`) VALUES (87, 1, 92, 1, 1, 1, 1, '2018-06-26 03:33:43');
INSERT INTO `roles_permissions` (`id`, `role_id`, `perm_cat_id`, `can_view`, `can_add`, `can_edit`, `can_delete`, `created_at`) VALUES (94, 1, 82, 1, 1, 1, 1, '2018-07-06 09:41:23');
INSERT INTO `roles_permissions` (`id`, `role_id`, `perm_cat_id`, `can_view`, `can_add`, `can_edit`, `can_delete`, `created_at`) VALUES (120, 1, 39, 1, 1, 1, 1, '2018-07-06 10:26:28');
INSERT INTO `roles_permissions` (`id`, `role_id`, `perm_cat_id`, `can_view`, `can_add`, `can_edit`, `can_delete`, `created_at`) VALUES (156, 1, 9, 1, 1, 1, 1, '2019-11-27 23:45:46');
INSERT INTO `roles_permissions` (`id`, `role_id`, `perm_cat_id`, `can_view`, `can_add`, `can_edit`, `can_delete`, `created_at`) VALUES (157, 1, 10, 1, 1, 1, 1, '2019-11-27 23:45:46');
INSERT INTO `roles_permissions` (`id`, `role_id`, `perm_cat_id`, `can_view`, `can_add`, `can_edit`, `can_delete`, `created_at`) VALUES (159, 1, 40, 1, 1, 1, 1, '2019-11-30 00:49:39');
INSERT INTO `roles_permissions` (`id`, `role_id`, `perm_cat_id`, `can_view`, `can_add`, `can_edit`, `can_delete`, `created_at`) VALUES (160, 1, 41, 1, 1, 1, 1, '2019-12-02 05:43:41');
INSERT INTO `roles_permissions` (`id`, `role_id`, `perm_cat_id`, `can_view`, `can_add`, `can_edit`, `can_delete`, `created_at`) VALUES (161, 1, 42, 1, 1, 1, 1, '2019-11-30 00:49:39');
INSERT INTO `roles_permissions` (`id`, `role_id`, `perm_cat_id`, `can_view`, `can_add`, `can_edit`, `can_delete`, `created_at`) VALUES (169, 1, 27, 1, 1, 0, 1, '2019-11-29 06:15:37');
INSERT INTO `roles_permissions` (`id`, `role_id`, `perm_cat_id`, `can_view`, `can_add`, `can_edit`, `can_delete`, `created_at`) VALUES (178, 1, 54, 1, 0, 1, 0, '2018-07-05 09:09:22');
INSERT INTO `roles_permissions` (`id`, `role_id`, `perm_cat_id`, `can_view`, `can_add`, `can_edit`, `can_delete`, `created_at`) VALUES (179, 1, 56, 1, 0, 1, 0, '2019-11-30 00:49:54');
INSERT INTO `roles_permissions` (`id`, `role_id`, `perm_cat_id`, `can_view`, `can_add`, `can_edit`, `can_delete`, `created_at`) VALUES (180, 1, 57, 1, 0, 1, 0, '2019-11-30 01:32:51');
INSERT INTO `roles_permissions` (`id`, `role_id`, `perm_cat_id`, `can_view`, `can_add`, `can_edit`, `can_delete`, `created_at`) VALUES (181, 1, 58, 1, 0, 1, 0, '2019-11-30 01:32:51');
INSERT INTO `roles_permissions` (`id`, `role_id`, `perm_cat_id`, `can_view`, `can_add`, `can_edit`, `can_delete`, `created_at`) VALUES (182, 1, 59, 1, 0, 1, 0, '2019-11-30 01:32:51');
INSERT INTO `roles_permissions` (`id`, `role_id`, `perm_cat_id`, `can_view`, `can_add`, `can_edit`, `can_delete`, `created_at`) VALUES (183, 1, 60, 1, 0, 1, 0, '2019-11-30 00:59:57');
INSERT INTO `roles_permissions` (`id`, `role_id`, `perm_cat_id`, `can_view`, `can_add`, `can_edit`, `can_delete`, `created_at`) VALUES (190, 1, 105, 1, 0, 0, 0, '2018-07-02 11:13:25');
INSERT INTO `roles_permissions` (`id`, `role_id`, `perm_cat_id`, `can_view`, `can_add`, `can_edit`, `can_delete`, `created_at`) VALUES (199, 1, 75, 1, 0, 0, 0, '2018-07-02 11:19:46');
INSERT INTO `roles_permissions` (`id`, `role_id`, `perm_cat_id`, `can_view`, `can_add`, `can_edit`, `can_delete`, `created_at`) VALUES (201, 1, 14, 1, 0, 0, 0, '2018-07-02 11:22:03');
INSERT INTO `roles_permissions` (`id`, `role_id`, `perm_cat_id`, `can_view`, `can_add`, `can_edit`, `can_delete`, `created_at`) VALUES (203, 1, 16, 1, 0, 0, 0, '2018-07-02 11:24:21');
INSERT INTO `roles_permissions` (`id`, `role_id`, `perm_cat_id`, `can_view`, `can_add`, `can_edit`, `can_delete`, `created_at`) VALUES (204, 1, 26, 1, 0, 0, 0, '2018-07-02 11:32:05');
INSERT INTO `roles_permissions` (`id`, `role_id`, `perm_cat_id`, `can_view`, `can_add`, `can_edit`, `can_delete`, `created_at`) VALUES (206, 1, 29, 1, 0, 0, 0, '2018-07-02 11:43:54');
INSERT INTO `roles_permissions` (`id`, `role_id`, `perm_cat_id`, `can_view`, `can_add`, `can_edit`, `can_delete`, `created_at`) VALUES (207, 1, 30, 1, 0, 0, 0, '2018-07-02 11:43:54');
INSERT INTO `roles_permissions` (`id`, `role_id`, `perm_cat_id`, `can_view`, `can_add`, `can_edit`, `can_delete`, `created_at`) VALUES (208, 1, 31, 1, 1, 1, 1, '2019-11-30 01:32:51');
INSERT INTO `roles_permissions` (`id`, `role_id`, `perm_cat_id`, `can_view`, `can_add`, `can_edit`, `can_delete`, `created_at`) VALUES (215, 1, 50, 1, 0, 0, 0, '2018-07-02 12:04:53');
INSERT INTO `roles_permissions` (`id`, `role_id`, `perm_cat_id`, `can_view`, `can_add`, `can_edit`, `can_delete`, `created_at`) VALUES (216, 1, 51, 1, 0, 0, 0, '2018-07-02 12:04:53');
INSERT INTO `roles_permissions` (`id`, `role_id`, `perm_cat_id`, `can_view`, `can_add`, `can_edit`, `can_delete`, `created_at`) VALUES (222, 1, 1, 1, 1, 1, 1, '2019-11-27 22:55:06');
INSERT INTO `roles_permissions` (`id`, `role_id`, `perm_cat_id`, `can_view`, `can_add`, `can_edit`, `can_delete`, `created_at`) VALUES (227, 1, 91, 1, 0, 0, 0, '2018-07-03 01:49:27');
INSERT INTO `roles_permissions` (`id`, `role_id`, `perm_cat_id`, `can_view`, `can_add`, `can_edit`, `can_delete`, `created_at`) VALUES (230, 10, 53, 0, 1, 0, 0, '2018-07-03 03:52:55');
INSERT INTO `roles_permissions` (`id`, `role_id`, `perm_cat_id`, `can_view`, `can_add`, `can_edit`, `can_delete`, `created_at`) VALUES (231, 10, 54, 0, 0, 1, 0, '2018-07-03 03:52:55');
INSERT INTO `roles_permissions` (`id`, `role_id`, `perm_cat_id`, `can_view`, `can_add`, `can_edit`, `can_delete`, `created_at`) VALUES (232, 10, 55, 1, 1, 1, 1, '2018-07-03 03:58:42');
INSERT INTO `roles_permissions` (`id`, `role_id`, `perm_cat_id`, `can_view`, `can_add`, `can_edit`, `can_delete`, `created_at`) VALUES (233, 10, 56, 0, 0, 1, 0, '2018-07-03 03:52:55');
INSERT INTO `roles_permissions` (`id`, `role_id`, `perm_cat_id`, `can_view`, `can_add`, `can_edit`, `can_delete`, `created_at`) VALUES (235, 10, 58, 0, 0, 1, 0, '2018-07-03 03:52:55');
INSERT INTO `roles_permissions` (`id`, `role_id`, `perm_cat_id`, `can_view`, `can_add`, `can_edit`, `can_delete`, `created_at`) VALUES (236, 10, 59, 0, 0, 1, 0, '2018-07-03 03:52:55');
INSERT INTO `roles_permissions` (`id`, `role_id`, `perm_cat_id`, `can_view`, `can_add`, `can_edit`, `can_delete`, `created_at`) VALUES (239, 10, 1, 1, 1, 1, 1, '2018-07-03 04:16:43');
INSERT INTO `roles_permissions` (`id`, `role_id`, `perm_cat_id`, `can_view`, `can_add`, `can_edit`, `can_delete`, `created_at`) VALUES (241, 10, 3, 1, 0, 0, 0, '2018-07-03 04:23:56');
INSERT INTO `roles_permissions` (`id`, `role_id`, `perm_cat_id`, `can_view`, `can_add`, `can_edit`, `can_delete`, `created_at`) VALUES (242, 10, 2, 1, 0, 0, 0, '2018-07-03 04:24:39');
INSERT INTO `roles_permissions` (`id`, `role_id`, `perm_cat_id`, `can_view`, `can_add`, `can_edit`, `can_delete`, `created_at`) VALUES (243, 10, 4, 1, 0, 1, 1, '2018-07-03 04:31:24');
INSERT INTO `roles_permissions` (`id`, `role_id`, `perm_cat_id`, `can_view`, `can_add`, `can_edit`, `can_delete`, `created_at`) VALUES (245, 10, 107, 1, 0, 0, 0, '2018-07-03 04:36:41');
INSERT INTO `roles_permissions` (`id`, `role_id`, `perm_cat_id`, `can_view`, `can_add`, `can_edit`, `can_delete`, `created_at`) VALUES (246, 10, 5, 1, 1, 0, 1, '2018-07-03 04:38:18');
INSERT INTO `roles_permissions` (`id`, `role_id`, `perm_cat_id`, `can_view`, `can_add`, `can_edit`, `can_delete`, `created_at`) VALUES (247, 10, 7, 1, 1, 1, 1, '2018-07-03 04:42:07');
INSERT INTO `roles_permissions` (`id`, `role_id`, `perm_cat_id`, `can_view`, `can_add`, `can_edit`, `can_delete`, `created_at`) VALUES (248, 10, 68, 1, 0, 0, 0, '2018-07-03 04:42:53');
INSERT INTO `roles_permissions` (`id`, `role_id`, `perm_cat_id`, `can_view`, `can_add`, `can_edit`, `can_delete`, `created_at`) VALUES (249, 10, 69, 1, 1, 1, 1, '2018-07-03 04:49:46');
INSERT INTO `roles_permissions` (`id`, `role_id`, `perm_cat_id`, `can_view`, `can_add`, `can_edit`, `can_delete`, `created_at`) VALUES (250, 10, 70, 1, 0, 0, 1, '2018-07-03 04:52:40');
INSERT INTO `roles_permissions` (`id`, `role_id`, `perm_cat_id`, `can_view`, `can_add`, `can_edit`, `can_delete`, `created_at`) VALUES (251, 10, 72, 1, 0, 0, 0, '2018-07-03 04:56:46');
INSERT INTO `roles_permissions` (`id`, `role_id`, `perm_cat_id`, `can_view`, `can_add`, `can_edit`, `can_delete`, `created_at`) VALUES (252, 10, 73, 1, 0, 0, 0, '2018-07-03 04:56:46');
INSERT INTO `roles_permissions` (`id`, `role_id`, `perm_cat_id`, `can_view`, `can_add`, `can_edit`, `can_delete`, `created_at`) VALUES (253, 10, 74, 1, 0, 0, 0, '2018-07-03 04:58:34');
INSERT INTO `roles_permissions` (`id`, `role_id`, `perm_cat_id`, `can_view`, `can_add`, `can_edit`, `can_delete`, `created_at`) VALUES (254, 10, 75, 1, 0, 0, 0, '2018-07-03 04:58:34');
INSERT INTO `roles_permissions` (`id`, `role_id`, `perm_cat_id`, `can_view`, `can_add`, `can_edit`, `can_delete`, `created_at`) VALUES (255, 10, 9, 1, 1, 1, 1, '2018-07-03 05:02:22');
INSERT INTO `roles_permissions` (`id`, `role_id`, `perm_cat_id`, `can_view`, `can_add`, `can_edit`, `can_delete`, `created_at`) VALUES (256, 10, 10, 1, 1, 1, 1, '2018-07-03 05:03:09');
INSERT INTO `roles_permissions` (`id`, `role_id`, `perm_cat_id`, `can_view`, `can_add`, `can_edit`, `can_delete`, `created_at`) VALUES (257, 10, 11, 1, 0, 0, 0, '2018-07-03 05:03:09');
INSERT INTO `roles_permissions` (`id`, `role_id`, `perm_cat_id`, `can_view`, `can_add`, `can_edit`, `can_delete`, `created_at`) VALUES (258, 10, 12, 1, 1, 1, 1, '2018-07-03 05:08:40');
INSERT INTO `roles_permissions` (`id`, `role_id`, `perm_cat_id`, `can_view`, `can_add`, `can_edit`, `can_delete`, `created_at`) VALUES (259, 10, 13, 1, 1, 1, 1, '2018-07-03 05:08:40');
INSERT INTO `roles_permissions` (`id`, `role_id`, `perm_cat_id`, `can_view`, `can_add`, `can_edit`, `can_delete`, `created_at`) VALUES (260, 10, 14, 1, 0, 0, 0, '2018-07-03 05:08:53');
INSERT INTO `roles_permissions` (`id`, `role_id`, `perm_cat_id`, `can_view`, `can_add`, `can_edit`, `can_delete`, `created_at`) VALUES (261, 10, 15, 1, 1, 1, 0, '2018-07-03 05:11:28');
INSERT INTO `roles_permissions` (`id`, `role_id`, `perm_cat_id`, `can_view`, `can_add`, `can_edit`, `can_delete`, `created_at`) VALUES (262, 10, 16, 1, 0, 0, 0, '2018-07-03 05:12:12');
INSERT INTO `roles_permissions` (`id`, `role_id`, `perm_cat_id`, `can_view`, `can_add`, `can_edit`, `can_delete`, `created_at`) VALUES (263, 10, 17, 1, 1, 1, 1, '2018-07-03 05:14:30');
INSERT INTO `roles_permissions` (`id`, `role_id`, `perm_cat_id`, `can_view`, `can_add`, `can_edit`, `can_delete`, `created_at`) VALUES (264, 10, 19, 1, 1, 1, 0, '2018-07-03 05:15:45');
INSERT INTO `roles_permissions` (`id`, `role_id`, `perm_cat_id`, `can_view`, `can_add`, `can_edit`, `can_delete`, `created_at`) VALUES (265, 10, 20, 1, 1, 1, 1, '2018-07-03 05:18:51');
INSERT INTO `roles_permissions` (`id`, `role_id`, `perm_cat_id`, `can_view`, `can_add`, `can_edit`, `can_delete`, `created_at`) VALUES (266, 10, 76, 1, 0, 0, 0, '2018-07-03 05:21:21');
INSERT INTO `roles_permissions` (`id`, `role_id`, `perm_cat_id`, `can_view`, `can_add`, `can_edit`, `can_delete`, `created_at`) VALUES (267, 10, 21, 1, 1, 1, 0, '2018-07-03 05:22:45');
INSERT INTO `roles_permissions` (`id`, `role_id`, `perm_cat_id`, `can_view`, `can_add`, `can_edit`, `can_delete`, `created_at`) VALUES (268, 10, 22, 1, 1, 1, 1, '2018-07-03 05:25:00');
INSERT INTO `roles_permissions` (`id`, `role_id`, `perm_cat_id`, `can_view`, `can_add`, `can_edit`, `can_delete`, `created_at`) VALUES (269, 10, 23, 1, 1, 1, 1, '2018-07-03 05:27:16');
INSERT INTO `roles_permissions` (`id`, `role_id`, `perm_cat_id`, `can_view`, `can_add`, `can_edit`, `can_delete`, `created_at`) VALUES (270, 10, 24, 1, 1, 1, 1, '2018-07-03 05:27:49');
INSERT INTO `roles_permissions` (`id`, `role_id`, `perm_cat_id`, `can_view`, `can_add`, `can_edit`, `can_delete`, `created_at`) VALUES (271, 10, 25, 1, 1, 1, 1, '2018-07-03 05:27:49');
INSERT INTO `roles_permissions` (`id`, `role_id`, `perm_cat_id`, `can_view`, `can_add`, `can_edit`, `can_delete`, `created_at`) VALUES (272, 10, 26, 1, 0, 0, 0, '2018-07-03 05:28:25');
INSERT INTO `roles_permissions` (`id`, `role_id`, `perm_cat_id`, `can_view`, `can_add`, `can_edit`, `can_delete`, `created_at`) VALUES (273, 10, 77, 1, 1, 1, 1, '2018-07-03 05:29:57');
INSERT INTO `roles_permissions` (`id`, `role_id`, `perm_cat_id`, `can_view`, `can_add`, `can_edit`, `can_delete`, `created_at`) VALUES (274, 10, 27, 1, 1, 0, 1, '2018-07-03 05:30:36');
INSERT INTO `roles_permissions` (`id`, `role_id`, `perm_cat_id`, `can_view`, `can_add`, `can_edit`, `can_delete`, `created_at`) VALUES (275, 10, 28, 1, 1, 1, 1, '2018-07-03 05:33:09');
INSERT INTO `roles_permissions` (`id`, `role_id`, `perm_cat_id`, `can_view`, `can_add`, `can_edit`, `can_delete`, `created_at`) VALUES (276, 10, 29, 1, 0, 0, 0, '2018-07-03 05:34:03');
INSERT INTO `roles_permissions` (`id`, `role_id`, `perm_cat_id`, `can_view`, `can_add`, `can_edit`, `can_delete`, `created_at`) VALUES (277, 10, 30, 1, 0, 0, 0, '2018-07-03 05:34:03');
INSERT INTO `roles_permissions` (`id`, `role_id`, `perm_cat_id`, `can_view`, `can_add`, `can_edit`, `can_delete`, `created_at`) VALUES (278, 10, 31, 1, 0, 0, 0, '2018-07-03 05:34:03');
INSERT INTO `roles_permissions` (`id`, `role_id`, `perm_cat_id`, `can_view`, `can_add`, `can_edit`, `can_delete`, `created_at`) VALUES (279, 10, 32, 1, 1, 1, 1, '2018-07-03 05:35:42');
INSERT INTO `roles_permissions` (`id`, `role_id`, `perm_cat_id`, `can_view`, `can_add`, `can_edit`, `can_delete`, `created_at`) VALUES (280, 10, 33, 1, 1, 1, 1, '2018-07-03 05:36:32');
INSERT INTO `roles_permissions` (`id`, `role_id`, `perm_cat_id`, `can_view`, `can_add`, `can_edit`, `can_delete`, `created_at`) VALUES (281, 10, 34, 1, 1, 1, 1, '2018-07-03 05:38:03');
INSERT INTO `roles_permissions` (`id`, `role_id`, `perm_cat_id`, `can_view`, `can_add`, `can_edit`, `can_delete`, `created_at`) VALUES (282, 10, 35, 1, 1, 1, 1, '2018-07-03 05:38:41');
INSERT INTO `roles_permissions` (`id`, `role_id`, `perm_cat_id`, `can_view`, `can_add`, `can_edit`, `can_delete`, `created_at`) VALUES (283, 10, 104, 1, 1, 1, 1, '2018-07-03 05:40:43');
INSERT INTO `roles_permissions` (`id`, `role_id`, `perm_cat_id`, `can_view`, `can_add`, `can_edit`, `can_delete`, `created_at`) VALUES (284, 10, 37, 1, 1, 1, 1, '2018-07-03 05:42:42');
INSERT INTO `roles_permissions` (`id`, `role_id`, `perm_cat_id`, `can_view`, `can_add`, `can_edit`, `can_delete`, `created_at`) VALUES (285, 10, 38, 1, 1, 1, 1, '2018-07-03 05:43:56');
INSERT INTO `roles_permissions` (`id`, `role_id`, `perm_cat_id`, `can_view`, `can_add`, `can_edit`, `can_delete`, `created_at`) VALUES (286, 10, 39, 1, 1, 1, 1, '2018-07-03 05:45:39');
INSERT INTO `roles_permissions` (`id`, `role_id`, `perm_cat_id`, `can_view`, `can_add`, `can_edit`, `can_delete`, `created_at`) VALUES (287, 10, 40, 1, 1, 1, 1, '2018-07-03 05:47:22');
INSERT INTO `roles_permissions` (`id`, `role_id`, `perm_cat_id`, `can_view`, `can_add`, `can_edit`, `can_delete`, `created_at`) VALUES (288, 10, 41, 1, 1, 1, 1, '2018-07-03 05:48:54');
INSERT INTO `roles_permissions` (`id`, `role_id`, `perm_cat_id`, `can_view`, `can_add`, `can_edit`, `can_delete`, `created_at`) VALUES (289, 10, 42, 1, 1, 1, 1, '2018-07-03 05:49:31');
INSERT INTO `roles_permissions` (`id`, `role_id`, `perm_cat_id`, `can_view`, `can_add`, `can_edit`, `can_delete`, `created_at`) VALUES (290, 10, 43, 1, 1, 1, 1, '2018-07-03 05:51:15');
INSERT INTO `roles_permissions` (`id`, `role_id`, `perm_cat_id`, `can_view`, `can_add`, `can_edit`, `can_delete`, `created_at`) VALUES (291, 10, 44, 1, 0, 0, 0, '2018-07-03 05:52:06');
INSERT INTO `roles_permissions` (`id`, `role_id`, `perm_cat_id`, `can_view`, `can_add`, `can_edit`, `can_delete`, `created_at`) VALUES (292, 10, 46, 1, 0, 0, 0, '2018-07-03 05:52:06');
INSERT INTO `roles_permissions` (`id`, `role_id`, `perm_cat_id`, `can_view`, `can_add`, `can_edit`, `can_delete`, `created_at`) VALUES (293, 10, 50, 1, 0, 0, 0, '2018-07-03 05:52:59');
INSERT INTO `roles_permissions` (`id`, `role_id`, `perm_cat_id`, `can_view`, `can_add`, `can_edit`, `can_delete`, `created_at`) VALUES (294, 10, 51, 1, 0, 0, 0, '2018-07-03 05:52:59');
INSERT INTO `roles_permissions` (`id`, `role_id`, `perm_cat_id`, `can_view`, `can_add`, `can_edit`, `can_delete`, `created_at`) VALUES (295, 10, 60, 0, 0, 1, 0, '2018-07-03 05:55:05');
INSERT INTO `roles_permissions` (`id`, `role_id`, `perm_cat_id`, `can_view`, `can_add`, `can_edit`, `can_delete`, `created_at`) VALUES (296, 10, 61, 1, 1, 1, 1, '2018-07-03 05:56:52');
INSERT INTO `roles_permissions` (`id`, `role_id`, `perm_cat_id`, `can_view`, `can_add`, `can_edit`, `can_delete`, `created_at`) VALUES (297, 10, 62, 1, 1, 1, 1, '2018-07-03 05:58:53');
INSERT INTO `roles_permissions` (`id`, `role_id`, `perm_cat_id`, `can_view`, `can_add`, `can_edit`, `can_delete`, `created_at`) VALUES (298, 10, 63, 1, 1, 0, 0, '2018-07-03 05:59:37');
INSERT INTO `roles_permissions` (`id`, `role_id`, `perm_cat_id`, `can_view`, `can_add`, `can_edit`, `can_delete`, `created_at`) VALUES (299, 10, 64, 1, 1, 1, 1, '2018-07-03 06:00:27');
INSERT INTO `roles_permissions` (`id`, `role_id`, `perm_cat_id`, `can_view`, `can_add`, `can_edit`, `can_delete`, `created_at`) VALUES (300, 10, 65, 1, 1, 1, 1, '2018-07-03 06:02:51');
INSERT INTO `roles_permissions` (`id`, `role_id`, `perm_cat_id`, `can_view`, `can_add`, `can_edit`, `can_delete`, `created_at`) VALUES (301, 10, 66, 1, 1, 1, 1, '2018-07-03 06:02:51');
INSERT INTO `roles_permissions` (`id`, `role_id`, `perm_cat_id`, `can_view`, `can_add`, `can_edit`, `can_delete`, `created_at`) VALUES (302, 10, 67, 1, 0, 0, 0, '2018-07-03 06:02:51');
INSERT INTO `roles_permissions` (`id`, `role_id`, `perm_cat_id`, `can_view`, `can_add`, `can_edit`, `can_delete`, `created_at`) VALUES (303, 10, 78, 1, 1, 1, 1, '2018-07-04 04:10:04');
INSERT INTO `roles_permissions` (`id`, `role_id`, `perm_cat_id`, `can_view`, `can_add`, `can_edit`, `can_delete`, `created_at`) VALUES (307, 1, 126, 1, 0, 0, 0, '2018-07-03 09:26:13');
INSERT INTO `roles_permissions` (`id`, `role_id`, `perm_cat_id`, `can_view`, `can_add`, `can_edit`, `can_delete`, `created_at`) VALUES (310, 1, 119, 1, 0, 0, 0, '2018-07-03 10:15:00');
INSERT INTO `roles_permissions` (`id`, `role_id`, `perm_cat_id`, `can_view`, `can_add`, `can_edit`, `can_delete`, `created_at`) VALUES (311, 1, 120, 1, 0, 0, 0, '2018-07-03 10:15:00');
INSERT INTO `roles_permissions` (`id`, `role_id`, `perm_cat_id`, `can_view`, `can_add`, `can_edit`, `can_delete`, `created_at`) VALUES (315, 1, 123, 1, 0, 0, 0, '2018-07-03 10:27:03');
INSERT INTO `roles_permissions` (`id`, `role_id`, `perm_cat_id`, `can_view`, `can_add`, `can_edit`, `can_delete`, `created_at`) VALUES (317, 1, 124, 1, 0, 0, 0, '2018-07-03 10:29:14');
INSERT INTO `roles_permissions` (`id`, `role_id`, `perm_cat_id`, `can_view`, `can_add`, `can_edit`, `can_delete`, `created_at`) VALUES (320, 1, 47, 1, 0, 0, 0, '2018-07-03 11:01:12');
INSERT INTO `roles_permissions` (`id`, `role_id`, `perm_cat_id`, `can_view`, `can_add`, `can_edit`, `can_delete`, `created_at`) VALUES (321, 1, 121, 1, 0, 0, 0, '2018-07-03 11:01:12');
INSERT INTO `roles_permissions` (`id`, `role_id`, `perm_cat_id`, `can_view`, `can_add`, `can_edit`, `can_delete`, `created_at`) VALUES (369, 1, 102, 1, 1, 1, 1, '2019-12-02 05:02:15');
INSERT INTO `roles_permissions` (`id`, `role_id`, `perm_cat_id`, `can_view`, `can_add`, `can_edit`, `can_delete`, `created_at`) VALUES (372, 10, 79, 1, 1, 0, 0, '2018-07-04 04:10:04');
INSERT INTO `roles_permissions` (`id`, `role_id`, `perm_cat_id`, `can_view`, `can_add`, `can_edit`, `can_delete`, `created_at`) VALUES (373, 10, 80, 1, 1, 1, 1, '2018-07-04 04:23:09');
INSERT INTO `roles_permissions` (`id`, `role_id`, `perm_cat_id`, `can_view`, `can_add`, `can_edit`, `can_delete`, `created_at`) VALUES (374, 10, 81, 1, 1, 1, 1, '2018-07-04 04:23:50');
INSERT INTO `roles_permissions` (`id`, `role_id`, `perm_cat_id`, `can_view`, `can_add`, `can_edit`, `can_delete`, `created_at`) VALUES (375, 10, 82, 1, 1, 1, 1, '2018-07-04 04:26:54');
INSERT INTO `roles_permissions` (`id`, `role_id`, `perm_cat_id`, `can_view`, `can_add`, `can_edit`, `can_delete`, `created_at`) VALUES (376, 10, 83, 1, 1, 1, 1, '2018-07-04 04:27:55');
INSERT INTO `roles_permissions` (`id`, `role_id`, `perm_cat_id`, `can_view`, `can_add`, `can_edit`, `can_delete`, `created_at`) VALUES (377, 10, 84, 1, 1, 1, 1, '2018-07-04 04:30:26');
INSERT INTO `roles_permissions` (`id`, `role_id`, `perm_cat_id`, `can_view`, `can_add`, `can_edit`, `can_delete`, `created_at`) VALUES (378, 10, 85, 1, 1, 1, 1, '2018-07-04 04:32:54');
INSERT INTO `roles_permissions` (`id`, `role_id`, `perm_cat_id`, `can_view`, `can_add`, `can_edit`, `can_delete`, `created_at`) VALUES (379, 10, 86, 1, 1, 1, 1, '2018-07-04 04:46:18');
INSERT INTO `roles_permissions` (`id`, `role_id`, `perm_cat_id`, `can_view`, `can_add`, `can_edit`, `can_delete`, `created_at`) VALUES (380, 10, 87, 1, 0, 0, 0, '2018-07-04 04:49:49');
INSERT INTO `roles_permissions` (`id`, `role_id`, `perm_cat_id`, `can_view`, `can_add`, `can_edit`, `can_delete`, `created_at`) VALUES (381, 10, 88, 1, 1, 1, 0, '2018-07-04 04:51:20');
INSERT INTO `roles_permissions` (`id`, `role_id`, `perm_cat_id`, `can_view`, `can_add`, `can_edit`, `can_delete`, `created_at`) VALUES (382, 10, 89, 1, 0, 0, 0, '2018-07-04 04:51:51');
INSERT INTO `roles_permissions` (`id`, `role_id`, `perm_cat_id`, `can_view`, `can_add`, `can_edit`, `can_delete`, `created_at`) VALUES (383, 10, 90, 1, 1, 0, 1, '2018-07-04 04:55:01');
INSERT INTO `roles_permissions` (`id`, `role_id`, `perm_cat_id`, `can_view`, `can_add`, `can_edit`, `can_delete`, `created_at`) VALUES (384, 10, 91, 1, 0, 0, 0, '2018-07-04 04:55:01');
INSERT INTO `roles_permissions` (`id`, `role_id`, `perm_cat_id`, `can_view`, `can_add`, `can_edit`, `can_delete`, `created_at`) VALUES (385, 10, 108, 1, 1, 1, 1, '2018-07-04 04:57:46');
INSERT INTO `roles_permissions` (`id`, `role_id`, `perm_cat_id`, `can_view`, `can_add`, `can_edit`, `can_delete`, `created_at`) VALUES (386, 10, 109, 1, 1, 1, 1, '2018-07-04 04:58:26');
INSERT INTO `roles_permissions` (`id`, `role_id`, `perm_cat_id`, `can_view`, `can_add`, `can_edit`, `can_delete`, `created_at`) VALUES (387, 10, 110, 1, 1, 1, 1, '2018-07-04 05:02:43');
INSERT INTO `roles_permissions` (`id`, `role_id`, `perm_cat_id`, `can_view`, `can_add`, `can_edit`, `can_delete`, `created_at`) VALUES (388, 10, 111, 1, 1, 1, 1, '2018-07-04 05:03:21');
INSERT INTO `roles_permissions` (`id`, `role_id`, `perm_cat_id`, `can_view`, `can_add`, `can_edit`, `can_delete`, `created_at`) VALUES (389, 10, 112, 1, 1, 1, 1, '2018-07-04 05:05:06');
INSERT INTO `roles_permissions` (`id`, `role_id`, `perm_cat_id`, `can_view`, `can_add`, `can_edit`, `can_delete`, `created_at`) VALUES (390, 10, 127, 1, 0, 0, 0, '2018-07-04 05:05:06');
INSERT INTO `roles_permissions` (`id`, `role_id`, `perm_cat_id`, `can_view`, `can_add`, `can_edit`, `can_delete`, `created_at`) VALUES (391, 10, 93, 1, 1, 1, 1, '2018-07-04 05:07:14');
INSERT INTO `roles_permissions` (`id`, `role_id`, `perm_cat_id`, `can_view`, `can_add`, `can_edit`, `can_delete`, `created_at`) VALUES (392, 10, 94, 1, 1, 0, 0, '2018-07-04 05:08:02');
INSERT INTO `roles_permissions` (`id`, `role_id`, `perm_cat_id`, `can_view`, `can_add`, `can_edit`, `can_delete`, `created_at`) VALUES (394, 10, 95, 1, 0, 0, 0, '2018-07-04 05:08:44');
INSERT INTO `roles_permissions` (`id`, `role_id`, `perm_cat_id`, `can_view`, `can_add`, `can_edit`, `can_delete`, `created_at`) VALUES (395, 10, 102, 1, 1, 1, 1, '2018-07-04 05:11:02');
INSERT INTO `roles_permissions` (`id`, `role_id`, `perm_cat_id`, `can_view`, `can_add`, `can_edit`, `can_delete`, `created_at`) VALUES (396, 10, 106, 1, 0, 0, 0, '2018-07-04 05:11:39');
INSERT INTO `roles_permissions` (`id`, `role_id`, `perm_cat_id`, `can_view`, `can_add`, `can_edit`, `can_delete`, `created_at`) VALUES (397, 10, 113, 1, 0, 0, 0, '2018-07-04 05:12:37');
INSERT INTO `roles_permissions` (`id`, `role_id`, `perm_cat_id`, `can_view`, `can_add`, `can_edit`, `can_delete`, `created_at`) VALUES (398, 10, 114, 1, 0, 0, 0, '2018-07-04 05:12:37');
INSERT INTO `roles_permissions` (`id`, `role_id`, `perm_cat_id`, `can_view`, `can_add`, `can_edit`, `can_delete`, `created_at`) VALUES (399, 10, 115, 1, 0, 0, 0, '2018-07-04 05:18:45');
INSERT INTO `roles_permissions` (`id`, `role_id`, `perm_cat_id`, `can_view`, `can_add`, `can_edit`, `can_delete`, `created_at`) VALUES (400, 10, 116, 1, 0, 0, 0, '2018-07-04 05:18:45');
INSERT INTO `roles_permissions` (`id`, `role_id`, `perm_cat_id`, `can_view`, `can_add`, `can_edit`, `can_delete`, `created_at`) VALUES (401, 10, 117, 1, 0, 0, 0, '2018-07-04 05:19:43');
INSERT INTO `roles_permissions` (`id`, `role_id`, `perm_cat_id`, `can_view`, `can_add`, `can_edit`, `can_delete`, `created_at`) VALUES (402, 10, 118, 1, 0, 0, 0, '2018-07-04 05:19:43');
INSERT INTO `roles_permissions` (`id`, `role_id`, `perm_cat_id`, `can_view`, `can_add`, `can_edit`, `can_delete`, `created_at`) VALUES (434, 1, 125, 1, 0, 0, 0, '2018-07-06 09:59:26');
INSERT INTO `roles_permissions` (`id`, `role_id`, `perm_cat_id`, `can_view`, `can_add`, `can_edit`, `can_delete`, `created_at`) VALUES (435, 1, 96, 1, 1, 1, 1, '2018-07-09 01:03:54');
INSERT INTO `roles_permissions` (`id`, `role_id`, `perm_cat_id`, `can_view`, `can_add`, `can_edit`, `can_delete`, `created_at`) VALUES (445, 1, 48, 1, 0, 0, 0, '2018-07-06 11:49:35');
INSERT INTO `roles_permissions` (`id`, `role_id`, `perm_cat_id`, `can_view`, `can_add`, `can_edit`, `can_delete`, `created_at`) VALUES (446, 1, 49, 1, 0, 0, 0, '2018-07-06 11:49:35');
INSERT INTO `roles_permissions` (`id`, `role_id`, `perm_cat_id`, `can_view`, `can_add`, `can_edit`, `can_delete`, `created_at`) VALUES (461, 1, 97, 1, 0, 0, 0, '2018-07-09 01:00:16');
INSERT INTO `roles_permissions` (`id`, `role_id`, `perm_cat_id`, `can_view`, `can_add`, `can_edit`, `can_delete`, `created_at`) VALUES (462, 1, 95, 1, 0, 0, 0, '2018-07-09 01:18:41');
INSERT INTO `roles_permissions` (`id`, `role_id`, `perm_cat_id`, `can_view`, `can_add`, `can_edit`, `can_delete`, `created_at`) VALUES (464, 1, 86, 1, 1, 1, 1, '2019-11-28 06:39:19');
INSERT INTO `roles_permissions` (`id`, `role_id`, `perm_cat_id`, `can_view`, `can_add`, `can_edit`, `can_delete`, `created_at`) VALUES (474, 1, 130, 1, 1, 0, 1, '2018-07-09 10:56:36');
INSERT INTO `roles_permissions` (`id`, `role_id`, `perm_cat_id`, `can_view`, `can_add`, `can_edit`, `can_delete`, `created_at`) VALUES (476, 1, 131, 1, 0, 0, 0, '2018-07-09 04:53:32');
INSERT INTO `roles_permissions` (`id`, `role_id`, `perm_cat_id`, `can_view`, `can_add`, `can_edit`, `can_delete`, `created_at`) VALUES (479, 2, 47, 1, 0, 0, 0, '2018-07-10 06:47:12');
INSERT INTO `roles_permissions` (`id`, `role_id`, `perm_cat_id`, `can_view`, `can_add`, `can_edit`, `can_delete`, `created_at`) VALUES (480, 2, 105, 1, 0, 0, 0, '2018-07-10 06:47:12');
INSERT INTO `roles_permissions` (`id`, `role_id`, `perm_cat_id`, `can_view`, `can_add`, `can_edit`, `can_delete`, `created_at`) VALUES (482, 2, 119, 1, 0, 0, 0, '2018-07-10 06:47:12');
INSERT INTO `roles_permissions` (`id`, `role_id`, `perm_cat_id`, `can_view`, `can_add`, `can_edit`, `can_delete`, `created_at`) VALUES (483, 2, 120, 1, 0, 0, 0, '2018-07-10 06:47:12');
INSERT INTO `roles_permissions` (`id`, `role_id`, `perm_cat_id`, `can_view`, `can_add`, `can_edit`, `can_delete`, `created_at`) VALUES (486, 2, 16, 1, 0, 0, 0, '2018-07-10 06:47:12');
INSERT INTO `roles_permissions` (`id`, `role_id`, `perm_cat_id`, `can_view`, `can_add`, `can_edit`, `can_delete`, `created_at`) VALUES (493, 2, 22, 1, 0, 0, 0, '2018-07-12 00:20:27');
INSERT INTO `roles_permissions` (`id`, `role_id`, `perm_cat_id`, `can_view`, `can_add`, `can_edit`, `can_delete`, `created_at`) VALUES (504, 2, 95, 1, 0, 0, 0, '2018-07-10 06:47:12');
INSERT INTO `roles_permissions` (`id`, `role_id`, `perm_cat_id`, `can_view`, `can_add`, `can_edit`, `can_delete`, `created_at`) VALUES (513, 3, 72, 1, 0, 0, 0, '2018-07-10 07:07:30');
INSERT INTO `roles_permissions` (`id`, `role_id`, `perm_cat_id`, `can_view`, `can_add`, `can_edit`, `can_delete`, `created_at`) VALUES (517, 3, 75, 1, 0, 0, 0, '2018-07-10 07:10:38');
INSERT INTO `roles_permissions` (`id`, `role_id`, `perm_cat_id`, `can_view`, `can_add`, `can_edit`, `can_delete`, `created_at`) VALUES (527, 3, 89, 1, 0, 0, 0, '2018-07-10 07:18:44');
INSERT INTO `roles_permissions` (`id`, `role_id`, `perm_cat_id`, `can_view`, `can_add`, `can_edit`, `can_delete`, `created_at`) VALUES (529, 3, 91, 1, 0, 0, 0, '2018-07-10 07:18:44');
INSERT INTO `roles_permissions` (`id`, `role_id`, `perm_cat_id`, `can_view`, `can_add`, `can_edit`, `can_delete`, `created_at`) VALUES (549, 3, 124, 1, 0, 0, 0, '2018-07-10 07:22:17');
INSERT INTO `roles_permissions` (`id`, `role_id`, `perm_cat_id`, `can_view`, `can_add`, `can_edit`, `can_delete`, `created_at`) VALUES (557, 6, 82, 1, 1, 1, 1, '2019-12-01 01:48:28');
INSERT INTO `roles_permissions` (`id`, `role_id`, `perm_cat_id`, `can_view`, `can_add`, `can_edit`, `can_delete`, `created_at`) VALUES (558, 6, 83, 1, 1, 1, 1, '2019-12-01 01:49:08');
INSERT INTO `roles_permissions` (`id`, `role_id`, `perm_cat_id`, `can_view`, `can_add`, `can_edit`, `can_delete`, `created_at`) VALUES (559, 6, 84, 1, 1, 1, 1, '2019-12-01 01:49:59');
INSERT INTO `roles_permissions` (`id`, `role_id`, `perm_cat_id`, `can_view`, `can_add`, `can_edit`, `can_delete`, `created_at`) VALUES (575, 6, 44, 1, 0, 0, 0, '2018-07-10 07:35:33');
INSERT INTO `roles_permissions` (`id`, `role_id`, `perm_cat_id`, `can_view`, `can_add`, `can_edit`, `can_delete`, `created_at`) VALUES (576, 6, 46, 1, 0, 0, 0, '2018-07-10 07:35:33');
INSERT INTO `roles_permissions` (`id`, `role_id`, `perm_cat_id`, `can_view`, `can_add`, `can_edit`, `can_delete`, `created_at`) VALUES (578, 6, 102, 1, 1, 1, 1, '2019-12-01 01:52:27');
INSERT INTO `roles_permissions` (`id`, `role_id`, `perm_cat_id`, `can_view`, `can_add`, `can_edit`, `can_delete`, `created_at`) VALUES (594, 3, 125, 1, 0, 0, 0, '2018-07-10 07:58:12');
INSERT INTO `roles_permissions` (`id`, `role_id`, `perm_cat_id`, `can_view`, `can_add`, `can_edit`, `can_delete`, `created_at`) VALUES (595, 3, 48, 1, 0, 0, 0, '2018-07-10 07:58:12');
INSERT INTO `roles_permissions` (`id`, `role_id`, `perm_cat_id`, `can_view`, `can_add`, `can_edit`, `can_delete`, `created_at`) VALUES (596, 3, 49, 1, 0, 0, 0, '2018-07-10 07:58:12');
INSERT INTO `roles_permissions` (`id`, `role_id`, `perm_cat_id`, `can_view`, `can_add`, `can_edit`, `can_delete`, `created_at`) VALUES (617, 2, 17, 1, 1, 1, 1, '2018-07-11 06:55:14');
INSERT INTO `roles_permissions` (`id`, `role_id`, `perm_cat_id`, `can_view`, `can_add`, `can_edit`, `can_delete`, `created_at`) VALUES (618, 2, 19, 1, 1, 1, 0, '2018-07-11 06:55:14');
INSERT INTO `roles_permissions` (`id`, `role_id`, `perm_cat_id`, `can_view`, `can_add`, `can_edit`, `can_delete`, `created_at`) VALUES (620, 2, 76, 1, 1, 1, 0, '2018-07-11 06:55:14');
INSERT INTO `roles_permissions` (`id`, `role_id`, `perm_cat_id`, `can_view`, `can_add`, `can_edit`, `can_delete`, `created_at`) VALUES (622, 2, 121, 1, 0, 0, 0, '2018-07-11 06:56:27');
INSERT INTO `roles_permissions` (`id`, `role_id`, `perm_cat_id`, `can_view`, `can_add`, `can_edit`, `can_delete`, `created_at`) VALUES (625, 1, 28, 1, 1, 1, 1, '2019-11-29 06:19:18');
INSERT INTO `roles_permissions` (`id`, `role_id`, `perm_cat_id`, `can_view`, `can_add`, `can_edit`, `can_delete`, `created_at`) VALUES (628, 6, 22, 1, 0, 0, 0, '2018-07-12 00:23:47');
INSERT INTO `roles_permissions` (`id`, `role_id`, `perm_cat_id`, `can_view`, `can_add`, `can_edit`, `can_delete`, `created_at`) VALUES (634, 4, 102, 1, 1, 1, 1, '2019-12-01 01:03:00');
INSERT INTO `roles_permissions` (`id`, `role_id`, `perm_cat_id`, `can_view`, `can_add`, `can_edit`, `can_delete`, `created_at`) VALUES (662, 1, 138, 1, 0, 0, 0, '2019-11-01 02:28:24');
INSERT INTO `roles_permissions` (`id`, `role_id`, `perm_cat_id`, `can_view`, `can_add`, `can_edit`, `can_delete`, `created_at`) VALUES (663, 1, 139, 1, 1, 1, 1, '2019-11-01 02:28:24');
INSERT INTO `roles_permissions` (`id`, `role_id`, `perm_cat_id`, `can_view`, `can_add`, `can_edit`, `can_delete`, `created_at`) VALUES (664, 1, 140, 1, 1, 1, 1, '2019-11-01 02:28:24');
INSERT INTO `roles_permissions` (`id`, `role_id`, `perm_cat_id`, `can_view`, `can_add`, `can_edit`, `can_delete`, `created_at`) VALUES (669, 1, 145, 1, 0, 0, 0, '2019-11-26 04:51:15');
INSERT INTO `roles_permissions` (`id`, `role_id`, `perm_cat_id`, `can_view`, `can_add`, `can_edit`, `can_delete`, `created_at`) VALUES (677, 1, 153, 1, 0, 0, 0, '2019-11-01 02:28:24');
INSERT INTO `roles_permissions` (`id`, `role_id`, `perm_cat_id`, `can_view`, `can_add`, `can_edit`, `can_delete`, `created_at`) VALUES (690, 1, 166, 1, 0, 0, 0, '2019-11-01 02:28:24');
INSERT INTO `roles_permissions` (`id`, `role_id`, `perm_cat_id`, `can_view`, `can_add`, `can_edit`, `can_delete`, `created_at`) VALUES (691, 1, 167, 1, 0, 0, 0, '2019-11-01 02:28:24');
INSERT INTO `roles_permissions` (`id`, `role_id`, `perm_cat_id`, `can_view`, `can_add`, `can_edit`, `can_delete`, `created_at`) VALUES (692, 1, 168, 1, 0, 0, 0, '2019-11-01 02:28:24');
INSERT INTO `roles_permissions` (`id`, `role_id`, `perm_cat_id`, `can_view`, `can_add`, `can_edit`, `can_delete`, `created_at`) VALUES (693, 1, 170, 1, 0, 0, 0, '2019-11-01 02:28:24');
INSERT INTO `roles_permissions` (`id`, `role_id`, `perm_cat_id`, `can_view`, `can_add`, `can_edit`, `can_delete`, `created_at`) VALUES (694, 1, 172, 1, 0, 0, 0, '2019-11-01 02:28:24');
INSERT INTO `roles_permissions` (`id`, `role_id`, `perm_cat_id`, `can_view`, `can_add`, `can_edit`, `can_delete`, `created_at`) VALUES (695, 1, 173, 1, 0, 0, 0, '2019-11-01 02:28:24');
INSERT INTO `roles_permissions` (`id`, `role_id`, `perm_cat_id`, `can_view`, `can_add`, `can_edit`, `can_delete`, `created_at`) VALUES (720, 1, 216, 1, 0, 0, 0, '2019-11-26 05:24:12');
INSERT INTO `roles_permissions` (`id`, `role_id`, `perm_cat_id`, `can_view`, `can_add`, `can_edit`, `can_delete`, `created_at`) VALUES (728, 1, 185, 1, 1, 1, 1, '2019-11-28 02:50:33');
INSERT INTO `roles_permissions` (`id`, `role_id`, `perm_cat_id`, `can_view`, `can_add`, `can_edit`, `can_delete`, `created_at`) VALUES (729, 1, 186, 1, 1, 1, 1, '2019-11-28 02:49:07');
INSERT INTO `roles_permissions` (`id`, `role_id`, `perm_cat_id`, `can_view`, `can_add`, `can_edit`, `can_delete`, `created_at`) VALUES (730, 1, 214, 1, 0, 1, 0, '2019-11-28 01:47:53');
INSERT INTO `roles_permissions` (`id`, `role_id`, `perm_cat_id`, `can_view`, `can_add`, `can_edit`, `can_delete`, `created_at`) VALUES (732, 1, 198, 1, 0, 0, 0, '2019-11-26 05:24:30');
INSERT INTO `roles_permissions` (`id`, `role_id`, `perm_cat_id`, `can_view`, `can_add`, `can_edit`, `can_delete`, `created_at`) VALUES (733, 1, 199, 1, 0, 0, 0, '2019-11-26 05:24:30');
INSERT INTO `roles_permissions` (`id`, `role_id`, `perm_cat_id`, `can_view`, `can_add`, `can_edit`, `can_delete`, `created_at`) VALUES (734, 1, 200, 1, 0, 0, 0, '2019-11-26 05:24:30');
INSERT INTO `roles_permissions` (`id`, `role_id`, `perm_cat_id`, `can_view`, `can_add`, `can_edit`, `can_delete`, `created_at`) VALUES (735, 1, 201, 1, 0, 0, 0, '2019-11-26 05:24:30');
INSERT INTO `roles_permissions` (`id`, `role_id`, `perm_cat_id`, `can_view`, `can_add`, `can_edit`, `can_delete`, `created_at`) VALUES (736, 1, 202, 1, 0, 0, 0, '2019-11-26 05:24:30');
INSERT INTO `roles_permissions` (`id`, `role_id`, `perm_cat_id`, `can_view`, `can_add`, `can_edit`, `can_delete`, `created_at`) VALUES (737, 1, 203, 1, 0, 0, 0, '2019-11-26 05:24:30');
INSERT INTO `roles_permissions` (`id`, `role_id`, `perm_cat_id`, `can_view`, `can_add`, `can_edit`, `can_delete`, `created_at`) VALUES (739, 1, 218, 1, 0, 0, 0, '2019-11-27 06:36:31');
INSERT INTO `roles_permissions` (`id`, `role_id`, `perm_cat_id`, `can_view`, `can_add`, `can_edit`, `can_delete`, `created_at`) VALUES (743, 1, 218, 1, 0, 0, 0, '2019-11-27 06:36:32');
INSERT INTO `roles_permissions` (`id`, `role_id`, `perm_cat_id`, `can_view`, `can_add`, `can_edit`, `can_delete`, `created_at`) VALUES (747, 1, 2, 1, 0, 0, 0, '2019-11-27 22:56:08');
INSERT INTO `roles_permissions` (`id`, `role_id`, `perm_cat_id`, `can_view`, `can_add`, `can_edit`, `can_delete`, `created_at`) VALUES (748, 1, 3, 1, 1, 1, 1, '2019-11-27 22:56:32');
INSERT INTO `roles_permissions` (`id`, `role_id`, `perm_cat_id`, `can_view`, `can_add`, `can_edit`, `can_delete`, `created_at`) VALUES (749, 1, 4, 1, 1, 1, 1, '2019-11-27 22:56:48');
INSERT INTO `roles_permissions` (`id`, `role_id`, `perm_cat_id`, `can_view`, `can_add`, `can_edit`, `can_delete`, `created_at`) VALUES (751, 1, 128, 0, 1, 0, 1, '2019-11-27 22:57:01');
INSERT INTO `roles_permissions` (`id`, `role_id`, `perm_cat_id`, `can_view`, `can_add`, `can_edit`, `can_delete`, `created_at`) VALUES (752, 1, 132, 1, 0, 1, 1, '2019-11-27 23:02:23');
INSERT INTO `roles_permissions` (`id`, `role_id`, `perm_cat_id`, `can_view`, `can_add`, `can_edit`, `can_delete`, `created_at`) VALUES (754, 1, 134, 1, 1, 1, 1, '2019-11-27 23:18:21');
INSERT INTO `roles_permissions` (`id`, `role_id`, `perm_cat_id`, `can_view`, `can_add`, `can_edit`, `can_delete`, `created_at`) VALUES (755, 1, 5, 1, 1, 0, 1, '2019-11-27 23:35:07');
INSERT INTO `roles_permissions` (`id`, `role_id`, `perm_cat_id`, `can_view`, `can_add`, `can_edit`, `can_delete`, `created_at`) VALUES (756, 1, 6, 1, 0, 0, 0, '2019-11-27 23:35:25');
INSERT INTO `roles_permissions` (`id`, `role_id`, `perm_cat_id`, `can_view`, `can_add`, `can_edit`, `can_delete`, `created_at`) VALUES (757, 1, 7, 1, 1, 1, 1, '2019-11-27 23:36:35');
INSERT INTO `roles_permissions` (`id`, `role_id`, `perm_cat_id`, `can_view`, `can_add`, `can_edit`, `can_delete`, `created_at`) VALUES (758, 1, 8, 1, 1, 1, 1, '2019-11-27 23:37:27');
INSERT INTO `roles_permissions` (`id`, `role_id`, `perm_cat_id`, `can_view`, `can_add`, `can_edit`, `can_delete`, `created_at`) VALUES (760, 1, 68, 1, 0, 0, 0, '2019-11-27 23:38:06');
INSERT INTO `roles_permissions` (`id`, `role_id`, `perm_cat_id`, `can_view`, `can_add`, `can_edit`, `can_delete`, `created_at`) VALUES (761, 1, 69, 1, 1, 1, 1, '2019-11-27 23:39:06');
INSERT INTO `roles_permissions` (`id`, `role_id`, `perm_cat_id`, `can_view`, `can_add`, `can_edit`, `can_delete`, `created_at`) VALUES (762, 1, 70, 1, 1, 1, 1, '2019-11-27 23:39:41');
INSERT INTO `roles_permissions` (`id`, `role_id`, `perm_cat_id`, `can_view`, `can_add`, `can_edit`, `can_delete`, `created_at`) VALUES (763, 1, 71, 1, 0, 0, 0, '2019-11-27 23:39:59');
INSERT INTO `roles_permissions` (`id`, `role_id`, `perm_cat_id`, `can_view`, `can_add`, `can_edit`, `can_delete`, `created_at`) VALUES (764, 1, 72, 1, 0, 0, 0, '2019-11-27 23:40:11');
INSERT INTO `roles_permissions` (`id`, `role_id`, `perm_cat_id`, `can_view`, `can_add`, `can_edit`, `can_delete`, `created_at`) VALUES (765, 1, 73, 1, 0, 0, 0, '2019-11-27 23:43:15');
INSERT INTO `roles_permissions` (`id`, `role_id`, `perm_cat_id`, `can_view`, `can_add`, `can_edit`, `can_delete`, `created_at`) VALUES (766, 1, 74, 1, 0, 0, 0, '2019-11-27 23:43:55');
INSERT INTO `roles_permissions` (`id`, `role_id`, `perm_cat_id`, `can_view`, `can_add`, `can_edit`, `can_delete`, `created_at`) VALUES (768, 1, 11, 1, 0, 0, 0, '2019-11-27 23:45:46');
INSERT INTO `roles_permissions` (`id`, `role_id`, `perm_cat_id`, `can_view`, `can_add`, `can_edit`, `can_delete`, `created_at`) VALUES (769, 1, 122, 1, 0, 0, 0, '2019-11-27 23:52:43');
INSERT INTO `roles_permissions` (`id`, `role_id`, `perm_cat_id`, `can_view`, `can_add`, `can_edit`, `can_delete`, `created_at`) VALUES (771, 1, 136, 1, 0, 0, 0, '2019-11-27 23:55:36');
INSERT INTO `roles_permissions` (`id`, `role_id`, `perm_cat_id`, `can_view`, `can_add`, `can_edit`, `can_delete`, `created_at`) VALUES (772, 1, 20, 1, 1, 1, 1, '2019-11-28 04:06:44');
INSERT INTO `roles_permissions` (`id`, `role_id`, `perm_cat_id`, `can_view`, `can_add`, `can_edit`, `can_delete`, `created_at`) VALUES (773, 1, 137, 1, 1, 1, 1, '2019-11-28 00:46:14');
INSERT INTO `roles_permissions` (`id`, `role_id`, `perm_cat_id`, `can_view`, `can_add`, `can_edit`, `can_delete`, `created_at`) VALUES (774, 1, 141, 1, 1, 1, 1, '2019-11-28 00:59:42');
INSERT INTO `roles_permissions` (`id`, `role_id`, `perm_cat_id`, `can_view`, `can_add`, `can_edit`, `can_delete`, `created_at`) VALUES (775, 1, 142, 1, 0, 0, 0, '2019-11-27 23:56:12');
INSERT INTO `roles_permissions` (`id`, `role_id`, `perm_cat_id`, `can_view`, `can_add`, `can_edit`, `can_delete`, `created_at`) VALUES (776, 1, 143, 1, 1, 1, 1, '2019-11-28 00:59:42');
INSERT INTO `roles_permissions` (`id`, `role_id`, `perm_cat_id`, `can_view`, `can_add`, `can_edit`, `can_delete`, `created_at`) VALUES (777, 1, 144, 1, 0, 0, 0, '2019-11-27 23:56:12');
INSERT INTO `roles_permissions` (`id`, `role_id`, `perm_cat_id`, `can_view`, `can_add`, `can_edit`, `can_delete`, `created_at`) VALUES (778, 1, 187, 1, 0, 0, 0, '2019-11-27 23:56:12');
INSERT INTO `roles_permissions` (`id`, `role_id`, `perm_cat_id`, `can_view`, `can_add`, `can_edit`, `can_delete`, `created_at`) VALUES (779, 1, 196, 1, 0, 0, 0, '2019-11-27 23:56:12');
INSERT INTO `roles_permissions` (`id`, `role_id`, `perm_cat_id`, `can_view`, `can_add`, `can_edit`, `can_delete`, `created_at`) VALUES (781, 1, 207, 1, 0, 0, 0, '2019-11-27 23:56:12');
INSERT INTO `roles_permissions` (`id`, `role_id`, `perm_cat_id`, `can_view`, `can_add`, `can_edit`, `can_delete`, `created_at`) VALUES (782, 1, 208, 1, 0, 1, 0, '2019-11-28 00:10:22');
INSERT INTO `roles_permissions` (`id`, `role_id`, `perm_cat_id`, `can_view`, `can_add`, `can_edit`, `can_delete`, `created_at`) VALUES (783, 1, 210, 1, 0, 1, 0, '2019-11-28 00:34:40');
INSERT INTO `roles_permissions` (`id`, `role_id`, `perm_cat_id`, `can_view`, `can_add`, `can_edit`, `can_delete`, `created_at`) VALUES (784, 1, 211, 1, 0, 1, 0, '2019-11-28 00:38:23');
INSERT INTO `roles_permissions` (`id`, `role_id`, `perm_cat_id`, `can_view`, `can_add`, `can_edit`, `can_delete`, `created_at`) VALUES (785, 1, 212, 1, 0, 1, 0, '2019-11-28 00:42:15');
INSERT INTO `roles_permissions` (`id`, `role_id`, `perm_cat_id`, `can_view`, `can_add`, `can_edit`, `can_delete`, `created_at`) VALUES (786, 1, 205, 1, 1, 1, 1, '2019-11-28 00:42:15');
INSERT INTO `roles_permissions` (`id`, `role_id`, `perm_cat_id`, `can_view`, `can_add`, `can_edit`, `can_delete`, `created_at`) VALUES (787, 1, 222, 1, 0, 1, 0, '2019-11-28 01:36:36');
INSERT INTO `roles_permissions` (`id`, `role_id`, `perm_cat_id`, `can_view`, `can_add`, `can_edit`, `can_delete`, `created_at`) VALUES (788, 1, 77, 1, 1, 1, 1, '2019-11-28 06:22:10');
INSERT INTO `roles_permissions` (`id`, `role_id`, `perm_cat_id`, `can_view`, `can_add`, `can_edit`, `can_delete`, `created_at`) VALUES (789, 1, 188, 1, 1, 1, 1, '2019-11-28 06:26:16');
INSERT INTO `roles_permissions` (`id`, `role_id`, `perm_cat_id`, `can_view`, `can_add`, `can_edit`, `can_delete`, `created_at`) VALUES (790, 1, 23, 1, 1, 1, 1, '2019-11-28 06:34:20');
INSERT INTO `roles_permissions` (`id`, `role_id`, `perm_cat_id`, `can_view`, `can_add`, `can_edit`, `can_delete`, `created_at`) VALUES (791, 1, 25, 1, 1, 1, 1, '2019-11-28 06:36:20');
INSERT INTO `roles_permissions` (`id`, `role_id`, `perm_cat_id`, `can_view`, `can_add`, `can_edit`, `can_delete`, `created_at`) VALUES (792, 1, 127, 1, 0, 0, 0, '2019-11-28 06:41:25');
INSERT INTO `roles_permissions` (`id`, `role_id`, `perm_cat_id`, `can_view`, `can_add`, `can_edit`, `can_delete`, `created_at`) VALUES (794, 1, 88, 1, 1, 1, 0, '2019-11-28 06:43:04');
INSERT INTO `roles_permissions` (`id`, `role_id`, `perm_cat_id`, `can_view`, `can_add`, `can_edit`, `can_delete`, `created_at`) VALUES (795, 1, 90, 1, 1, 0, 1, '2019-11-28 06:46:22');
INSERT INTO `roles_permissions` (`id`, `role_id`, `perm_cat_id`, `can_view`, `can_add`, `can_edit`, `can_delete`, `created_at`) VALUES (796, 1, 108, 1, 0, 1, 1, '2021-01-23 07:09:32');
INSERT INTO `roles_permissions` (`id`, `role_id`, `perm_cat_id`, `can_view`, `can_add`, `can_edit`, `can_delete`, `created_at`) VALUES (797, 1, 109, 1, 1, 0, 0, '2019-11-28 23:38:11');
INSERT INTO `roles_permissions` (`id`, `role_id`, `perm_cat_id`, `can_view`, `can_add`, `can_edit`, `can_delete`, `created_at`) VALUES (798, 1, 110, 1, 1, 1, 1, '2019-11-28 23:49:29');
INSERT INTO `roles_permissions` (`id`, `role_id`, `perm_cat_id`, `can_view`, `can_add`, `can_edit`, `can_delete`, `created_at`) VALUES (799, 1, 111, 1, 1, 1, 1, '2019-11-28 23:49:57');
INSERT INTO `roles_permissions` (`id`, `role_id`, `perm_cat_id`, `can_view`, `can_add`, `can_edit`, `can_delete`, `created_at`) VALUES (800, 1, 112, 1, 1, 1, 1, '2019-11-28 23:49:57');
INSERT INTO `roles_permissions` (`id`, `role_id`, `perm_cat_id`, `can_view`, `can_add`, `can_edit`, `can_delete`, `created_at`) VALUES (801, 1, 129, 0, 1, 0, 1, '2019-11-28 23:49:57');
INSERT INTO `roles_permissions` (`id`, `role_id`, `perm_cat_id`, `can_view`, `can_add`, `can_edit`, `can_delete`, `created_at`) VALUES (802, 1, 189, 1, 0, 1, 1, '2019-11-28 23:59:22');
INSERT INTO `roles_permissions` (`id`, `role_id`, `perm_cat_id`, `can_view`, `can_add`, `can_edit`, `can_delete`, `created_at`) VALUES (806, 2, 133, 1, 0, 1, 0, '2019-11-29 00:34:35');
INSERT INTO `roles_permissions` (`id`, `role_id`, `perm_cat_id`, `can_view`, `can_add`, `can_edit`, `can_delete`, `created_at`) VALUES (810, 2, 1, 1, 1, 1, 1, '2019-11-30 02:54:16');
INSERT INTO `roles_permissions` (`id`, `role_id`, `perm_cat_id`, `can_view`, `can_add`, `can_edit`, `can_delete`, `created_at`) VALUES (813, 1, 133, 1, 0, 1, 0, '2019-11-29 00:39:57');
INSERT INTO `roles_permissions` (`id`, `role_id`, `perm_cat_id`, `can_view`, `can_add`, `can_edit`, `can_delete`, `created_at`) VALUES (817, 1, 93, 1, 1, 1, 1, '2019-11-29 00:56:14');
INSERT INTO `roles_permissions` (`id`, `role_id`, `perm_cat_id`, `can_view`, `can_add`, `can_edit`, `can_delete`, `created_at`) VALUES (825, 1, 87, 1, 0, 0, 0, '2019-11-29 00:56:14');
INSERT INTO `roles_permissions` (`id`, `role_id`, `perm_cat_id`, `can_view`, `can_add`, `can_edit`, `can_delete`, `created_at`) VALUES (829, 1, 94, 1, 1, 0, 0, '2019-11-29 00:57:57');
INSERT INTO `roles_permissions` (`id`, `role_id`, `perm_cat_id`, `can_view`, `can_add`, `can_edit`, `can_delete`, `created_at`) VALUES (836, 1, 146, 1, 0, 0, 0, '2019-11-29 01:13:28');
INSERT INTO `roles_permissions` (`id`, `role_id`, `perm_cat_id`, `can_view`, `can_add`, `can_edit`, `can_delete`, `created_at`) VALUES (837, 1, 147, 1, 0, 0, 0, '2019-11-29 01:13:28');
INSERT INTO `roles_permissions` (`id`, `role_id`, `perm_cat_id`, `can_view`, `can_add`, `can_edit`, `can_delete`, `created_at`) VALUES (838, 1, 148, 1, 0, 0, 0, '2019-11-29 01:13:28');
INSERT INTO `roles_permissions` (`id`, `role_id`, `perm_cat_id`, `can_view`, `can_add`, `can_edit`, `can_delete`, `created_at`) VALUES (839, 1, 149, 1, 0, 0, 0, '2019-11-29 01:13:28');
INSERT INTO `roles_permissions` (`id`, `role_id`, `perm_cat_id`, `can_view`, `can_add`, `can_edit`, `can_delete`, `created_at`) VALUES (840, 1, 150, 1, 0, 0, 0, '2019-11-29 01:13:28');
INSERT INTO `roles_permissions` (`id`, `role_id`, `perm_cat_id`, `can_view`, `can_add`, `can_edit`, `can_delete`, `created_at`) VALUES (841, 1, 151, 1, 0, 0, 0, '2019-11-29 01:13:28');
INSERT INTO `roles_permissions` (`id`, `role_id`, `perm_cat_id`, `can_view`, `can_add`, `can_edit`, `can_delete`, `created_at`) VALUES (842, 1, 152, 1, 0, 0, 0, '2019-11-29 01:13:28');
INSERT INTO `roles_permissions` (`id`, `role_id`, `perm_cat_id`, `can_view`, `can_add`, `can_edit`, `can_delete`, `created_at`) VALUES (843, 1, 154, 1, 0, 0, 0, '2019-11-29 01:13:28');
INSERT INTO `roles_permissions` (`id`, `role_id`, `perm_cat_id`, `can_view`, `can_add`, `can_edit`, `can_delete`, `created_at`) VALUES (862, 1, 155, 1, 0, 0, 0, '2019-11-29 02:07:30');
INSERT INTO `roles_permissions` (`id`, `role_id`, `perm_cat_id`, `can_view`, `can_add`, `can_edit`, `can_delete`, `created_at`) VALUES (863, 1, 156, 1, 0, 0, 0, '2019-11-29 02:07:52');
INSERT INTO `roles_permissions` (`id`, `role_id`, `perm_cat_id`, `can_view`, `can_add`, `can_edit`, `can_delete`, `created_at`) VALUES (864, 1, 157, 1, 0, 0, 0, '2019-11-29 02:08:05');
INSERT INTO `roles_permissions` (`id`, `role_id`, `perm_cat_id`, `can_view`, `can_add`, `can_edit`, `can_delete`, `created_at`) VALUES (874, 1, 158, 1, 0, 0, 0, '2019-11-29 02:14:03');
INSERT INTO `roles_permissions` (`id`, `role_id`, `perm_cat_id`, `can_view`, `can_add`, `can_edit`, `can_delete`, `created_at`) VALUES (875, 1, 159, 1, 0, 0, 0, '2019-11-29 02:14:31');
INSERT INTO `roles_permissions` (`id`, `role_id`, `perm_cat_id`, `can_view`, `can_add`, `can_edit`, `can_delete`, `created_at`) VALUES (876, 1, 160, 1, 0, 0, 0, '2019-11-29 02:14:44');
INSERT INTO `roles_permissions` (`id`, `role_id`, `perm_cat_id`, `can_view`, `can_add`, `can_edit`, `can_delete`, `created_at`) VALUES (878, 1, 162, 1, 0, 0, 0, '2019-11-29 02:15:58');
INSERT INTO `roles_permissions` (`id`, `role_id`, `perm_cat_id`, `can_view`, `can_add`, `can_edit`, `can_delete`, `created_at`) VALUES (879, 1, 163, 1, 0, 0, 0, '2019-11-29 02:16:19');
INSERT INTO `roles_permissions` (`id`, `role_id`, `perm_cat_id`, `can_view`, `can_add`, `can_edit`, `can_delete`, `created_at`) VALUES (882, 1, 164, 1, 0, 0, 0, '2019-11-29 02:25:17');
INSERT INTO `roles_permissions` (`id`, `role_id`, `perm_cat_id`, `can_view`, `can_add`, `can_edit`, `can_delete`, `created_at`) VALUES (884, 1, 165, 1, 0, 0, 0, '2019-11-29 02:25:30');
INSERT INTO `roles_permissions` (`id`, `role_id`, `perm_cat_id`, `can_view`, `can_add`, `can_edit`, `can_delete`, `created_at`) VALUES (886, 1, 197, 1, 0, 0, 0, '2019-11-29 02:25:48');
INSERT INTO `roles_permissions` (`id`, `role_id`, `perm_cat_id`, `can_view`, `can_add`, `can_edit`, `can_delete`, `created_at`) VALUES (887, 1, 219, 1, 0, 0, 0, '2019-11-29 02:26:05');
INSERT INTO `roles_permissions` (`id`, `role_id`, `perm_cat_id`, `can_view`, `can_add`, `can_edit`, `can_delete`, `created_at`) VALUES (889, 1, 220, 1, 0, 0, 0, '2019-11-29 02:26:22');
INSERT INTO `roles_permissions` (`id`, `role_id`, `perm_cat_id`, `can_view`, `can_add`, `can_edit`, `can_delete`, `created_at`) VALUES (932, 1, 204, 1, 0, 0, 0, '2019-11-29 03:43:27');
INSERT INTO `roles_permissions` (`id`, `role_id`, `perm_cat_id`, `can_view`, `can_add`, `can_edit`, `can_delete`, `created_at`) VALUES (933, 1, 221, 1, 0, 0, 0, '2019-11-29 03:45:04');
INSERT INTO `roles_permissions` (`id`, `role_id`, `perm_cat_id`, `can_view`, `can_add`, `can_edit`, `can_delete`, `created_at`) VALUES (934, 1, 178, 1, 0, 0, 0, '2019-11-29 03:45:16');
INSERT INTO `roles_permissions` (`id`, `role_id`, `perm_cat_id`, `can_view`, `can_add`, `can_edit`, `can_delete`, `created_at`) VALUES (935, 1, 179, 1, 0, 0, 0, '2019-11-29 03:45:33');
INSERT INTO `roles_permissions` (`id`, `role_id`, `perm_cat_id`, `can_view`, `can_add`, `can_edit`, `can_delete`, `created_at`) VALUES (936, 1, 161, 1, 0, 0, 0, '2019-11-29 03:45:48');
INSERT INTO `roles_permissions` (`id`, `role_id`, `perm_cat_id`, `can_view`, `can_add`, `can_edit`, `can_delete`, `created_at`) VALUES (937, 1, 180, 1, 0, 0, 0, '2019-11-29 03:45:48');
INSERT INTO `roles_permissions` (`id`, `role_id`, `perm_cat_id`, `can_view`, `can_add`, `can_edit`, `can_delete`, `created_at`) VALUES (938, 1, 181, 1, 0, 0, 0, '2019-11-29 03:49:33');
INSERT INTO `roles_permissions` (`id`, `role_id`, `perm_cat_id`, `can_view`, `can_add`, `can_edit`, `can_delete`, `created_at`) VALUES (939, 1, 182, 1, 0, 0, 0, '2019-11-29 03:49:45');
INSERT INTO `roles_permissions` (`id`, `role_id`, `perm_cat_id`, `can_view`, `can_add`, `can_edit`, `can_delete`, `created_at`) VALUES (940, 1, 183, 1, 0, 0, 0, '2019-11-29 03:49:56');
INSERT INTO `roles_permissions` (`id`, `role_id`, `perm_cat_id`, `can_view`, `can_add`, `can_edit`, `can_delete`, `created_at`) VALUES (941, 1, 174, 1, 0, 0, 0, '2019-11-29 03:50:53');
INSERT INTO `roles_permissions` (`id`, `role_id`, `perm_cat_id`, `can_view`, `can_add`, `can_edit`, `can_delete`, `created_at`) VALUES (943, 1, 176, 1, 0, 0, 0, '2019-11-29 03:52:10');
INSERT INTO `roles_permissions` (`id`, `role_id`, `perm_cat_id`, `can_view`, `can_add`, `can_edit`, `can_delete`, `created_at`) VALUES (944, 1, 177, 1, 0, 0, 0, '2019-11-29 03:52:22');
INSERT INTO `roles_permissions` (`id`, `role_id`, `perm_cat_id`, `can_view`, `can_add`, `can_edit`, `can_delete`, `created_at`) VALUES (945, 1, 53, 0, 1, 0, 1, '2021-01-23 07:09:32');
INSERT INTO `roles_permissions` (`id`, `role_id`, `perm_cat_id`, `can_view`, `can_add`, `can_edit`, `can_delete`, `created_at`) VALUES (946, 1, 215, 1, 0, 0, 0, '2019-11-29 04:01:37');
INSERT INTO `roles_permissions` (`id`, `role_id`, `perm_cat_id`, `can_view`, `can_add`, `can_edit`, `can_delete`, `created_at`) VALUES (947, 1, 213, 1, 0, 0, 0, '2019-11-29 04:07:45');
INSERT INTO `roles_permissions` (`id`, `role_id`, `perm_cat_id`, `can_view`, `can_add`, `can_edit`, `can_delete`, `created_at`) VALUES (974, 1, 224, 1, 0, 0, 0, '2019-11-29 04:32:52');
INSERT INTO `roles_permissions` (`id`, `role_id`, `perm_cat_id`, `can_view`, `can_add`, `can_edit`, `can_delete`, `created_at`) VALUES (979, 1, 225, 1, 0, 0, 0, '2019-11-29 04:45:30');
INSERT INTO `roles_permissions` (`id`, `role_id`, `perm_cat_id`, `can_view`, `can_add`, `can_edit`, `can_delete`, `created_at`) VALUES (982, 2, 225, 1, 0, 0, 0, '2019-11-29 04:47:19');
INSERT INTO `roles_permissions` (`id`, `role_id`, `perm_cat_id`, `can_view`, `can_add`, `can_edit`, `can_delete`, `created_at`) VALUES (1026, 1, 135, 1, 0, 1, 0, '2019-11-29 06:02:12');
INSERT INTO `roles_permissions` (`id`, `role_id`, `perm_cat_id`, `can_view`, `can_add`, `can_edit`, `can_delete`, `created_at`) VALUES (1031, 1, 228, 1, 0, 0, 0, '2019-11-29 06:21:16');
INSERT INTO `roles_permissions` (`id`, `role_id`, `perm_cat_id`, `can_view`, `can_add`, `can_edit`, `can_delete`, `created_at`) VALUES (1083, 1, 175, 1, 0, 0, 0, '2019-11-30 00:37:24');
INSERT INTO `roles_permissions` (`id`, `role_id`, `perm_cat_id`, `can_view`, `can_add`, `can_edit`, `can_delete`, `created_at`) VALUES (1086, 1, 43, 1, 1, 1, 1, '2019-11-30 00:49:39');
INSERT INTO `roles_permissions` (`id`, `role_id`, `perm_cat_id`, `can_view`, `can_add`, `can_edit`, `can_delete`, `created_at`) VALUES (1087, 1, 44, 1, 0, 0, 0, '2019-11-30 00:49:39');
INSERT INTO `roles_permissions` (`id`, `role_id`, `perm_cat_id`, `can_view`, `can_add`, `can_edit`, `can_delete`, `created_at`) VALUES (1088, 1, 46, 1, 0, 0, 0, '2019-11-30 00:49:39');
INSERT INTO `roles_permissions` (`id`, `role_id`, `perm_cat_id`, `can_view`, `can_add`, `can_edit`, `can_delete`, `created_at`) VALUES (1089, 1, 217, 1, 0, 0, 0, '2019-11-30 00:49:39');
INSERT INTO `roles_permissions` (`id`, `role_id`, `perm_cat_id`, `can_view`, `can_add`, `can_edit`, `can_delete`, `created_at`) VALUES (1090, 1, 98, 1, 1, 1, 1, '2019-11-30 01:32:51');
INSERT INTO `roles_permissions` (`id`, `role_id`, `perm_cat_id`, `can_view`, `can_add`, `can_edit`, `can_delete`, `created_at`) VALUES (1091, 1, 99, 1, 0, 0, 0, '2019-11-30 01:30:18');
INSERT INTO `roles_permissions` (`id`, `role_id`, `perm_cat_id`, `can_view`, `can_add`, `can_edit`, `can_delete`, `created_at`) VALUES (1092, 1, 223, 1, 0, 0, 0, '2019-11-30 01:32:51');
INSERT INTO `roles_permissions` (`id`, `role_id`, `perm_cat_id`, `can_view`, `can_add`, `can_edit`, `can_delete`, `created_at`) VALUES (1103, 2, 205, 1, 1, 1, 1, '2019-11-30 01:56:04');
INSERT INTO `roles_permissions` (`id`, `role_id`, `perm_cat_id`, `can_view`, `can_add`, `can_edit`, `can_delete`, `created_at`) VALUES (1105, 2, 23, 1, 0, 0, 0, '2019-11-30 01:56:04');
INSERT INTO `roles_permissions` (`id`, `role_id`, `perm_cat_id`, `can_view`, `can_add`, `can_edit`, `can_delete`, `created_at`) VALUES (1106, 2, 24, 1, 0, 0, 0, '2019-11-30 01:56:04');
INSERT INTO `roles_permissions` (`id`, `role_id`, `perm_cat_id`, `can_view`, `can_add`, `can_edit`, `can_delete`, `created_at`) VALUES (1107, 2, 25, 1, 0, 0, 0, '2019-11-30 01:56:04');
INSERT INTO `roles_permissions` (`id`, `role_id`, `perm_cat_id`, `can_view`, `can_add`, `can_edit`, `can_delete`, `created_at`) VALUES (1108, 2, 77, 1, 0, 0, 0, '2019-11-30 01:56:04');
INSERT INTO `roles_permissions` (`id`, `role_id`, `perm_cat_id`, `can_view`, `can_add`, `can_edit`, `can_delete`, `created_at`) VALUES (1119, 2, 117, 1, 0, 0, 0, '2019-11-30 01:56:04');
INSERT INTO `roles_permissions` (`id`, `role_id`, `perm_cat_id`, `can_view`, `can_add`, `can_edit`, `can_delete`, `created_at`) VALUES (1123, 3, 8, 1, 1, 1, 1, '2019-11-30 06:46:18');
INSERT INTO `roles_permissions` (`id`, `role_id`, `perm_cat_id`, `can_view`, `can_add`, `can_edit`, `can_delete`, `created_at`) VALUES (1125, 3, 69, 1, 1, 1, 1, '2019-11-30 07:00:49');
INSERT INTO `roles_permissions` (`id`, `role_id`, `perm_cat_id`, `can_view`, `can_add`, `can_edit`, `can_delete`, `created_at`) VALUES (1126, 3, 70, 1, 1, 1, 1, '2019-11-30 07:04:46');
INSERT INTO `roles_permissions` (`id`, `role_id`, `perm_cat_id`, `can_view`, `can_add`, `can_edit`, `can_delete`, `created_at`) VALUES (1130, 3, 9, 1, 1, 1, 1, '2019-11-30 07:14:54');
INSERT INTO `roles_permissions` (`id`, `role_id`, `perm_cat_id`, `can_view`, `can_add`, `can_edit`, `can_delete`, `created_at`) VALUES (1131, 3, 10, 1, 1, 1, 1, '2019-11-30 07:16:02');
INSERT INTO `roles_permissions` (`id`, `role_id`, `perm_cat_id`, `can_view`, `can_add`, `can_edit`, `can_delete`, `created_at`) VALUES (1134, 3, 35, 1, 1, 1, 1, '2019-11-30 07:25:04');
INSERT INTO `roles_permissions` (`id`, `role_id`, `perm_cat_id`, `can_view`, `can_add`, `can_edit`, `can_delete`, `created_at`) VALUES (1135, 3, 104, 1, 1, 1, 1, '2019-11-30 07:25:53');
INSERT INTO `roles_permissions` (`id`, `role_id`, `perm_cat_id`, `can_view`, `can_add`, `can_edit`, `can_delete`, `created_at`) VALUES (1140, 3, 41, 1, 1, 1, 1, '2019-11-30 07:37:13');
INSERT INTO `roles_permissions` (`id`, `role_id`, `perm_cat_id`, `can_view`, `can_add`, `can_edit`, `can_delete`, `created_at`) VALUES (1141, 3, 42, 1, 1, 1, 1, '2019-11-30 07:37:46');
INSERT INTO `roles_permissions` (`id`, `role_id`, `perm_cat_id`, `can_view`, `can_add`, `can_edit`, `can_delete`, `created_at`) VALUES (1142, 3, 43, 1, 1, 1, 1, '2019-11-30 07:42:06');
INSERT INTO `roles_permissions` (`id`, `role_id`, `perm_cat_id`, `can_view`, `can_add`, `can_edit`, `can_delete`, `created_at`) VALUES (1151, 3, 87, 1, 0, 0, 0, '2019-11-30 02:23:13');
INSERT INTO `roles_permissions` (`id`, `role_id`, `perm_cat_id`, `can_view`, `can_add`, `can_edit`, `can_delete`, `created_at`) VALUES (1152, 3, 88, 1, 1, 1, 0, '2019-11-30 02:23:13');
INSERT INTO `roles_permissions` (`id`, `role_id`, `perm_cat_id`, `can_view`, `can_add`, `can_edit`, `can_delete`, `created_at`) VALUES (1153, 3, 90, 1, 1, 0, 1, '2019-11-30 02:23:13');
INSERT INTO `roles_permissions` (`id`, `role_id`, `perm_cat_id`, `can_view`, `can_add`, `can_edit`, `can_delete`, `created_at`) VALUES (1154, 3, 108, 1, 0, 1, 0, '2019-11-30 02:23:13');
INSERT INTO `roles_permissions` (`id`, `role_id`, `perm_cat_id`, `can_view`, `can_add`, `can_edit`, `can_delete`, `created_at`) VALUES (1155, 3, 109, 1, 1, 0, 0, '2019-11-30 02:23:13');
INSERT INTO `roles_permissions` (`id`, `role_id`, `perm_cat_id`, `can_view`, `can_add`, `can_edit`, `can_delete`, `created_at`) VALUES (1156, 3, 110, 1, 1, 1, 1, '2019-11-30 02:23:13');
INSERT INTO `roles_permissions` (`id`, `role_id`, `perm_cat_id`, `can_view`, `can_add`, `can_edit`, `can_delete`, `created_at`) VALUES (1157, 3, 111, 1, 1, 1, 1, '2019-11-30 02:23:13');
INSERT INTO `roles_permissions` (`id`, `role_id`, `perm_cat_id`, `can_view`, `can_add`, `can_edit`, `can_delete`, `created_at`) VALUES (1158, 3, 112, 1, 1, 1, 1, '2019-11-30 02:23:13');
INSERT INTO `roles_permissions` (`id`, `role_id`, `perm_cat_id`, `can_view`, `can_add`, `can_edit`, `can_delete`, `created_at`) VALUES (1159, 3, 127, 1, 0, 0, 0, '2019-11-30 02:23:13');
INSERT INTO `roles_permissions` (`id`, `role_id`, `perm_cat_id`, `can_view`, `can_add`, `can_edit`, `can_delete`, `created_at`) VALUES (1160, 3, 129, 0, 1, 0, 1, '2019-11-30 02:23:13');
INSERT INTO `roles_permissions` (`id`, `role_id`, `perm_cat_id`, `can_view`, `can_add`, `can_edit`, `can_delete`, `created_at`) VALUES (1161, 3, 102, 1, 1, 1, 1, '2019-11-30 02:23:13');
INSERT INTO `roles_permissions` (`id`, `role_id`, `perm_cat_id`, `can_view`, `can_add`, `can_edit`, `can_delete`, `created_at`) VALUES (1162, 3, 106, 1, 0, 0, 0, '2019-11-30 02:23:13');
INSERT INTO `roles_permissions` (`id`, `role_id`, `perm_cat_id`, `can_view`, `can_add`, `can_edit`, `can_delete`, `created_at`) VALUES (1163, 3, 113, 1, 0, 0, 0, '2019-11-30 02:23:13');
INSERT INTO `roles_permissions` (`id`, `role_id`, `perm_cat_id`, `can_view`, `can_add`, `can_edit`, `can_delete`, `created_at`) VALUES (1164, 3, 114, 1, 0, 0, 0, '2019-11-30 02:23:13');
INSERT INTO `roles_permissions` (`id`, `role_id`, `perm_cat_id`, `can_view`, `can_add`, `can_edit`, `can_delete`, `created_at`) VALUES (1165, 3, 115, 1, 0, 0, 0, '2019-11-30 02:23:13');
INSERT INTO `roles_permissions` (`id`, `role_id`, `perm_cat_id`, `can_view`, `can_add`, `can_edit`, `can_delete`, `created_at`) VALUES (1166, 3, 116, 1, 0, 0, 0, '2019-11-30 02:23:13');
INSERT INTO `roles_permissions` (`id`, `role_id`, `perm_cat_id`, `can_view`, `can_add`, `can_edit`, `can_delete`, `created_at`) VALUES (1167, 3, 117, 1, 0, 0, 0, '2019-11-30 02:23:13');
INSERT INTO `roles_permissions` (`id`, `role_id`, `perm_cat_id`, `can_view`, `can_add`, `can_edit`, `can_delete`, `created_at`) VALUES (1168, 3, 118, 1, 0, 0, 0, '2019-11-30 02:23:13');
INSERT INTO `roles_permissions` (`id`, `role_id`, `perm_cat_id`, `can_view`, `can_add`, `can_edit`, `can_delete`, `created_at`) VALUES (1171, 2, 142, 1, 0, 0, 0, '2019-11-30 02:36:17');
INSERT INTO `roles_permissions` (`id`, `role_id`, `perm_cat_id`, `can_view`, `can_add`, `can_edit`, `can_delete`, `created_at`) VALUES (1172, 2, 144, 1, 0, 0, 0, '2019-11-30 02:36:17');
INSERT INTO `roles_permissions` (`id`, `role_id`, `perm_cat_id`, `can_view`, `can_add`, `can_edit`, `can_delete`, `created_at`) VALUES (1179, 2, 212, 1, 0, 1, 0, '2019-11-30 02:36:17');
INSERT INTO `roles_permissions` (`id`, `role_id`, `perm_cat_id`, `can_view`, `can_add`, `can_edit`, `can_delete`, `created_at`) VALUES (1183, 2, 148, 1, 0, 0, 0, '2019-11-30 02:36:17');
INSERT INTO `roles_permissions` (`id`, `role_id`, `perm_cat_id`, `can_view`, `can_add`, `can_edit`, `can_delete`, `created_at`) VALUES (1184, 2, 149, 1, 0, 0, 0, '2019-11-30 02:36:17');
INSERT INTO `roles_permissions` (`id`, `role_id`, `perm_cat_id`, `can_view`, `can_add`, `can_edit`, `can_delete`, `created_at`) VALUES (1185, 2, 150, 1, 0, 0, 0, '2019-11-30 02:36:17');
INSERT INTO `roles_permissions` (`id`, `role_id`, `perm_cat_id`, `can_view`, `can_add`, `can_edit`, `can_delete`, `created_at`) VALUES (1186, 2, 151, 1, 0, 0, 0, '2019-11-30 02:36:17');
INSERT INTO `roles_permissions` (`id`, `role_id`, `perm_cat_id`, `can_view`, `can_add`, `can_edit`, `can_delete`, `created_at`) VALUES (1187, 2, 152, 1, 0, 0, 0, '2019-11-30 02:36:17');
INSERT INTO `roles_permissions` (`id`, `role_id`, `perm_cat_id`, `can_view`, `can_add`, `can_edit`, `can_delete`, `created_at`) VALUES (1188, 2, 153, 1, 0, 0, 0, '2019-11-30 02:36:17');
INSERT INTO `roles_permissions` (`id`, `role_id`, `perm_cat_id`, `can_view`, `can_add`, `can_edit`, `can_delete`, `created_at`) VALUES (1189, 2, 154, 1, 0, 0, 0, '2019-11-30 02:36:17');
INSERT INTO `roles_permissions` (`id`, `role_id`, `perm_cat_id`, `can_view`, `can_add`, `can_edit`, `can_delete`, `created_at`) VALUES (1190, 2, 197, 1, 0, 0, 0, '2019-11-30 02:36:17');
INSERT INTO `roles_permissions` (`id`, `role_id`, `perm_cat_id`, `can_view`, `can_add`, `can_edit`, `can_delete`, `created_at`) VALUES (1191, 2, 198, 1, 0, 0, 0, '2019-11-30 02:36:17');
INSERT INTO `roles_permissions` (`id`, `role_id`, `perm_cat_id`, `can_view`, `can_add`, `can_edit`, `can_delete`, `created_at`) VALUES (1192, 2, 199, 1, 0, 0, 0, '2019-11-30 02:36:17');
INSERT INTO `roles_permissions` (`id`, `role_id`, `perm_cat_id`, `can_view`, `can_add`, `can_edit`, `can_delete`, `created_at`) VALUES (1193, 2, 200, 1, 0, 0, 0, '2019-11-30 02:36:17');
INSERT INTO `roles_permissions` (`id`, `role_id`, `perm_cat_id`, `can_view`, `can_add`, `can_edit`, `can_delete`, `created_at`) VALUES (1194, 2, 201, 1, 0, 0, 0, '2019-11-30 02:36:17');
INSERT INTO `roles_permissions` (`id`, `role_id`, `perm_cat_id`, `can_view`, `can_add`, `can_edit`, `can_delete`, `created_at`) VALUES (1195, 2, 202, 1, 0, 0, 0, '2019-11-30 02:36:17');
INSERT INTO `roles_permissions` (`id`, `role_id`, `perm_cat_id`, `can_view`, `can_add`, `can_edit`, `can_delete`, `created_at`) VALUES (1196, 2, 203, 1, 0, 0, 0, '2019-11-30 02:36:17');
INSERT INTO `roles_permissions` (`id`, `role_id`, `perm_cat_id`, `can_view`, `can_add`, `can_edit`, `can_delete`, `created_at`) VALUES (1197, 2, 219, 1, 0, 0, 0, '2019-11-30 02:36:17');
INSERT INTO `roles_permissions` (`id`, `role_id`, `perm_cat_id`, `can_view`, `can_add`, `can_edit`, `can_delete`, `created_at`) VALUES (1198, 2, 223, 1, 0, 0, 0, '2019-11-30 02:36:17');
INSERT INTO `roles_permissions` (`id`, `role_id`, `perm_cat_id`, `can_view`, `can_add`, `can_edit`, `can_delete`, `created_at`) VALUES (1199, 2, 213, 1, 0, 0, 0, '2019-11-30 02:36:17');
INSERT INTO `roles_permissions` (`id`, `role_id`, `perm_cat_id`, `can_view`, `can_add`, `can_edit`, `can_delete`, `created_at`) VALUES (1201, 2, 230, 1, 0, 0, 0, '2019-11-30 02:36:17');
INSERT INTO `roles_permissions` (`id`, `role_id`, `perm_cat_id`, `can_view`, `can_add`, `can_edit`, `can_delete`, `created_at`) VALUES (1204, 2, 214, 1, 0, 1, 0, '2019-11-30 02:36:17');
INSERT INTO `roles_permissions` (`id`, `role_id`, `perm_cat_id`, `can_view`, `can_add`, `can_edit`, `can_delete`, `created_at`) VALUES (1206, 2, 224, 1, 0, 0, 0, '2019-11-30 02:36:17');
INSERT INTO `roles_permissions` (`id`, `role_id`, `perm_cat_id`, `can_view`, `can_add`, `can_edit`, `can_delete`, `created_at`) VALUES (1208, 2, 2, 1, 0, 0, 0, '2019-11-30 02:55:45');
INSERT INTO `roles_permissions` (`id`, `role_id`, `perm_cat_id`, `can_view`, `can_add`, `can_edit`, `can_delete`, `created_at`) VALUES (1210, 2, 143, 1, 1, 1, 1, '2019-11-30 02:57:28');
INSERT INTO `roles_permissions` (`id`, `role_id`, `perm_cat_id`, `can_view`, `can_add`, `can_edit`, `can_delete`, `created_at`) VALUES (1211, 2, 145, 1, 0, 0, 0, '2019-11-30 02:57:28');
INSERT INTO `roles_permissions` (`id`, `role_id`, `perm_cat_id`, `can_view`, `can_add`, `can_edit`, `can_delete`, `created_at`) VALUES (1214, 2, 3, 1, 1, 1, 1, '2019-11-30 03:03:18');
INSERT INTO `roles_permissions` (`id`, `role_id`, `perm_cat_id`, `can_view`, `can_add`, `can_edit`, `can_delete`, `created_at`) VALUES (1216, 2, 4, 1, 1, 1, 1, '2019-11-30 03:32:56');
INSERT INTO `roles_permissions` (`id`, `role_id`, `perm_cat_id`, `can_view`, `can_add`, `can_edit`, `can_delete`, `created_at`) VALUES (1218, 2, 128, 0, 1, 0, 1, '2019-11-30 03:37:44');
INSERT INTO `roles_permissions` (`id`, `role_id`, `perm_cat_id`, `can_view`, `can_add`, `can_edit`, `can_delete`, `created_at`) VALUES (1220, 3, 135, 1, 0, 1, 0, '2019-11-30 07:08:56');
INSERT INTO `roles_permissions` (`id`, `role_id`, `perm_cat_id`, `can_view`, `can_add`, `can_edit`, `can_delete`, `created_at`) VALUES (1231, 3, 190, 1, 0, 0, 0, '2019-11-30 03:44:02');
INSERT INTO `roles_permissions` (`id`, `role_id`, `perm_cat_id`, `can_view`, `can_add`, `can_edit`, `can_delete`, `created_at`) VALUES (1232, 3, 192, 1, 0, 0, 0, '2019-11-30 03:44:02');
INSERT INTO `roles_permissions` (`id`, `role_id`, `perm_cat_id`, `can_view`, `can_add`, `can_edit`, `can_delete`, `created_at`) VALUES (1233, 3, 226, 1, 0, 0, 0, '2019-11-30 03:44:02');
INSERT INTO `roles_permissions` (`id`, `role_id`, `perm_cat_id`, `can_view`, `can_add`, `can_edit`, `can_delete`, `created_at`) VALUES (1234, 3, 227, 1, 0, 0, 0, '2019-11-30 03:44:02');
INSERT INTO `roles_permissions` (`id`, `role_id`, `perm_cat_id`, `can_view`, `can_add`, `can_edit`, `can_delete`, `created_at`) VALUES (1235, 3, 224, 1, 0, 0, 0, '2019-11-30 03:44:02');
INSERT INTO `roles_permissions` (`id`, `role_id`, `perm_cat_id`, `can_view`, `can_add`, `can_edit`, `can_delete`, `created_at`) VALUES (1236, 2, 15, 1, 1, 1, 0, '2019-11-30 03:54:25');
INSERT INTO `roles_permissions` (`id`, `role_id`, `perm_cat_id`, `can_view`, `can_add`, `can_edit`, `can_delete`, `created_at`) VALUES (1239, 2, 122, 1, 0, 0, 0, '2019-11-30 03:57:48');
INSERT INTO `roles_permissions` (`id`, `role_id`, `perm_cat_id`, `can_view`, `can_add`, `can_edit`, `can_delete`, `created_at`) VALUES (1240, 2, 136, 1, 0, 0, 0, '2019-11-30 03:57:48');
INSERT INTO `roles_permissions` (`id`, `role_id`, `perm_cat_id`, `can_view`, `can_add`, `can_edit`, `can_delete`, `created_at`) VALUES (1242, 6, 217, 1, 0, 0, 0, '2019-11-30 04:00:13');
INSERT INTO `roles_permissions` (`id`, `role_id`, `perm_cat_id`, `can_view`, `can_add`, `can_edit`, `can_delete`, `created_at`) VALUES (1243, 6, 224, 1, 0, 0, 0, '2019-11-30 04:00:13');
INSERT INTO `roles_permissions` (`id`, `role_id`, `perm_cat_id`, `can_view`, `can_add`, `can_edit`, `can_delete`, `created_at`) VALUES (1245, 2, 20, 1, 1, 1, 1, '2019-11-30 04:01:28');
INSERT INTO `roles_permissions` (`id`, `role_id`, `perm_cat_id`, `can_view`, `can_add`, `can_edit`, `can_delete`, `created_at`) VALUES (1246, 2, 137, 1, 1, 1, 1, '2019-11-30 04:02:40');
INSERT INTO `roles_permissions` (`id`, `role_id`, `perm_cat_id`, `can_view`, `can_add`, `can_edit`, `can_delete`, `created_at`) VALUES (1248, 2, 141, 1, 1, 1, 1, '2019-11-30 04:04:04');
INSERT INTO `roles_permissions` (`id`, `role_id`, `perm_cat_id`, `can_view`, `can_add`, `can_edit`, `can_delete`, `created_at`) VALUES (1250, 2, 187, 1, 0, 0, 0, '2019-11-30 04:11:19');
INSERT INTO `roles_permissions` (`id`, `role_id`, `perm_cat_id`, `can_view`, `can_add`, `can_edit`, `can_delete`, `created_at`) VALUES (1252, 2, 207, 1, 0, 0, 0, '2019-11-30 04:21:21');
INSERT INTO `roles_permissions` (`id`, `role_id`, `perm_cat_id`, `can_view`, `can_add`, `can_edit`, `can_delete`, `created_at`) VALUES (1253, 2, 208, 1, 0, 1, 0, '2019-11-30 04:22:00');
INSERT INTO `roles_permissions` (`id`, `role_id`, `perm_cat_id`, `can_view`, `can_add`, `can_edit`, `can_delete`, `created_at`) VALUES (1255, 2, 210, 1, 0, 1, 0, '2019-11-30 04:22:58');
INSERT INTO `roles_permissions` (`id`, `role_id`, `perm_cat_id`, `can_view`, `can_add`, `can_edit`, `can_delete`, `created_at`) VALUES (1256, 2, 211, 1, 0, 1, 0, '2019-11-30 04:24:03');
INSERT INTO `roles_permissions` (`id`, `role_id`, `perm_cat_id`, `can_view`, `can_add`, `can_edit`, `can_delete`, `created_at`) VALUES (1257, 2, 21, 1, 0, 0, 0, '2019-11-30 04:32:59');
INSERT INTO `roles_permissions` (`id`, `role_id`, `perm_cat_id`, `can_view`, `can_add`, `can_edit`, `can_delete`, `created_at`) VALUES (1259, 2, 188, 1, 0, 0, 0, '2019-11-30 04:34:35');
INSERT INTO `roles_permissions` (`id`, `role_id`, `perm_cat_id`, `can_view`, `can_add`, `can_edit`, `can_delete`, `created_at`) VALUES (1260, 2, 27, 1, 0, 0, 0, '2019-11-30 04:36:13');
INSERT INTO `roles_permissions` (`id`, `role_id`, `perm_cat_id`, `can_view`, `can_add`, `can_edit`, `can_delete`, `created_at`) VALUES (1262, 2, 43, 1, 1, 1, 1, '2019-11-30 04:39:42');
INSERT INTO `roles_permissions` (`id`, `role_id`, `perm_cat_id`, `can_view`, `can_add`, `can_edit`, `can_delete`, `created_at`) VALUES (1263, 2, 44, 1, 0, 0, 0, '2019-11-30 04:41:43');
INSERT INTO `roles_permissions` (`id`, `role_id`, `perm_cat_id`, `can_view`, `can_add`, `can_edit`, `can_delete`, `created_at`) VALUES (1264, 2, 46, 1, 0, 0, 0, '2019-11-30 04:41:43');
INSERT INTO `roles_permissions` (`id`, `role_id`, `perm_cat_id`, `can_view`, `can_add`, `can_edit`, `can_delete`, `created_at`) VALUES (1265, 2, 217, 1, 0, 0, 0, '2019-11-30 04:41:43');
INSERT INTO `roles_permissions` (`id`, `role_id`, `perm_cat_id`, `can_view`, `can_add`, `can_edit`, `can_delete`, `created_at`) VALUES (1266, 2, 146, 1, 0, 0, 0, '2019-11-30 04:46:35');
INSERT INTO `roles_permissions` (`id`, `role_id`, `perm_cat_id`, `can_view`, `can_add`, `can_edit`, `can_delete`, `created_at`) VALUES (1267, 2, 147, 1, 0, 0, 0, '2019-11-30 04:47:37');
INSERT INTO `roles_permissions` (`id`, `role_id`, `perm_cat_id`, `can_view`, `can_add`, `can_edit`, `can_delete`, `created_at`) VALUES (1269, 2, 164, 1, 0, 0, 0, '2019-11-30 04:51:04');
INSERT INTO `roles_permissions` (`id`, `role_id`, `perm_cat_id`, `can_view`, `can_add`, `can_edit`, `can_delete`, `created_at`) VALUES (1271, 2, 109, 1, 1, 0, 0, '2019-11-30 05:03:37');
INSERT INTO `roles_permissions` (`id`, `role_id`, `perm_cat_id`, `can_view`, `can_add`, `can_edit`, `can_delete`, `created_at`) VALUES (1272, 2, 93, 1, 1, 1, 1, '2019-11-30 05:07:25');
INSERT INTO `roles_permissions` (`id`, `role_id`, `perm_cat_id`, `can_view`, `can_add`, `can_edit`, `can_delete`, `created_at`) VALUES (1273, 2, 94, 1, 1, 0, 0, '2019-11-30 05:07:42');
INSERT INTO `roles_permissions` (`id`, `role_id`, `perm_cat_id`, `can_view`, `can_add`, `can_edit`, `can_delete`, `created_at`) VALUES (1275, 2, 102, 1, 1, 1, 1, '2019-11-30 05:11:22');
INSERT INTO `roles_permissions` (`id`, `role_id`, `perm_cat_id`, `can_view`, `can_add`, `can_edit`, `can_delete`, `created_at`) VALUES (1277, 2, 196, 1, 0, 0, 0, '2019-11-30 05:15:01');
INSERT INTO `roles_permissions` (`id`, `role_id`, `perm_cat_id`, `can_view`, `can_add`, `can_edit`, `can_delete`, `created_at`) VALUES (1278, 2, 195, 1, 0, 0, 0, '2019-11-30 05:19:08');
INSERT INTO `roles_permissions` (`id`, `role_id`, `perm_cat_id`, `can_view`, `can_add`, `can_edit`, `can_delete`, `created_at`) VALUES (1279, 2, 185, 1, 1, 1, 1, '2019-11-30 05:21:44');
INSERT INTO `roles_permissions` (`id`, `role_id`, `perm_cat_id`, `can_view`, `can_add`, `can_edit`, `can_delete`, `created_at`) VALUES (1280, 2, 186, 1, 1, 1, 1, '2019-11-30 05:22:43');
INSERT INTO `roles_permissions` (`id`, `role_id`, `perm_cat_id`, `can_view`, `can_add`, `can_edit`, `can_delete`, `created_at`) VALUES (1281, 2, 222, 1, 0, 1, 0, '2019-11-30 05:24:30');
INSERT INTO `roles_permissions` (`id`, `role_id`, `perm_cat_id`, `can_view`, `can_add`, `can_edit`, `can_delete`, `created_at`) VALUES (1283, 3, 5, 1, 1, 0, 1, '2019-11-30 06:43:04');
INSERT INTO `roles_permissions` (`id`, `role_id`, `perm_cat_id`, `can_view`, `can_add`, `can_edit`, `can_delete`, `created_at`) VALUES (1284, 3, 6, 1, 0, 0, 0, '2019-11-30 06:43:29');
INSERT INTO `roles_permissions` (`id`, `role_id`, `perm_cat_id`, `can_view`, `can_add`, `can_edit`, `can_delete`, `created_at`) VALUES (1285, 3, 7, 1, 1, 1, 1, '2019-11-30 06:44:39');
INSERT INTO `roles_permissions` (`id`, `role_id`, `perm_cat_id`, `can_view`, `can_add`, `can_edit`, `can_delete`, `created_at`) VALUES (1286, 3, 68, 1, 0, 0, 0, '2019-11-30 06:46:58');
INSERT INTO `roles_permissions` (`id`, `role_id`, `perm_cat_id`, `can_view`, `can_add`, `can_edit`, `can_delete`, `created_at`) VALUES (1287, 3, 71, 1, 0, 0, 0, '2019-11-30 07:05:41');
INSERT INTO `roles_permissions` (`id`, `role_id`, `perm_cat_id`, `can_view`, `can_add`, `can_edit`, `can_delete`, `created_at`) VALUES (1288, 3, 73, 1, 0, 0, 0, '2019-11-30 07:05:59');
INSERT INTO `roles_permissions` (`id`, `role_id`, `perm_cat_id`, `can_view`, `can_add`, `can_edit`, `can_delete`, `created_at`) VALUES (1289, 3, 74, 1, 0, 0, 0, '2019-11-30 07:06:08');
INSERT INTO `roles_permissions` (`id`, `role_id`, `perm_cat_id`, `can_view`, `can_add`, `can_edit`, `can_delete`, `created_at`) VALUES (1290, 3, 11, 1, 0, 0, 0, '2019-11-30 07:16:37');
INSERT INTO `roles_permissions` (`id`, `role_id`, `perm_cat_id`, `can_view`, `can_add`, `can_edit`, `can_delete`, `created_at`) VALUES (1291, 3, 12, 1, 1, 1, 1, '2019-11-30 07:19:29');
INSERT INTO `roles_permissions` (`id`, `role_id`, `perm_cat_id`, `can_view`, `can_add`, `can_edit`, `can_delete`, `created_at`) VALUES (1292, 3, 13, 1, 1, 1, 1, '2019-11-30 07:22:27');
INSERT INTO `roles_permissions` (`id`, `role_id`, `perm_cat_id`, `can_view`, `can_add`, `can_edit`, `can_delete`, `created_at`) VALUES (1294, 3, 14, 1, 0, 0, 0, '2019-11-30 07:22:55');
INSERT INTO `roles_permissions` (`id`, `role_id`, `perm_cat_id`, `can_view`, `can_add`, `can_edit`, `can_delete`, `created_at`) VALUES (1295, 3, 31, 1, 1, 1, 1, '2019-12-02 06:30:37');
INSERT INTO `roles_permissions` (`id`, `role_id`, `perm_cat_id`, `can_view`, `can_add`, `can_edit`, `can_delete`, `created_at`) VALUES (1297, 3, 37, 1, 1, 1, 1, '2019-11-30 07:28:09');
INSERT INTO `roles_permissions` (`id`, `role_id`, `perm_cat_id`, `can_view`, `can_add`, `can_edit`, `can_delete`, `created_at`) VALUES (1298, 3, 38, 1, 1, 1, 1, '2019-11-30 07:29:02');
INSERT INTO `roles_permissions` (`id`, `role_id`, `perm_cat_id`, `can_view`, `can_add`, `can_edit`, `can_delete`, `created_at`) VALUES (1299, 3, 39, 1, 1, 1, 1, '2019-11-30 07:30:07');
INSERT INTO `roles_permissions` (`id`, `role_id`, `perm_cat_id`, `can_view`, `can_add`, `can_edit`, `can_delete`, `created_at`) VALUES (1300, 3, 40, 1, 1, 1, 1, '2019-11-30 07:32:43');
INSERT INTO `roles_permissions` (`id`, `role_id`, `perm_cat_id`, `can_view`, `can_add`, `can_edit`, `can_delete`, `created_at`) VALUES (1301, 3, 44, 1, 0, 0, 0, '2019-11-30 07:44:09');
INSERT INTO `roles_permissions` (`id`, `role_id`, `perm_cat_id`, `can_view`, `can_add`, `can_edit`, `can_delete`, `created_at`) VALUES (1302, 3, 46, 1, 0, 0, 0, '2019-11-30 07:44:09');
INSERT INTO `roles_permissions` (`id`, `role_id`, `perm_cat_id`, `can_view`, `can_add`, `can_edit`, `can_delete`, `created_at`) VALUES (1303, 3, 217, 1, 0, 0, 0, '2019-11-30 07:44:09');
INSERT INTO `roles_permissions` (`id`, `role_id`, `perm_cat_id`, `can_view`, `can_add`, `can_edit`, `can_delete`, `created_at`) VALUES (1304, 3, 155, 1, 0, 0, 0, '2019-11-30 07:44:32');
INSERT INTO `roles_permissions` (`id`, `role_id`, `perm_cat_id`, `can_view`, `can_add`, `can_edit`, `can_delete`, `created_at`) VALUES (1305, 3, 156, 1, 0, 0, 0, '2019-11-30 07:45:18');
INSERT INTO `roles_permissions` (`id`, `role_id`, `perm_cat_id`, `can_view`, `can_add`, `can_edit`, `can_delete`, `created_at`) VALUES (1306, 3, 157, 1, 0, 0, 0, '2019-11-30 07:45:42');
INSERT INTO `roles_permissions` (`id`, `role_id`, `perm_cat_id`, `can_view`, `can_add`, `can_edit`, `can_delete`, `created_at`) VALUES (1307, 3, 158, 1, 0, 0, 0, '2019-11-30 07:46:07');
INSERT INTO `roles_permissions` (`id`, `role_id`, `perm_cat_id`, `can_view`, `can_add`, `can_edit`, `can_delete`, `created_at`) VALUES (1308, 3, 159, 1, 0, 0, 0, '2019-11-30 07:46:21');
INSERT INTO `roles_permissions` (`id`, `role_id`, `perm_cat_id`, `can_view`, `can_add`, `can_edit`, `can_delete`, `created_at`) VALUES (1309, 3, 160, 1, 0, 0, 0, '2019-11-30 07:46:33');
INSERT INTO `roles_permissions` (`id`, `role_id`, `perm_cat_id`, `can_view`, `can_add`, `can_edit`, `can_delete`, `created_at`) VALUES (1313, 3, 161, 1, 0, 0, 0, '2019-11-30 07:48:26');
INSERT INTO `roles_permissions` (`id`, `role_id`, `perm_cat_id`, `can_view`, `can_add`, `can_edit`, `can_delete`, `created_at`) VALUES (1314, 3, 162, 1, 0, 0, 0, '2019-11-30 07:48:48');
INSERT INTO `roles_permissions` (`id`, `role_id`, `perm_cat_id`, `can_view`, `can_add`, `can_edit`, `can_delete`, `created_at`) VALUES (1315, 3, 163, 1, 0, 0, 0, '2019-11-30 07:48:48');
INSERT INTO `roles_permissions` (`id`, `role_id`, `perm_cat_id`, `can_view`, `can_add`, `can_edit`, `can_delete`, `created_at`) VALUES (1316, 3, 164, 1, 0, 0, 0, '2019-11-30 07:49:47');
INSERT INTO `roles_permissions` (`id`, `role_id`, `perm_cat_id`, `can_view`, `can_add`, `can_edit`, `can_delete`, `created_at`) VALUES (1317, 3, 165, 1, 0, 0, 0, '2019-11-30 07:49:47');
INSERT INTO `roles_permissions` (`id`, `role_id`, `perm_cat_id`, `can_view`, `can_add`, `can_edit`, `can_delete`, `created_at`) VALUES (1318, 3, 174, 1, 0, 0, 0, '2019-11-30 07:49:47');
INSERT INTO `roles_permissions` (`id`, `role_id`, `perm_cat_id`, `can_view`, `can_add`, `can_edit`, `can_delete`, `created_at`) VALUES (1319, 3, 175, 1, 0, 0, 0, '2019-11-30 07:49:59');
INSERT INTO `roles_permissions` (`id`, `role_id`, `perm_cat_id`, `can_view`, `can_add`, `can_edit`, `can_delete`, `created_at`) VALUES (1320, 3, 181, 1, 0, 0, 0, '2019-11-30 07:50:08');
INSERT INTO `roles_permissions` (`id`, `role_id`, `perm_cat_id`, `can_view`, `can_add`, `can_edit`, `can_delete`, `created_at`) VALUES (1321, 3, 86, 1, 1, 1, 1, '2019-11-30 07:54:08');
INSERT INTO `roles_permissions` (`id`, `role_id`, `perm_cat_id`, `can_view`, `can_add`, `can_edit`, `can_delete`, `created_at`) VALUES (1322, 4, 28, 1, 1, 1, 1, '2019-12-01 00:52:39');
INSERT INTO `roles_permissions` (`id`, `role_id`, `perm_cat_id`, `can_view`, `can_add`, `can_edit`, `can_delete`, `created_at`) VALUES (1324, 4, 29, 1, 0, 0, 0, '2019-12-01 00:53:46');
INSERT INTO `roles_permissions` (`id`, `role_id`, `perm_cat_id`, `can_view`, `can_add`, `can_edit`, `can_delete`, `created_at`) VALUES (1325, 4, 30, 1, 0, 0, 0, '2019-12-01 00:53:59');
INSERT INTO `roles_permissions` (`id`, `role_id`, `perm_cat_id`, `can_view`, `can_add`, `can_edit`, `can_delete`, `created_at`) VALUES (1326, 4, 123, 1, 0, 0, 0, '2019-12-01 00:54:26');
INSERT INTO `roles_permissions` (`id`, `role_id`, `perm_cat_id`, `can_view`, `can_add`, `can_edit`, `can_delete`, `created_at`) VALUES (1327, 4, 228, 1, 0, 0, 0, '2019-12-01 00:54:39');
INSERT INTO `roles_permissions` (`id`, `role_id`, `perm_cat_id`, `can_view`, `can_add`, `can_edit`, `can_delete`, `created_at`) VALUES (1328, 4, 43, 1, 1, 1, 1, '2019-12-01 00:58:05');
INSERT INTO `roles_permissions` (`id`, `role_id`, `perm_cat_id`, `can_view`, `can_add`, `can_edit`, `can_delete`, `created_at`) VALUES (1332, 4, 44, 1, 0, 0, 0, '2019-12-01 00:59:16');
INSERT INTO `roles_permissions` (`id`, `role_id`, `perm_cat_id`, `can_view`, `can_add`, `can_edit`, `can_delete`, `created_at`) VALUES (1333, 4, 46, 1, 0, 0, 0, '2019-12-01 00:59:16');
INSERT INTO `roles_permissions` (`id`, `role_id`, `perm_cat_id`, `can_view`, `can_add`, `can_edit`, `can_delete`, `created_at`) VALUES (1334, 4, 217, 1, 0, 0, 0, '2019-12-01 00:59:16');
INSERT INTO `roles_permissions` (`id`, `role_id`, `perm_cat_id`, `can_view`, `can_add`, `can_edit`, `can_delete`, `created_at`) VALUES (1335, 4, 178, 1, 0, 0, 0, '2019-12-01 00:59:59');
INSERT INTO `roles_permissions` (`id`, `role_id`, `perm_cat_id`, `can_view`, `can_add`, `can_edit`, `can_delete`, `created_at`) VALUES (1336, 4, 179, 1, 0, 0, 0, '2019-12-01 01:00:11');
INSERT INTO `roles_permissions` (`id`, `role_id`, `perm_cat_id`, `can_view`, `can_add`, `can_edit`, `can_delete`, `created_at`) VALUES (1337, 4, 180, 1, 0, 0, 0, '2019-12-01 01:00:29');
INSERT INTO `roles_permissions` (`id`, `role_id`, `perm_cat_id`, `can_view`, `can_add`, `can_edit`, `can_delete`, `created_at`) VALUES (1338, 4, 221, 1, 0, 0, 0, '2019-12-01 01:00:46');
INSERT INTO `roles_permissions` (`id`, `role_id`, `perm_cat_id`, `can_view`, `can_add`, `can_edit`, `can_delete`, `created_at`) VALUES (1339, 4, 86, 1, 0, 0, 0, '2019-12-01 01:01:02');
INSERT INTO `roles_permissions` (`id`, `role_id`, `perm_cat_id`, `can_view`, `can_add`, `can_edit`, `can_delete`, `created_at`) VALUES (1341, 4, 106, 1, 0, 0, 0, '2019-12-01 01:05:21');
INSERT INTO `roles_permissions` (`id`, `role_id`, `perm_cat_id`, `can_view`, `can_add`, `can_edit`, `can_delete`, `created_at`) VALUES (1342, 1, 107, 1, 0, 0, 0, '2019-12-01 01:06:44');
INSERT INTO `roles_permissions` (`id`, `role_id`, `perm_cat_id`, `can_view`, `can_add`, `can_edit`, `can_delete`, `created_at`) VALUES (1343, 4, 117, 1, 0, 0, 0, '2019-12-01 01:10:20');
INSERT INTO `roles_permissions` (`id`, `role_id`, `perm_cat_id`, `can_view`, `can_add`, `can_edit`, `can_delete`, `created_at`) VALUES (1344, 4, 194, 1, 0, 0, 0, '2019-12-01 01:11:35');
INSERT INTO `roles_permissions` (`id`, `role_id`, `perm_cat_id`, `can_view`, `can_add`, `can_edit`, `can_delete`, `created_at`) VALUES (1348, 4, 230, 1, 0, 0, 0, '2019-12-01 01:19:15');
INSERT INTO `roles_permissions` (`id`, `role_id`, `perm_cat_id`, `can_view`, `can_add`, `can_edit`, `can_delete`, `created_at`) VALUES (1350, 6, 1, 1, 0, 0, 0, '2019-12-01 01:35:32');
INSERT INTO `roles_permissions` (`id`, `role_id`, `perm_cat_id`, `can_view`, `can_add`, `can_edit`, `can_delete`, `created_at`) VALUES (1351, 6, 21, 1, 0, 0, 0, '2019-12-01 01:36:29');
INSERT INTO `roles_permissions` (`id`, `role_id`, `perm_cat_id`, `can_view`, `can_add`, `can_edit`, `can_delete`, `created_at`) VALUES (1352, 6, 23, 1, 0, 0, 0, '2019-12-01 01:36:45');
INSERT INTO `roles_permissions` (`id`, `role_id`, `perm_cat_id`, `can_view`, `can_add`, `can_edit`, `can_delete`, `created_at`) VALUES (1353, 6, 24, 1, 0, 0, 0, '2019-12-01 01:37:05');
INSERT INTO `roles_permissions` (`id`, `role_id`, `perm_cat_id`, `can_view`, `can_add`, `can_edit`, `can_delete`, `created_at`) VALUES (1354, 6, 25, 1, 0, 0, 0, '2019-12-01 01:37:34');
INSERT INTO `roles_permissions` (`id`, `role_id`, `perm_cat_id`, `can_view`, `can_add`, `can_edit`, `can_delete`, `created_at`) VALUES (1355, 6, 77, 1, 0, 0, 0, '2019-12-01 01:38:08');
INSERT INTO `roles_permissions` (`id`, `role_id`, `perm_cat_id`, `can_view`, `can_add`, `can_edit`, `can_delete`, `created_at`) VALUES (1356, 6, 188, 1, 0, 0, 0, '2019-12-01 01:38:45');
INSERT INTO `roles_permissions` (`id`, `role_id`, `perm_cat_id`, `can_view`, `can_add`, `can_edit`, `can_delete`, `created_at`) VALUES (1357, 6, 43, 1, 1, 1, 1, '2019-12-01 01:40:44');
INSERT INTO `roles_permissions` (`id`, `role_id`, `perm_cat_id`, `can_view`, `can_add`, `can_edit`, `can_delete`, `created_at`) VALUES (1358, 6, 78, 1, 1, 1, 1, '2019-12-01 01:43:04');
INSERT INTO `roles_permissions` (`id`, `role_id`, `perm_cat_id`, `can_view`, `can_add`, `can_edit`, `can_delete`, `created_at`) VALUES (1360, 6, 79, 1, 1, 0, 1, '2019-12-01 01:44:39');
INSERT INTO `roles_permissions` (`id`, `role_id`, `perm_cat_id`, `can_view`, `can_add`, `can_edit`, `can_delete`, `created_at`) VALUES (1361, 6, 80, 1, 1, 1, 1, '2019-12-01 01:45:08');
INSERT INTO `roles_permissions` (`id`, `role_id`, `perm_cat_id`, `can_view`, `can_add`, `can_edit`, `can_delete`, `created_at`) VALUES (1362, 6, 81, 1, 1, 1, 1, '2019-12-01 01:47:50');
INSERT INTO `roles_permissions` (`id`, `role_id`, `perm_cat_id`, `can_view`, `can_add`, `can_edit`, `can_delete`, `created_at`) VALUES (1363, 6, 85, 1, 1, 1, 1, '2019-12-01 01:50:43');
INSERT INTO `roles_permissions` (`id`, `role_id`, `perm_cat_id`, `can_view`, `can_add`, `can_edit`, `can_delete`, `created_at`) VALUES (1364, 6, 86, 1, 0, 0, 0, '2019-12-01 01:51:10');
INSERT INTO `roles_permissions` (`id`, `role_id`, `perm_cat_id`, `can_view`, `can_add`, `can_edit`, `can_delete`, `created_at`) VALUES (1365, 6, 106, 1, 0, 0, 0, '2019-12-01 01:52:55');
INSERT INTO `roles_permissions` (`id`, `role_id`, `perm_cat_id`, `can_view`, `can_add`, `can_edit`, `can_delete`, `created_at`) VALUES (1366, 6, 117, 1, 0, 0, 0, '2019-12-01 01:53:08');
INSERT INTO `roles_permissions` (`id`, `role_id`, `perm_cat_id`, `can_view`, `can_add`, `can_edit`, `can_delete`, `created_at`) VALUES (1394, 1, 106, 1, 0, 0, 0, '2019-12-02 05:20:33');
INSERT INTO `roles_permissions` (`id`, `role_id`, `perm_cat_id`, `can_view`, `can_add`, `can_edit`, `can_delete`, `created_at`) VALUES (1395, 1, 113, 1, 0, 0, 0, '2019-12-02 05:20:59');
INSERT INTO `roles_permissions` (`id`, `role_id`, `perm_cat_id`, `can_view`, `can_add`, `can_edit`, `can_delete`, `created_at`) VALUES (1396, 1, 114, 1, 0, 0, 0, '2019-12-02 05:21:34');
INSERT INTO `roles_permissions` (`id`, `role_id`, `perm_cat_id`, `can_view`, `can_add`, `can_edit`, `can_delete`, `created_at`) VALUES (1397, 1, 115, 1, 0, 0, 0, '2019-12-02 05:21:34');
INSERT INTO `roles_permissions` (`id`, `role_id`, `perm_cat_id`, `can_view`, `can_add`, `can_edit`, `can_delete`, `created_at`) VALUES (1398, 1, 116, 1, 0, 0, 0, '2019-12-02 05:21:54');
INSERT INTO `roles_permissions` (`id`, `role_id`, `perm_cat_id`, `can_view`, `can_add`, `can_edit`, `can_delete`, `created_at`) VALUES (1399, 1, 117, 1, 0, 0, 0, '2019-12-02 05:22:04');
INSERT INTO `roles_permissions` (`id`, `role_id`, `perm_cat_id`, `can_view`, `can_add`, `can_edit`, `can_delete`, `created_at`) VALUES (1400, 1, 118, 1, 0, 0, 0, '2019-12-02 05:22:20');
INSERT INTO `roles_permissions` (`id`, `role_id`, `perm_cat_id`, `can_view`, `can_add`, `can_edit`, `can_delete`, `created_at`) VALUES (1402, 1, 191, 1, 0, 0, 0, '2019-12-02 05:23:34');
INSERT INTO `roles_permissions` (`id`, `role_id`, `perm_cat_id`, `can_view`, `can_add`, `can_edit`, `can_delete`, `created_at`) VALUES (1403, 1, 192, 1, 0, 0, 0, '2019-12-02 05:23:47');
INSERT INTO `roles_permissions` (`id`, `role_id`, `perm_cat_id`, `can_view`, `can_add`, `can_edit`, `can_delete`, `created_at`) VALUES (1404, 1, 193, 1, 0, 0, 0, '2019-12-02 05:23:58');
INSERT INTO `roles_permissions` (`id`, `role_id`, `perm_cat_id`, `can_view`, `can_add`, `can_edit`, `can_delete`, `created_at`) VALUES (1405, 1, 194, 1, 0, 0, 0, '2019-12-02 05:24:11');
INSERT INTO `roles_permissions` (`id`, `role_id`, `perm_cat_id`, `can_view`, `can_add`, `can_edit`, `can_delete`, `created_at`) VALUES (1406, 1, 195, 1, 0, 0, 0, '2019-12-02 05:24:20');
INSERT INTO `roles_permissions` (`id`, `role_id`, `perm_cat_id`, `can_view`, `can_add`, `can_edit`, `can_delete`, `created_at`) VALUES (1408, 1, 227, 1, 0, 0, 0, '2019-12-02 05:25:47');
INSERT INTO `roles_permissions` (`id`, `role_id`, `perm_cat_id`, `can_view`, `can_add`, `can_edit`, `can_delete`, `created_at`) VALUES (1410, 1, 226, 1, 0, 0, 0, '2019-12-02 05:31:41');
INSERT INTO `roles_permissions` (`id`, `role_id`, `perm_cat_id`, `can_view`, `can_add`, `can_edit`, `can_delete`, `created_at`) VALUES (1411, 1, 229, 1, 0, 0, 0, '2019-12-02 05:32:57');
INSERT INTO `roles_permissions` (`id`, `role_id`, `perm_cat_id`, `can_view`, `can_add`, `can_edit`, `can_delete`, `created_at`) VALUES (1412, 1, 230, 1, 0, 0, 0, '2019-12-02 05:32:57');
INSERT INTO `roles_permissions` (`id`, `role_id`, `perm_cat_id`, `can_view`, `can_add`, `can_edit`, `can_delete`, `created_at`) VALUES (1413, 1, 190, 1, 0, 0, 0, '2019-12-02 05:43:41');
INSERT INTO `roles_permissions` (`id`, `role_id`, `perm_cat_id`, `can_view`, `can_add`, `can_edit`, `can_delete`, `created_at`) VALUES (1414, 2, 174, 1, 0, 0, 0, '2019-12-02 05:54:37');
INSERT INTO `roles_permissions` (`id`, `role_id`, `perm_cat_id`, `can_view`, `can_add`, `can_edit`, `can_delete`, `created_at`) VALUES (1415, 2, 175, 1, 0, 0, 0, '2019-12-02 05:54:37');
INSERT INTO `roles_permissions` (`id`, `role_id`, `perm_cat_id`, `can_view`, `can_add`, `can_edit`, `can_delete`, `created_at`) VALUES (1418, 2, 232, 1, 0, 1, 1, '2019-12-02 06:11:27');
INSERT INTO `roles_permissions` (`id`, `role_id`, `perm_cat_id`, `can_view`, `can_add`, `can_edit`, `can_delete`, `created_at`) VALUES (1419, 2, 231, 1, 0, 0, 0, '2019-12-02 06:12:28');
INSERT INTO `roles_permissions` (`id`, `role_id`, `perm_cat_id`, `can_view`, `can_add`, `can_edit`, `can_delete`, `created_at`) VALUES (1420, 1, 231, 1, 1, 1, 1, '2021-01-23 07:09:32');
INSERT INTO `roles_permissions` (`id`, `role_id`, `perm_cat_id`, `can_view`, `can_add`, `can_edit`, `can_delete`, `created_at`) VALUES (1421, 1, 232, 1, 0, 1, 1, '2019-12-02 06:19:32');
INSERT INTO `roles_permissions` (`id`, `role_id`, `perm_cat_id`, `can_view`, `can_add`, `can_edit`, `can_delete`, `created_at`) VALUES (1422, 3, 32, 1, 1, 1, 1, '2019-12-02 06:30:37');
INSERT INTO `roles_permissions` (`id`, `role_id`, `perm_cat_id`, `can_view`, `can_add`, `can_edit`, `can_delete`, `created_at`) VALUES (1423, 3, 33, 1, 1, 1, 1, '2019-12-02 06:30:37');
INSERT INTO `roles_permissions` (`id`, `role_id`, `perm_cat_id`, `can_view`, `can_add`, `can_edit`, `can_delete`, `created_at`) VALUES (1424, 3, 34, 1, 1, 1, 1, '2019-12-02 06:30:37');
INSERT INTO `roles_permissions` (`id`, `role_id`, `perm_cat_id`, `can_view`, `can_add`, `can_edit`, `can_delete`, `created_at`) VALUES (1425, 3, 182, 1, 0, 0, 0, '2019-12-02 06:30:37');
INSERT INTO `roles_permissions` (`id`, `role_id`, `perm_cat_id`, `can_view`, `can_add`, `can_edit`, `can_delete`, `created_at`) VALUES (1426, 3, 183, 1, 0, 0, 0, '2019-12-02 06:30:37');
INSERT INTO `roles_permissions` (`id`, `role_id`, `perm_cat_id`, `can_view`, `can_add`, `can_edit`, `can_delete`, `created_at`) VALUES (1427, 3, 189, 1, 0, 1, 1, '2019-12-02 06:30:37');
INSERT INTO `roles_permissions` (`id`, `role_id`, `perm_cat_id`, `can_view`, `can_add`, `can_edit`, `can_delete`, `created_at`) VALUES (1428, 3, 229, 1, 0, 0, 0, '2019-12-02 06:30:37');
INSERT INTO `roles_permissions` (`id`, `role_id`, `perm_cat_id`, `can_view`, `can_add`, `can_edit`, `can_delete`, `created_at`) VALUES (1429, 3, 230, 1, 0, 0, 0, '2019-12-02 06:30:37');
INSERT INTO `roles_permissions` (`id`, `role_id`, `perm_cat_id`, `can_view`, `can_add`, `can_edit`, `can_delete`, `created_at`) VALUES (1430, 4, 213, 1, 0, 0, 0, '2019-12-02 06:32:14');
INSERT INTO `roles_permissions` (`id`, `role_id`, `perm_cat_id`, `can_view`, `can_add`, `can_edit`, `can_delete`, `created_at`) VALUES (1432, 4, 224, 1, 0, 0, 0, '2019-12-02 06:32:14');
INSERT INTO `roles_permissions` (`id`, `role_id`, `perm_cat_id`, `can_view`, `can_add`, `can_edit`, `can_delete`, `created_at`) VALUES (1433, 4, 195, 1, 0, 0, 0, '2019-12-03 04:57:53');
INSERT INTO `roles_permissions` (`id`, `role_id`, `perm_cat_id`, `can_view`, `can_add`, `can_edit`, `can_delete`, `created_at`) VALUES (1434, 4, 229, 1, 0, 0, 0, '2019-12-03 04:58:19');
INSERT INTO `roles_permissions` (`id`, `role_id`, `perm_cat_id`, `can_view`, `can_add`, `can_edit`, `can_delete`, `created_at`) VALUES (1436, 6, 213, 1, 0, 0, 0, '2019-12-03 05:10:11');
INSERT INTO `roles_permissions` (`id`, `role_id`, `perm_cat_id`, `can_view`, `can_add`, `can_edit`, `can_delete`, `created_at`) VALUES (1437, 6, 191, 1, 0, 0, 0, '2019-12-03 05:10:11');
INSERT INTO `roles_permissions` (`id`, `role_id`, `perm_cat_id`, `can_view`, `can_add`, `can_edit`, `can_delete`, `created_at`) VALUES (1438, 6, 193, 1, 0, 0, 0, '2019-12-03 05:10:11');
INSERT INTO `roles_permissions` (`id`, `role_id`, `perm_cat_id`, `can_view`, `can_add`, `can_edit`, `can_delete`, `created_at`) VALUES (1439, 6, 230, 1, 0, 0, 0, '2019-12-03 05:10:11');
INSERT INTO `roles_permissions` (`id`, `role_id`, `perm_cat_id`, `can_view`, `can_add`, `can_edit`, `can_delete`, `created_at`) VALUES (1440, 2, 106, 1, 0, 0, 0, '2020-01-25 04:21:36');
INSERT INTO `roles_permissions` (`id`, `role_id`, `perm_cat_id`, `can_view`, `can_add`, `can_edit`, `can_delete`, `created_at`) VALUES (1441, 2, 107, 1, 0, 0, 0, '2020-02-12 02:10:13');
INSERT INTO `roles_permissions` (`id`, `role_id`, `perm_cat_id`, `can_view`, `can_add`, `can_edit`, `can_delete`, `created_at`) VALUES (1442, 2, 134, 1, 1, 1, 1, '2020-02-12 02:12:36');
INSERT INTO `roles_permissions` (`id`, `role_id`, `perm_cat_id`, `can_view`, `can_add`, `can_edit`, `can_delete`, `created_at`) VALUES (1443, 1, 233, 1, 0, 0, 0, '2020-02-12 02:21:57');
INSERT INTO `roles_permissions` (`id`, `role_id`, `perm_cat_id`, `can_view`, `can_add`, `can_edit`, `can_delete`, `created_at`) VALUES (1444, 2, 86, 1, 0, 0, 0, '2020-02-12 02:22:33');
INSERT INTO `roles_permissions` (`id`, `role_id`, `perm_cat_id`, `can_view`, `can_add`, `can_edit`, `can_delete`, `created_at`) VALUES (1445, 3, 233, 1, 0, 0, 0, '2020-02-12 03:51:17');
INSERT INTO `roles_permissions` (`id`, `role_id`, `perm_cat_id`, `can_view`, `can_add`, `can_edit`, `can_delete`, `created_at`) VALUES (1446, 1, 234, 1, 1, 1, 1, '2020-06-01 21:51:09');
INSERT INTO `roles_permissions` (`id`, `role_id`, `perm_cat_id`, `can_view`, `can_add`, `can_edit`, `can_delete`, `created_at`) VALUES (1447, 1, 235, 1, 1, 1, 1, '2020-05-29 23:17:01');
INSERT INTO `roles_permissions` (`id`, `role_id`, `perm_cat_id`, `can_view`, `can_add`, `can_edit`, `can_delete`, `created_at`) VALUES (1448, 1, 236, 1, 1, 1, 0, '2020-05-29 23:17:52');
INSERT INTO `roles_permissions` (`id`, `role_id`, `perm_cat_id`, `can_view`, `can_add`, `can_edit`, `can_delete`, `created_at`) VALUES (1449, 1, 237, 1, 0, 1, 0, '2020-05-29 23:18:18');
INSERT INTO `roles_permissions` (`id`, `role_id`, `perm_cat_id`, `can_view`, `can_add`, `can_edit`, `can_delete`, `created_at`) VALUES (1450, 1, 238, 1, 1, 1, 1, '2020-05-29 23:19:52');
INSERT INTO `roles_permissions` (`id`, `role_id`, `perm_cat_id`, `can_view`, `can_add`, `can_edit`, `can_delete`, `created_at`) VALUES (1451, 1, 239, 1, 1, 1, 1, '2020-05-29 23:22:10');
INSERT INTO `roles_permissions` (`id`, `role_id`, `perm_cat_id`, `can_view`, `can_add`, `can_edit`, `can_delete`, `created_at`) VALUES (1452, 2, 236, 1, 1, 1, 0, '2020-05-29 23:40:33');
INSERT INTO `roles_permissions` (`id`, `role_id`, `perm_cat_id`, `can_view`, `can_add`, `can_edit`, `can_delete`, `created_at`) VALUES (1453, 2, 237, 1, 0, 1, 0, '2020-05-29 23:40:33');
INSERT INTO `roles_permissions` (`id`, `role_id`, `perm_cat_id`, `can_view`, `can_add`, `can_edit`, `can_delete`, `created_at`) VALUES (1454, 2, 238, 1, 1, 1, 1, '2020-05-29 23:40:33');
INSERT INTO `roles_permissions` (`id`, `role_id`, `perm_cat_id`, `can_view`, `can_add`, `can_edit`, `can_delete`, `created_at`) VALUES (1455, 2, 239, 1, 1, 1, 1, '2020-05-29 23:40:33');
INSERT INTO `roles_permissions` (`id`, `role_id`, `perm_cat_id`, `can_view`, `can_add`, `can_edit`, `can_delete`, `created_at`) VALUES (1456, 2, 240, 1, 0, 0, 0, '2020-05-28 20:51:18');
INSERT INTO `roles_permissions` (`id`, `role_id`, `perm_cat_id`, `can_view`, `can_add`, `can_edit`, `can_delete`, `created_at`) VALUES (1457, 2, 241, 1, 0, 0, 0, '2020-05-28 20:51:18');
INSERT INTO `roles_permissions` (`id`, `role_id`, `perm_cat_id`, `can_view`, `can_add`, `can_edit`, `can_delete`, `created_at`) VALUES (1458, 1, 240, 1, 0, 0, 0, '2020-06-07 18:30:42');
INSERT INTO `roles_permissions` (`id`, `role_id`, `perm_cat_id`, `can_view`, `can_add`, `can_edit`, `can_delete`, `created_at`) VALUES (1459, 1, 241, 1, 0, 0, 0, '2020-06-07 18:30:42');
INSERT INTO `roles_permissions` (`id`, `role_id`, `perm_cat_id`, `can_view`, `can_add`, `can_edit`, `can_delete`, `created_at`) VALUES (1460, 1, 242, 1, 0, 0, 0, '2020-06-07 18:30:42');
INSERT INTO `roles_permissions` (`id`, `role_id`, `perm_cat_id`, `can_view`, `can_add`, `can_edit`, `can_delete`, `created_at`) VALUES (1461, 2, 242, 1, 0, 0, 0, '2020-06-11 22:45:24');
INSERT INTO `roles_permissions` (`id`, `role_id`, `perm_cat_id`, `can_view`, `can_add`, `can_edit`, `can_delete`, `created_at`) VALUES (1462, 3, 242, 1, 0, 0, 0, '2020-06-14 22:46:54');
INSERT INTO `roles_permissions` (`id`, `role_id`, `perm_cat_id`, `can_view`, `can_add`, `can_edit`, `can_delete`, `created_at`) VALUES (1463, 6, 242, 1, 0, 0, 0, '2020-06-14 22:48:14');
INSERT INTO `roles_permissions` (`id`, `role_id`, `perm_cat_id`, `can_view`, `can_add`, `can_edit`, `can_delete`, `created_at`) VALUES (1464, 1, 243, 1, 0, 0, 0, '2020-09-12 06:05:45');
INSERT INTO `roles_permissions` (`id`, `role_id`, `perm_cat_id`, `can_view`, `can_add`, `can_edit`, `can_delete`, `created_at`) VALUES (1465, 1, 109, 1, 1, 0, 0, '2020-09-21 06:33:50');
INSERT INTO `roles_permissions` (`id`, `role_id`, `perm_cat_id`, `can_view`, `can_add`, `can_edit`, `can_delete`, `created_at`) VALUES (1466, 1, 108, 1, 1, 1, 1, '2020-09-21 06:50:36');
INSERT INTO `roles_permissions` (`id`, `role_id`, `perm_cat_id`, `can_view`, `can_add`, `can_edit`, `can_delete`, `created_at`) VALUES (1467, 1, 244, 1, 0, 0, 0, '2020-09-21 06:59:54');
INSERT INTO `roles_permissions` (`id`, `role_id`, `perm_cat_id`, `can_view`, `can_add`, `can_edit`, `can_delete`, `created_at`) VALUES (1468, 1, 245, 1, 0, 0, 0, '2020-09-21 06:59:54');
INSERT INTO `roles_permissions` (`id`, `role_id`, `perm_cat_id`, `can_view`, `can_add`, `can_edit`, `can_delete`, `created_at`) VALUES (1469, 1, 246, 1, 0, 0, 0, '2020-09-21 06:59:54');
INSERT INTO `roles_permissions` (`id`, `role_id`, `perm_cat_id`, `can_view`, `can_add`, `can_edit`, `can_delete`, `created_at`) VALUES (1470, 1, 247, 1, 0, 0, 0, '2021-01-07 06:12:14');
INSERT INTO `roles_permissions` (`id`, `role_id`, `perm_cat_id`, `can_view`, `can_add`, `can_edit`, `can_delete`, `created_at`) VALUES (1472, 2, 247, 1, 0, 0, 0, '2021-01-21 12:46:40');
INSERT INTO `roles_permissions` (`id`, `role_id`, `perm_cat_id`, `can_view`, `can_add`, `can_edit`, `can_delete`, `created_at`) VALUES (1473, 1, 248, 1, 1, 1, 1, '2021-05-19 12:52:49');
INSERT INTO `roles_permissions` (`id`, `role_id`, `perm_cat_id`, `can_view`, `can_add`, `can_edit`, `can_delete`, `created_at`) VALUES (1474, 1, 249, 1, 0, 0, 0, '2021-05-19 12:52:49');
INSERT INTO `roles_permissions` (`id`, `role_id`, `perm_cat_id`, `can_view`, `can_add`, `can_edit`, `can_delete`, `created_at`) VALUES (1475, 2, 248, 1, 1, 1, 1, '2021-05-28 13:11:52');
INSERT INTO `roles_permissions` (`id`, `role_id`, `perm_cat_id`, `can_view`, `can_add`, `can_edit`, `can_delete`, `created_at`) VALUES (1476, 3, 248, 1, 1, 1, 1, '2021-05-28 09:36:16');
INSERT INTO `roles_permissions` (`id`, `role_id`, `perm_cat_id`, `can_view`, `can_add`, `can_edit`, `can_delete`, `created_at`) VALUES (1477, 3, 249, 1, 0, 0, 0, '2021-05-28 09:36:16');
INSERT INTO `roles_permissions` (`id`, `role_id`, `perm_cat_id`, `can_view`, `can_add`, `can_edit`, `can_delete`, `created_at`) VALUES (1478, 6, 248, 1, 0, 0, 0, '2021-05-28 09:56:14');
INSERT INTO `roles_permissions` (`id`, `role_id`, `perm_cat_id`, `can_view`, `can_add`, `can_edit`, `can_delete`, `created_at`) VALUES (1479, 6, 249, 1, 0, 0, 0, '2021-05-28 09:56:14');
INSERT INTO `roles_permissions` (`id`, `role_id`, `perm_cat_id`, `can_view`, `can_add`, `can_edit`, `can_delete`, `created_at`) VALUES (1480, 2, 249, 1, 0, 0, 0, '2021-05-28 13:11:52');
INSERT INTO `roles_permissions` (`id`, `role_id`, `perm_cat_id`, `can_view`, `can_add`, `can_edit`, `can_delete`, `created_at`) VALUES (1481, 1, 5005, 1, 0, 0, 0, '2020-06-14 07:12:11');
INSERT INTO `roles_permissions` (`id`, `role_id`, `perm_cat_id`, `can_view`, `can_add`, `can_edit`, `can_delete`, `created_at`) VALUES (1482, 2, 5005, 1, 0, 0, 0, '2020-06-14 07:29:50');
INSERT INTO `roles_permissions` (`id`, `role_id`, `perm_cat_id`, `can_view`, `can_add`, `can_edit`, `can_delete`, `created_at`) VALUES (1483, 3, 5004, 1, 0, 0, 0, '2020-06-14 07:33:50');
INSERT INTO `roles_permissions` (`id`, `role_id`, `perm_cat_id`, `can_view`, `can_add`, `can_edit`, `can_delete`, `created_at`) VALUES (1484, 2, 5004, 1, 0, 0, 0, '2020-06-14 07:33:50');
INSERT INTO `roles_permissions` (`id`, `role_id`, `perm_cat_id`, `can_view`, `can_add`, `can_edit`, `can_delete`, `created_at`) VALUES (1485, 1, 5004, 1, 0, 0, 0, '2020-06-14 07:12:11');
INSERT INTO `roles_permissions` (`id`, `role_id`, `perm_cat_id`, `can_view`, `can_add`, `can_edit`, `can_delete`, `created_at`) VALUES (1486, 6, 5003, 1, 0, 0, 0, '2020-06-14 07:35:52');
INSERT INTO `roles_permissions` (`id`, `role_id`, `perm_cat_id`, `can_view`, `can_add`, `can_edit`, `can_delete`, `created_at`) VALUES (1487, 4, 5003, 1, 0, 0, 0, '2020-06-14 07:35:28');
INSERT INTO `roles_permissions` (`id`, `role_id`, `perm_cat_id`, `can_view`, `can_add`, `can_edit`, `can_delete`, `created_at`) VALUES (1488, 3, 5003, 1, 1, 0, 1, '2020-06-14 07:33:50');
INSERT INTO `roles_permissions` (`id`, `role_id`, `perm_cat_id`, `can_view`, `can_add`, `can_edit`, `can_delete`, `created_at`) VALUES (1489, 2, 5003, 1, 1, 0, 1, '2020-06-14 07:29:50');
INSERT INTO `roles_permissions` (`id`, `role_id`, `perm_cat_id`, `can_view`, `can_add`, `can_edit`, `can_delete`, `created_at`) VALUES (1490, 1, 5003, 1, 1, 0, 1, '2020-06-14 07:12:11');
INSERT INTO `roles_permissions` (`id`, `role_id`, `perm_cat_id`, `can_view`, `can_add`, `can_edit`, `can_delete`, `created_at`) VALUES (1491, 2, 5002, 1, 1, 0, 1, '2020-06-14 07:29:50');
INSERT INTO `roles_permissions` (`id`, `role_id`, `perm_cat_id`, `can_view`, `can_add`, `can_edit`, `can_delete`, `created_at`) VALUES (1492, 1, 5002, 1, 1, 0, 1, '2020-06-14 07:12:11');
INSERT INTO `roles_permissions` (`id`, `role_id`, `perm_cat_id`, `can_view`, `can_add`, `can_edit`, `can_delete`, `created_at`) VALUES (1493, 1, 5001, 1, 0, 1, 0, '2020-06-14 07:12:11');
INSERT INTO `roles_permissions` (`id`, `role_id`, `perm_cat_id`, `can_view`, `can_add`, `can_edit`, `can_delete`, `created_at`) VALUES (1494, 2, 5001, 1, 0, 1, 0, '2020-06-14 07:12:11');
INSERT INTO `roles_permissions` (`id`, `role_id`, `perm_cat_id`, `can_view`, `can_add`, `can_edit`, `can_delete`, `created_at`) VALUES (1495, 8, 1, 1, 1, 1, 1, '2022-02-03 12:17:06');
INSERT INTO `roles_permissions` (`id`, `role_id`, `perm_cat_id`, `can_view`, `can_add`, `can_edit`, `can_delete`, `created_at`) VALUES (1496, 8, 5, 1, 1, 0, 1, '2022-02-03 12:17:06');


#
# TABLE STRUCTURE FOR: room_types
#

DROP TABLE IF EXISTS `room_types`;

CREATE TABLE `room_types` (
  `id` int(11) NOT NULL AUTO_INCREMENT,
  `room_type` varchar(200) DEFAULT NULL,
  `description` text DEFAULT NULL,
  `created_at` timestamp NOT NULL DEFAULT current_timestamp() ON UPDATE current_timestamp(),
  `updated_at` date DEFAULT NULL,
  PRIMARY KEY (`id`)
) ENGINE=InnoDB AUTO_INCREMENT=2 DEFAULT CHARSET=utf8;

INSERT INTO `room_types` (`id`, `room_type`, `description`, `created_at`, `updated_at`) VALUES (1, 'One Room', 'First', '2022-01-17 08:05:22', NULL);


#
# TABLE STRUCTURE FOR: sch_settings
#

DROP TABLE IF EXISTS `sch_settings`;

CREATE TABLE `sch_settings` (
  `id` int(11) NOT NULL AUTO_INCREMENT,
  `name` varchar(100) DEFAULT NULL,
  `biometric` int(11) DEFAULT 0,
  `biometric_device` text DEFAULT NULL,
  `email` varchar(100) DEFAULT NULL,
  `phone` varchar(50) DEFAULT NULL,
  `address` text DEFAULT NULL,
  `lang_id` int(11) DEFAULT NULL,
  `languages` varchar(500) NOT NULL,
  `dise_code` varchar(50) DEFAULT NULL,
  `date_format` varchar(50) NOT NULL,
  `time_format` varchar(255) NOT NULL,
  `currency` varchar(50) NOT NULL,
  `currency_symbol` varchar(50) NOT NULL,
  `is_rtl` varchar(10) DEFAULT 'disabled',
  `is_duplicate_fees_invoice` int(1) DEFAULT 0,
  `timezone` varchar(30) DEFAULT 'UTC',
  `session_id` int(11) DEFAULT NULL,
  `cron_secret_key` varchar(100) NOT NULL,
  `currency_place` varchar(50) NOT NULL DEFAULT 'before_number',
  `class_teacher` varchar(100) NOT NULL,
  `start_month` varchar(40) NOT NULL,
  `attendence_type` int(10) NOT NULL DEFAULT 0,
  `image` varchar(100) DEFAULT NULL,
  `admin_logo` varchar(255) NOT NULL,
  `admin_small_logo` varchar(255) NOT NULL,
  `theme` varchar(200) NOT NULL DEFAULT 'default.jpg',
  `fee_due_days` int(3) DEFAULT 0,
  `adm_auto_insert` int(1) NOT NULL DEFAULT 1,
  `adm_prefix` varchar(50) NOT NULL DEFAULT 'ssadm19/20',
  `adm_start_from` varchar(11) NOT NULL,
  `adm_no_digit` int(10) NOT NULL DEFAULT 6,
  `adm_update_status` int(11) NOT NULL DEFAULT 0,
  `staffid_auto_insert` int(11) NOT NULL DEFAULT 1,
  `staffid_prefix` varchar(100) NOT NULL DEFAULT 'staffss/19/20',
  `staffid_start_from` varchar(50) NOT NULL,
  `staffid_no_digit` int(11) NOT NULL DEFAULT 6,
  `staffid_update_status` int(11) NOT NULL DEFAULT 0,
  `is_active` varchar(255) DEFAULT 'no',
  `online_admission` int(1) DEFAULT 0,
  `online_admission_payment` varchar(50) NOT NULL,
  `online_admission_amount` float NOT NULL,
  `online_admission_instruction` text NOT NULL,
  `online_admission_conditions` text NOT NULL,
  `is_blood_group` int(10) NOT NULL DEFAULT 1,
  `is_student_house` int(10) NOT NULL DEFAULT 1,
  `roll_no` int(11) NOT NULL DEFAULT 1,
  `category` int(11) NOT NULL,
  `religion` int(11) NOT NULL DEFAULT 1,
  `cast` int(11) NOT NULL DEFAULT 1,
  `mobile_no` int(11) NOT NULL DEFAULT 1,
  `student_email` int(11) NOT NULL DEFAULT 1,
  `admission_date` int(11) NOT NULL DEFAULT 1,
  `lastname` int(11) NOT NULL,
  `middlename` int(11) NOT NULL DEFAULT 1,
  `student_photo` int(11) NOT NULL DEFAULT 1,
  `student_height` int(11) NOT NULL DEFAULT 1,
  `student_weight` int(11) NOT NULL DEFAULT 1,
  `measurement_date` int(11) NOT NULL DEFAULT 1,
  `father_name` int(11) NOT NULL DEFAULT 1,
  `father_phone` int(11) NOT NULL DEFAULT 1,
  `father_occupation` int(11) NOT NULL DEFAULT 1,
  `father_pic` int(11) NOT NULL DEFAULT 1,
  `mother_name` int(11) NOT NULL DEFAULT 1,
  `mother_phone` int(11) NOT NULL DEFAULT 1,
  `mother_occupation` int(11) NOT NULL DEFAULT 1,
  `mother_pic` int(11) NOT NULL DEFAULT 1,
  `guardian_name` int(1) NOT NULL,
  `guardian_relation` int(11) NOT NULL DEFAULT 1,
  `guardian_phone` int(1) NOT NULL,
  `guardian_email` int(11) NOT NULL DEFAULT 1,
  `guardian_pic` int(11) NOT NULL DEFAULT 1,
  `guardian_occupation` int(1) NOT NULL,
  `guardian_address` int(11) NOT NULL DEFAULT 1,
  `current_address` int(11) NOT NULL DEFAULT 1,
  `permanent_address` int(11) NOT NULL DEFAULT 1,
  `route_list` int(11) NOT NULL DEFAULT 1,
  `hostel_id` int(11) NOT NULL DEFAULT 1,
  `bank_account_no` int(11) NOT NULL DEFAULT 1,
  `ifsc_code` int(1) NOT NULL,
  `bank_name` int(1) NOT NULL,
  `national_identification_no` int(11) NOT NULL DEFAULT 1,
  `local_identification_no` int(11) NOT NULL DEFAULT 1,
  `rte` int(11) NOT NULL DEFAULT 1,
  `previous_school_details` int(11) NOT NULL DEFAULT 1,
  `student_note` int(11) NOT NULL DEFAULT 1,
  `upload_documents` int(11) NOT NULL DEFAULT 1,
  `staff_designation` int(11) NOT NULL DEFAULT 1,
  `staff_department` int(11) NOT NULL DEFAULT 1,
  `staff_last_name` int(11) NOT NULL DEFAULT 1,
  `staff_father_name` int(11) NOT NULL DEFAULT 1,
  `staff_mother_name` int(11) NOT NULL DEFAULT 1,
  `staff_date_of_joining` int(11) NOT NULL DEFAULT 1,
  `staff_phone` int(11) NOT NULL DEFAULT 1,
  `staff_emergency_contact` int(11) NOT NULL DEFAULT 1,
  `staff_marital_status` int(11) NOT NULL DEFAULT 1,
  `staff_photo` int(11) NOT NULL DEFAULT 1,
  `staff_current_address` int(11) NOT NULL DEFAULT 1,
  `staff_permanent_address` int(11) NOT NULL DEFAULT 1,
  `staff_qualification` int(11) NOT NULL DEFAULT 1,
  `staff_work_experience` int(11) NOT NULL DEFAULT 1,
  `staff_note` int(11) NOT NULL DEFAULT 1,
  `staff_epf_no` int(11) NOT NULL DEFAULT 1,
  `staff_basic_salary` int(11) NOT NULL DEFAULT 1,
  `staff_contract_type` int(11) NOT NULL DEFAULT 1,
  `staff_work_shift` int(11) NOT NULL DEFAULT 1,
  `staff_work_location` int(11) NOT NULL DEFAULT 1,
  `staff_leaves` int(11) NOT NULL DEFAULT 1,
  `staff_account_details` int(11) NOT NULL DEFAULT 1,
  `staff_social_media` int(11) NOT NULL DEFAULT 1,
  `staff_upload_documents` int(11) NOT NULL DEFAULT 1,
  `mobile_api_url` tinytext NOT NULL,
  `app_primary_color_code` varchar(20) DEFAULT NULL,
  `app_secondary_color_code` varchar(20) DEFAULT NULL,
  `app_logo` varchar(250) DEFAULT NULL,
  `zoom_api_key` varchar(100) DEFAULT NULL,
  `zoom_api_secret` varchar(100) DEFAULT NULL,
  `student_profile_edit` int(1) NOT NULL DEFAULT 0,
  `start_week` varchar(10) NOT NULL,
  `my_question` int(1) NOT NULL,
  `created_at` timestamp NOT NULL DEFAULT current_timestamp() ON UPDATE current_timestamp(),
  `updated_at` date DEFAULT NULL,
  PRIMARY KEY (`id`)
) ENGINE=InnoDB AUTO_INCREMENT=2 DEFAULT CHARSET=utf8;

INSERT INTO `sch_settings` (`id`, `name`, `biometric`, `biometric_device`, `email`, `phone`, `address`, `lang_id`, `languages`, `dise_code`, `date_format`, `time_format`, `currency`, `currency_symbol`, `is_rtl`, `is_duplicate_fees_invoice`, `timezone`, `session_id`, `cron_secret_key`, `currency_place`, `class_teacher`, `start_month`, `attendence_type`, `image`, `admin_logo`, `admin_small_logo`, `theme`, `fee_due_days`, `adm_auto_insert`, `adm_prefix`, `adm_start_from`, `adm_no_digit`, `adm_update_status`, `staffid_auto_insert`, `staffid_prefix`, `staffid_start_from`, `staffid_no_digit`, `staffid_update_status`, `is_active`, `online_admission`, `online_admission_payment`, `online_admission_amount`, `online_admission_instruction`, `online_admission_conditions`, `is_blood_group`, `is_student_house`, `roll_no`, `category`, `religion`, `cast`, `mobile_no`, `student_email`, `admission_date`, `lastname`, `middlename`, `student_photo`, `student_height`, `student_weight`, `measurement_date`, `father_name`, `father_phone`, `father_occupation`, `father_pic`, `mother_name`, `mother_phone`, `mother_occupation`, `mother_pic`, `guardian_name`, `guardian_relation`, `guardian_phone`, `guardian_email`, `guardian_pic`, `guardian_occupation`, `guardian_address`, `current_address`, `permanent_address`, `route_list`, `hostel_id`, `bank_account_no`, `ifsc_code`, `bank_name`, `national_identification_no`, `local_identification_no`, `rte`, `previous_school_details`, `student_note`, `upload_documents`, `staff_designation`, `staff_department`, `staff_last_name`, `staff_father_name`, `staff_mother_name`, `staff_date_of_joining`, `staff_phone`, `staff_emergency_contact`, `staff_marital_status`, `staff_photo`, `staff_current_address`, `staff_permanent_address`, `staff_qualification`, `staff_work_experience`, `staff_note`, `staff_epf_no`, `staff_basic_salary`, `staff_contract_type`, `staff_work_shift`, `staff_work_location`, `staff_leaves`, `staff_account_details`, `staff_social_media`, `staff_upload_documents`, `mobile_api_url`, `app_primary_color_code`, `app_secondary_color_code`, `app_logo`, `zoom_api_key`, `zoom_api_secret`, `student_profile_edit`, `start_week`, `my_question`, `created_at`, `updated_at`) VALUES (1, 'Delhi Public School', 0, '', 'anshul@gmail.com', '9026233231', 'Your School Address', 4, '[\"4\"]', 'CLA#7618', 'd.m.Y', '12-hour', 'INR', '₹', 'disabled', 1, 'Asia/Kolkata', 16, 'CSOpF4s4yFk7ODXOZzuCfieue', 'after_number', 'no', '4', 0, '1.png', '1.png', '1.png', 'white.jpg', 60, 1, 'DPS', '1000', 4, 1, 1, 'DPT', '100', 3, 1, 'no', 1, 'yes', '2500', '', '<p>&nbsp;Please enter your institution online admission terms &amp; conditions here.</p>\r\n', 1, 1, 1, 1, 1, 1, 1, 1, 1, 1, 0, 1, 1, 1, 1, 1, 1, 1, 1, 1, 1, 1, 1, 1, 1, 1, 1, 1, 1, 1, 1, 1, 1, 1, 1, 1, 1, 1, 1, 1, 1, 1, 1, 1, 1, 1, 1, 1, 1, 1, 1, 1, 1, 1, 1, 1, 1, 1, 1, 1, 1, 1, 1, 1, 1, 1, 1, 'https://dps.smartschool.one/api/', '#424141', '#efefef', '1.png', NULL, NULL, 1, 'Monday', 1, '2022-02-07 12:17:17', NULL);


#
# TABLE STRUCTURE FOR: school_houses
#

DROP TABLE IF EXISTS `school_houses`;

CREATE TABLE `school_houses` (
  `id` int(11) NOT NULL AUTO_INCREMENT,
  `house_name` varchar(200) NOT NULL,
  `description` varchar(400) NOT NULL,
  `is_active` varchar(50) NOT NULL,
  PRIMARY KEY (`id`)
) ENGINE=InnoDB DEFAULT CHARSET=utf8;

#
# TABLE STRUCTURE FOR: sections
#

DROP TABLE IF EXISTS `sections`;

CREATE TABLE `sections` (
  `id` int(11) NOT NULL AUTO_INCREMENT,
  `section` varchar(60) DEFAULT NULL,
  `is_active` varchar(255) DEFAULT 'no',
  `created_at` timestamp NOT NULL DEFAULT current_timestamp() ON UPDATE current_timestamp(),
  `updated_at` date DEFAULT NULL,
  PRIMARY KEY (`id`)
) ENGINE=InnoDB AUTO_INCREMENT=4 DEFAULT CHARSET=utf8;

INSERT INTO `sections` (`id`, `section`, `is_active`, `created_at`, `updated_at`) VALUES (1, 'A', 'no', '2021-12-03 08:44:21', NULL);
INSERT INTO `sections` (`id`, `section`, `is_active`, `created_at`, `updated_at`) VALUES (2, 'B', 'no', '2021-12-03 08:44:26', NULL);
INSERT INTO `sections` (`id`, `section`, `is_active`, `created_at`, `updated_at`) VALUES (3, 'C', 'no', '2021-12-03 08:44:30', NULL);


#
# TABLE STRUCTURE FOR: send_notification
#

DROP TABLE IF EXISTS `send_notification`;

CREATE TABLE `send_notification` (
  `id` int(11) NOT NULL AUTO_INCREMENT,
  `title` varchar(50) DEFAULT NULL,
  `publish_date` date DEFAULT NULL,
  `date` date DEFAULT NULL,
  `message` text DEFAULT NULL,
  `visible_student` varchar(10) NOT NULL DEFAULT 'no',
  `visible_staff` varchar(10) NOT NULL DEFAULT 'no',
  `visible_parent` varchar(10) NOT NULL DEFAULT 'no',
  `created_by` varchar(60) DEFAULT NULL,
  `created_id` int(11) DEFAULT NULL,
  `is_active` varchar(255) DEFAULT 'no',
  `created_at` timestamp NOT NULL DEFAULT current_timestamp() ON UPDATE current_timestamp(),
  `updated_at` date DEFAULT NULL,
  PRIMARY KEY (`id`)
) ENGINE=InnoDB DEFAULT CHARSET=utf8;

#
# TABLE STRUCTURE FOR: sessions
#

DROP TABLE IF EXISTS `sessions`;

CREATE TABLE `sessions` (
  `id` int(11) NOT NULL AUTO_INCREMENT,
  `session` varchar(60) DEFAULT NULL,
  `is_active` varchar(255) DEFAULT 'no',
  `created_at` timestamp NOT NULL DEFAULT current_timestamp() ON UPDATE current_timestamp(),
  `updated_at` date DEFAULT NULL,
  PRIMARY KEY (`id`)
) ENGINE=InnoDB AUTO_INCREMENT=28 DEFAULT CHARSET=utf8;

INSERT INTO `sessions` (`id`, `session`, `is_active`, `created_at`, `updated_at`) VALUES (7, '2016-17', 'no', '2017-04-20 06:42:19', '0000-00-00');
INSERT INTO `sessions` (`id`, `session`, `is_active`, `created_at`, `updated_at`) VALUES (11, '2017-18', 'no', '2017-04-20 06:41:37', '0000-00-00');
INSERT INTO `sessions` (`id`, `session`, `is_active`, `created_at`, `updated_at`) VALUES (13, '2018-19', 'no', '2016-08-24 19:26:44', '0000-00-00');
INSERT INTO `sessions` (`id`, `session`, `is_active`, `created_at`, `updated_at`) VALUES (14, '2019-20', 'no', '2016-08-24 19:26:55', '0000-00-00');
INSERT INTO `sessions` (`id`, `session`, `is_active`, `created_at`, `updated_at`) VALUES (15, '2020-21', 'no', '2016-10-01 05:28:08', '0000-00-00');
INSERT INTO `sessions` (`id`, `session`, `is_active`, `created_at`, `updated_at`) VALUES (16, '2021-22', 'no', '2016-10-01 05:28:20', '0000-00-00');
INSERT INTO `sessions` (`id`, `session`, `is_active`, `created_at`, `updated_at`) VALUES (18, '2022-23', 'no', '2016-10-01 05:29:02', '0000-00-00');
INSERT INTO `sessions` (`id`, `session`, `is_active`, `created_at`, `updated_at`) VALUES (19, '2023-24', 'no', '2016-10-01 05:29:10', '0000-00-00');
INSERT INTO `sessions` (`id`, `session`, `is_active`, `created_at`, `updated_at`) VALUES (20, '2024-25', 'no', '2016-10-01 05:29:18', '0000-00-00');
INSERT INTO `sessions` (`id`, `session`, `is_active`, `created_at`, `updated_at`) VALUES (21, '2025-26', 'no', '2016-10-01 05:30:10', '0000-00-00');
INSERT INTO `sessions` (`id`, `session`, `is_active`, `created_at`, `updated_at`) VALUES (22, '2026-27', 'no', '2016-10-01 05:30:18', '0000-00-00');
INSERT INTO `sessions` (`id`, `session`, `is_active`, `created_at`, `updated_at`) VALUES (23, '2027-28', 'no', '2016-10-01 05:30:24', '0000-00-00');
INSERT INTO `sessions` (`id`, `session`, `is_active`, `created_at`, `updated_at`) VALUES (24, '2028-29', 'no', '2016-10-01 05:30:30', '0000-00-00');
INSERT INTO `sessions` (`id`, `session`, `is_active`, `created_at`, `updated_at`) VALUES (25, '2029-30', 'no', '2016-10-01 05:30:37', '0000-00-00');
INSERT INTO `sessions` (`id`, `session`, `is_active`, `created_at`, `updated_at`) VALUES (26, 'A', 'no', '2021-12-03 08:44:05', NULL);
INSERT INTO `sessions` (`id`, `session`, `is_active`, `created_at`, `updated_at`) VALUES (27, 'B', 'no', '2021-12-03 08:44:11', NULL);


#
# TABLE STRUCTURE FOR: sms_config
#

DROP TABLE IF EXISTS `sms_config`;

CREATE TABLE `sms_config` (
  `id` int(11) NOT NULL AUTO_INCREMENT,
  `type` varchar(50) NOT NULL,
  `name` varchar(100) NOT NULL,
  `api_id` varchar(100) NOT NULL,
  `authkey` varchar(100) NOT NULL,
  `senderid` varchar(100) NOT NULL,
  `contact` text DEFAULT NULL,
  `username` varchar(150) DEFAULT NULL,
  `url` varchar(150) DEFAULT NULL,
  `password` varchar(150) DEFAULT NULL,
  `is_active` varchar(255) DEFAULT 'disabled',
  `created_at` timestamp NOT NULL DEFAULT current_timestamp() ON UPDATE current_timestamp(),
  `updated_at` date DEFAULT NULL,
  PRIMARY KEY (`id`)
) ENGINE=InnoDB DEFAULT CHARSET=utf8;

#
# TABLE STRUCTURE FOR: source
#

DROP TABLE IF EXISTS `source`;

CREATE TABLE `source` (
  `id` int(11) NOT NULL AUTO_INCREMENT,
  `source` varchar(100) NOT NULL,
  `description` text NOT NULL,
  PRIMARY KEY (`id`)
) ENGINE=InnoDB AUTO_INCREMENT=2 DEFAULT CHARSET=utf8;

INSERT INTO `source` (`id`, `source`, `description`) VALUES (1, 'News Paper', 'News ');


#
# TABLE STRUCTURE FOR: staff
#

DROP TABLE IF EXISTS `staff`;

CREATE TABLE `staff` (
  `id` int(11) NOT NULL AUTO_INCREMENT,
  `employee_id` varchar(200) NOT NULL,
  `lang_id` int(11) NOT NULL,
  `department` int(11) DEFAULT 0,
  `designation` int(11) DEFAULT 0,
  `qualification` varchar(200) NOT NULL,
  `work_exp` varchar(200) NOT NULL,
  `name` varchar(200) NOT NULL,
  `surname` varchar(200) NOT NULL,
  `father_name` varchar(200) NOT NULL,
  `mother_name` varchar(200) NOT NULL,
  `contact_no` varchar(200) NOT NULL,
  `emergency_contact_no` varchar(200) NOT NULL,
  `email` varchar(200) NOT NULL,
  `dob` date NOT NULL,
  `marital_status` varchar(100) NOT NULL,
  `date_of_joining` date NOT NULL,
  `date_of_leaving` date NOT NULL,
  `local_address` varchar(300) NOT NULL,
  `permanent_address` varchar(200) NOT NULL,
  `note` varchar(200) NOT NULL,
  `image` varchar(200) NOT NULL,
  `password` varchar(250) NOT NULL,
  `gender` varchar(50) NOT NULL,
  `account_title` varchar(200) NOT NULL,
  `bank_account_no` varchar(200) NOT NULL,
  `bank_name` varchar(200) NOT NULL,
  `ifsc_code` varchar(200) NOT NULL,
  `bank_branch` varchar(100) NOT NULL,
  `payscale` varchar(200) NOT NULL,
  `basic_salary` varchar(200) NOT NULL,
  `epf_no` varchar(200) NOT NULL,
  `contract_type` varchar(100) NOT NULL,
  `shift` varchar(100) NOT NULL,
  `location` varchar(100) NOT NULL,
  `facebook` varchar(200) NOT NULL,
  `twitter` varchar(200) NOT NULL,
  `linkedin` varchar(200) NOT NULL,
  `instagram` varchar(200) NOT NULL,
  `resume` varchar(200) NOT NULL,
  `joining_letter` varchar(200) NOT NULL,
  `resignation_letter` varchar(200) NOT NULL,
  `other_document_name` varchar(200) NOT NULL,
  `other_document_file` varchar(200) NOT NULL,
  `user_id` int(11) NOT NULL,
  `is_active` int(11) NOT NULL,
  `verification_code` varchar(100) NOT NULL,
  `zoom_api_key` varchar(100) DEFAULT NULL,
  `zoom_api_secret` varchar(100) DEFAULT NULL,
  `disable_at` date DEFAULT NULL,
  `unique_id` varchar(255) DEFAULT NULL,
  PRIMARY KEY (`id`)
) ENGINE=InnoDB AUTO_INCREMENT=6 DEFAULT CHARSET=utf8;

INSERT INTO `staff` (`id`, `employee_id`, `lang_id`, `department`, `designation`, `qualification`, `work_exp`, `name`, `surname`, `father_name`, `mother_name`, `contact_no`, `emergency_contact_no`, `email`, `dob`, `marital_status`, `date_of_joining`, `date_of_leaving`, `local_address`, `permanent_address`, `note`, `image`, `password`, `gender`, `account_title`, `bank_account_no`, `bank_name`, `ifsc_code`, `bank_branch`, `payscale`, `basic_salary`, `epf_no`, `contract_type`, `shift`, `location`, `facebook`, `twitter`, `linkedin`, `instagram`, `resume`, `joining_letter`, `resignation_letter`, `other_document_name`, `other_document_file`, `user_id`, `is_active`, `verification_code`, `zoom_api_key`, `zoom_api_secret`, `disable_at`, `unique_id`) VALUES (1, '90000', 0, 0, 0, '', '', 'Anshul Srivastava', '', '', '', '', '', 'anshul@gmail.com', '2022-01-06', '', '0000-00-00', '0000-00-00', '', '', '', '', '$2y$10$Ew016E3zpqR8n5TtW8eJ4uio1xL/8bAFvEp3dcL0hYkc.PvADMxWC', '', '', '', '', '', '', '', '', '', '', '', '', '', '', '', '', '', '', '', '', '', 0, 1, '', NULL, NULL, NULL, 'CLA#7618');
INSERT INTO `staff` (`id`, `employee_id`, `lang_id`, `department`, `designation`, `qualification`, `work_exp`, `name`, `surname`, `father_name`, `mother_name`, `contact_no`, `emergency_contact_no`, `email`, `dob`, `marital_status`, `date_of_joining`, `date_of_leaving`, `local_address`, `permanent_address`, `note`, `image`, `password`, `gender`, `account_title`, `bank_account_no`, `bank_name`, `ifsc_code`, `bank_branch`, `payscale`, `basic_salary`, `epf_no`, `contract_type`, `shift`, `location`, `facebook`, `twitter`, `linkedin`, `instagram`, `resume`, `joining_letter`, `resignation_letter`, `other_document_name`, `other_document_file`, `user_id`, `is_active`, `verification_code`, `zoom_api_key`, `zoom_api_secret`, `disable_at`, `unique_id`) VALUES (2, 'DPT100', 0, 1, 1, '', '', 'Dinesh', 'Srv', 'A', 'B', '8574125896', '', 'dinesh@gmail.com', '2022-01-20', 'Single', '2022-01-11', '0000-00-00', 'Indrapuram', '', '', '', '$2y$10$HTCu5OQlSqkTJQ8fMbKYQuODia.U/Xu6pBiBS3Qh1Yhmkv/6p83Yi', 'Male', 'HDFC BANK', '74125479856321452', 'HDFC BANK', 'HDFC0094', 'NOIDA', '', '35000', '741OK895623', 'permanent', '', '', '', '', '', '', '', '', '', 'Other Document', '', 0, 1, '', NULL, NULL, NULL, NULL);
INSERT INTO `staff` (`id`, `employee_id`, `lang_id`, `department`, `designation`, `qualification`, `work_exp`, `name`, `surname`, `father_name`, `mother_name`, `contact_no`, `emergency_contact_no`, `email`, `dob`, `marital_status`, `date_of_joining`, `date_of_leaving`, `local_address`, `permanent_address`, `note`, `image`, `password`, `gender`, `account_title`, `bank_account_no`, `bank_name`, `ifsc_code`, `bank_branch`, `payscale`, `basic_salary`, `epf_no`, `contract_type`, `shift`, `location`, `facebook`, `twitter`, `linkedin`, `instagram`, `resume`, `joining_letter`, `resignation_letter`, `other_document_name`, `other_document_file`, `user_id`, `is_active`, `verification_code`, `zoom_api_key`, `zoom_api_secret`, `disable_at`, `unique_id`) VALUES (3, 'DPT101', 0, 1, 1, '', '', 'Ashish', 'Srv', 'FFF', 'FFF', '9541257895', '', 'sranshulj2002019@gmail.com', '2022-01-27', '', '2022-01-19', '0000-00-00', 'Noida', '', '', '', '$2y$10$CglL1.JP3r3z4mLySN6D1.2ukzlPQhs80bycd0xhB7F1tx5l4WptS', 'Male', '', '', '', '', '', '', '', '', '', '', '', '', '', '', '', '', '', '', '', '', 0, 1, '', NULL, NULL, NULL, NULL);
INSERT INTO `staff` (`id`, `employee_id`, `lang_id`, `department`, `designation`, `qualification`, `work_exp`, `name`, `surname`, `father_name`, `mother_name`, `contact_no`, `emergency_contact_no`, `email`, `dob`, `marital_status`, `date_of_joining`, `date_of_leaving`, `local_address`, `permanent_address`, `note`, `image`, `password`, `gender`, `account_title`, `bank_account_no`, `bank_name`, `ifsc_code`, `bank_branch`, `payscale`, `basic_salary`, `epf_no`, `contract_type`, `shift`, `location`, `facebook`, `twitter`, `linkedin`, `instagram`, `resume`, `joining_letter`, `resignation_letter`, `other_document_name`, `other_document_file`, `user_id`, `is_active`, `verification_code`, `zoom_api_key`, `zoom_api_secret`, `disable_at`, `unique_id`) VALUES (4, 'DPT102', 0, 1, 1, '', '', 'Ashish', 'SRV', 'TTT', '', '', '', 'sranshulj2002018@gmail.com', '2022-01-20', '', '0000-00-00', '0000-00-00', '', '', '', '', '$2y$10$9kam8WqXkTG9c6loTH/vCeBtyZvw6LylkrP4K6cR.SXxPf/WEHwSS', 'Male', '', '', '', '', '', '', '', '', '', '', '', '', '', '', '', '', '', '', '', '', 0, 1, '', NULL, NULL, NULL, NULL);
INSERT INTO `staff` (`id`, `employee_id`, `lang_id`, `department`, `designation`, `qualification`, `work_exp`, `name`, `surname`, `father_name`, `mother_name`, `contact_no`, `emergency_contact_no`, `email`, `dob`, `marital_status`, `date_of_joining`, `date_of_leaving`, `local_address`, `permanent_address`, `note`, `image`, `password`, `gender`, `account_title`, `bank_account_no`, `bank_name`, `ifsc_code`, `bank_branch`, `payscale`, `basic_salary`, `epf_no`, `contract_type`, `shift`, `location`, `facebook`, `twitter`, `linkedin`, `instagram`, `resume`, `joining_letter`, `resignation_letter`, `other_document_name`, `other_document_file`, `user_id`, `is_active`, `verification_code`, `zoom_api_key`, `zoom_api_secret`, `disable_at`, `unique_id`) VALUES (5, 'DPT103', 0, 1, 1, '', '', 'Rakesh', 'Kumar', '', '', '', '', 'sranshulj2002022@gmail.com', '2022-02-16', '', '0000-00-00', '0000-00-00', '', '', '', '', '$2y$10$jZ5cfG1A0d1CBTaNN1qZb.6h8LJBk420nulCVUnQU8u145f6SBMwm', 'Male', '', '', '', '', '', '', '', '', '', '', '', '', '', '', '', '', '', '', '', '', 0, 1, '', NULL, NULL, NULL, NULL);


#
# TABLE STRUCTURE FOR: staff_attendance
#

DROP TABLE IF EXISTS `staff_attendance`;

CREATE TABLE `staff_attendance` (
  `id` int(11) NOT NULL AUTO_INCREMENT,
  `date` date NOT NULL,
  `staff_id` int(11) NOT NULL,
  `staff_attendance_type_id` int(11) NOT NULL,
  `remark` varchar(200) NOT NULL,
  `is_active` int(11) NOT NULL,
  `created_at` datetime NOT NULL,
  `updated_at` date DEFAULT NULL,
  PRIMARY KEY (`id`)
) ENGINE=InnoDB DEFAULT CHARSET=utf8;

#
# TABLE STRUCTURE FOR: staff_attendance_type
#

DROP TABLE IF EXISTS `staff_attendance_type`;

CREATE TABLE `staff_attendance_type` (
  `id` int(11) NOT NULL AUTO_INCREMENT,
  `type` varchar(200) NOT NULL,
  `key_value` varchar(200) NOT NULL,
  `is_active` varchar(50) NOT NULL,
  `created_at` timestamp NOT NULL DEFAULT current_timestamp() ON UPDATE current_timestamp(),
  `updated_at` date DEFAULT NULL,
  PRIMARY KEY (`id`)
) ENGINE=InnoDB AUTO_INCREMENT=6 DEFAULT CHARSET=utf8;

INSERT INTO `staff_attendance_type` (`id`, `type`, `key_value`, `is_active`, `created_at`, `updated_at`) VALUES (1, 'Present', '<b class=\"text text-success\">P</b>', 'yes', '0000-00-00 00:00:00', '0000-00-00');
INSERT INTO `staff_attendance_type` (`id`, `type`, `key_value`, `is_active`, `created_at`, `updated_at`) VALUES (2, 'Late', '<b class=\"text text-warning\">L</b>', 'yes', '0000-00-00 00:00:00', '0000-00-00');
INSERT INTO `staff_attendance_type` (`id`, `type`, `key_value`, `is_active`, `created_at`, `updated_at`) VALUES (3, 'Absent', '<b class=\"text text-danger\">A</b>', 'yes', '0000-00-00 00:00:00', '0000-00-00');
INSERT INTO `staff_attendance_type` (`id`, `type`, `key_value`, `is_active`, `created_at`, `updated_at`) VALUES (4, 'Half Day', '<b class=\"text text-warning\">F</b>', 'yes', '2018-05-07 01:56:16', '0000-00-00');
INSERT INTO `staff_attendance_type` (`id`, `type`, `key_value`, `is_active`, `created_at`, `updated_at`) VALUES (5, 'Holiday', 'H', 'yes', '0000-00-00 00:00:00', '0000-00-00');


#
# TABLE STRUCTURE FOR: staff_designation
#

DROP TABLE IF EXISTS `staff_designation`;

CREATE TABLE `staff_designation` (
  `id` int(11) NOT NULL AUTO_INCREMENT,
  `designation` varchar(200) NOT NULL,
  `is_active` varchar(100) NOT NULL,
  PRIMARY KEY (`id`)
) ENGINE=InnoDB AUTO_INCREMENT=2 DEFAULT CHARSET=utf8;

INSERT INTO `staff_designation` (`id`, `designation`, `is_active`) VALUES (1, 'Art Designer', 'yes');


#
# TABLE STRUCTURE FOR: staff_id_card
#

DROP TABLE IF EXISTS `staff_id_card`;

CREATE TABLE `staff_id_card` (
  `id` int(11) NOT NULL AUTO_INCREMENT,
  `title` varchar(255) NOT NULL,
  `school_name` varchar(255) NOT NULL,
  `school_address` varchar(255) NOT NULL,
  `background` varchar(100) NOT NULL,
  `logo` varchar(100) NOT NULL,
  `sign_image` varchar(100) NOT NULL,
  `header_color` varchar(100) NOT NULL,
  `enable_vertical_card` int(11) NOT NULL DEFAULT 0,
  `enable_staff_role` tinyint(1) NOT NULL COMMENT '0=disable,1=enable',
  `enable_staff_id` tinyint(1) NOT NULL COMMENT '0=disable,1=enable',
  `enable_staff_department` tinyint(1) NOT NULL COMMENT '0=disable,1=enable',
  `enable_designation` tinyint(1) NOT NULL COMMENT '0=disable,1=enable',
  `enable_name` tinyint(1) NOT NULL COMMENT '0=disable,1=enable',
  `enable_fathers_name` tinyint(1) NOT NULL COMMENT '0=disable,1=enable',
  `enable_mothers_name` tinyint(1) NOT NULL COMMENT '0=disable,1=enable',
  `enable_date_of_joining` tinyint(1) NOT NULL COMMENT '0=disable,1=enable',
  `enable_permanent_address` tinyint(1) NOT NULL COMMENT '0=disable,1=enable',
  `enable_staff_dob` tinyint(1) NOT NULL COMMENT '0=disable,1=enable',
  `enable_staff_phone` tinyint(1) NOT NULL COMMENT '0=disable,1=enable',
  `status` tinyint(1) NOT NULL COMMENT '0=disable,1=enable',
  PRIMARY KEY (`id`)
) ENGINE=InnoDB AUTO_INCREMENT=3 DEFAULT CHARSET=utf8;

INSERT INTO `staff_id_card` (`id`, `title`, `school_name`, `school_address`, `background`, `logo`, `sign_image`, `header_color`, `enable_vertical_card`, `enable_staff_role`, `enable_staff_id`, `enable_staff_department`, `enable_designation`, `enable_name`, `enable_fathers_name`, `enable_mothers_name`, `enable_date_of_joining`, `enable_permanent_address`, `enable_staff_dob`, `enable_staff_phone`, `status`) VALUES (1, 'Sample Staff ID Card Horizontal', 'Mount Carmel School', '110 Kings Street, CA', 'background1.png', 'logo1.png', 'sign1.png', '#9b1818', 0, 0, 1, 0, 0, 1, 1, 1, 1, 1, 1, 1, 1);
INSERT INTO `staff_id_card` (`id`, `title`, `school_name`, `school_address`, `background`, `logo`, `sign_image`, `header_color`, `enable_vertical_card`, `enable_staff_role`, `enable_staff_id`, `enable_staff_department`, `enable_designation`, `enable_name`, `enable_fathers_name`, `enable_mothers_name`, `enable_date_of_joining`, `enable_permanent_address`, `enable_staff_dob`, `enable_staff_phone`, `status`) VALUES (2, 'Sample Staff ID Card Vertical', 'Mount Carmel School', '110 Kings Street, CA', 'background1.png', 'logo1.png', 'sign1.png', '#9b1818', 1, 0, 1, 0, 0, 1, 1, 1, 1, 1, 1, 1, 1);


#
# TABLE STRUCTURE FOR: staff_leave_details
#

DROP TABLE IF EXISTS `staff_leave_details`;

CREATE TABLE `staff_leave_details` (
  `id` int(11) NOT NULL AUTO_INCREMENT,
  `staff_id` int(11) NOT NULL,
  `leave_type_id` int(11) NOT NULL,
  `alloted_leave` varchar(100) NOT NULL,
  PRIMARY KEY (`id`)
) ENGINE=InnoDB AUTO_INCREMENT=5 DEFAULT CHARSET=utf8;

INSERT INTO `staff_leave_details` (`id`, `staff_id`, `leave_type_id`, `alloted_leave`) VALUES (1, 2, 1, '2');
INSERT INTO `staff_leave_details` (`id`, `staff_id`, `leave_type_id`, `alloted_leave`) VALUES (2, 2, 2, '2');
INSERT INTO `staff_leave_details` (`id`, `staff_id`, `leave_type_id`, `alloted_leave`) VALUES (3, 2, 1, '2');
INSERT INTO `staff_leave_details` (`id`, `staff_id`, `leave_type_id`, `alloted_leave`) VALUES (4, 2, 2, '2');


#
# TABLE STRUCTURE FOR: staff_leave_request
#

DROP TABLE IF EXISTS `staff_leave_request`;

CREATE TABLE `staff_leave_request` (
  `id` int(11) NOT NULL AUTO_INCREMENT,
  `staff_id` int(11) NOT NULL,
  `leave_type_id` int(11) NOT NULL,
  `leave_from` date NOT NULL,
  `leave_to` date NOT NULL,
  `leave_days` int(11) NOT NULL,
  `employee_remark` varchar(200) NOT NULL,
  `admin_remark` varchar(200) NOT NULL,
  `status` varchar(100) NOT NULL,
  `applied_by` varchar(200) NOT NULL,
  `document_file` varchar(200) NOT NULL,
  `date` date NOT NULL,
  PRIMARY KEY (`id`)
) ENGINE=InnoDB DEFAULT CHARSET=utf8;

#
# TABLE STRUCTURE FOR: staff_payroll
#

DROP TABLE IF EXISTS `staff_payroll`;

CREATE TABLE `staff_payroll` (
  `id` int(11) NOT NULL AUTO_INCREMENT,
  `basic_salary` int(11) NOT NULL,
  `pay_scale` varchar(200) NOT NULL,
  `grade` varchar(50) NOT NULL,
  `is_active` varchar(50) NOT NULL,
  PRIMARY KEY (`id`)
) ENGINE=InnoDB DEFAULT CHARSET=utf8;

#
# TABLE STRUCTURE FOR: staff_payslip
#

DROP TABLE IF EXISTS `staff_payslip`;

CREATE TABLE `staff_payslip` (
  `id` int(11) NOT NULL AUTO_INCREMENT,
  `staff_id` int(11) NOT NULL,
  `basic` float(10,2) NOT NULL,
  `total_allowance` float(10,2) NOT NULL,
  `total_deduction` float(10,2) NOT NULL,
  `leave_deduction` int(11) NOT NULL,
  `tax` varchar(200) NOT NULL,
  `net_salary` float(10,2) NOT NULL,
  `status` varchar(100) NOT NULL,
  `month` varchar(200) NOT NULL,
  `year` varchar(200) NOT NULL,
  `payment_mode` varchar(200) NOT NULL,
  `payment_date` date NOT NULL,
  `remark` varchar(200) NOT NULL,
  PRIMARY KEY (`id`)
) ENGINE=InnoDB DEFAULT CHARSET=utf8;

#
# TABLE STRUCTURE FOR: staff_rating
#

DROP TABLE IF EXISTS `staff_rating`;

CREATE TABLE `staff_rating` (
  `id` int(11) NOT NULL AUTO_INCREMENT,
  `staff_id` int(11) NOT NULL,
  `comment` text NOT NULL,
  `rate` int(11) NOT NULL,
  `user_id` int(11) NOT NULL,
  `role` varchar(255) NOT NULL,
  `status` int(11) NOT NULL COMMENT '0 decline, 1 Approve',
  `entrydt` timestamp NOT NULL DEFAULT current_timestamp() ON UPDATE current_timestamp(),
  PRIMARY KEY (`id`)
) ENGINE=InnoDB AUTO_INCREMENT=2 DEFAULT CHARSET=utf8;

INSERT INTO `staff_rating` (`id`, `staff_id`, `comment`, `rate`, `user_id`, `role`, `status`, `entrydt`) VALUES (1, 2, 'Test', 2, 1, 'student', 0, '2022-01-27 12:00:10');


#
# TABLE STRUCTURE FOR: staff_roles
#

DROP TABLE IF EXISTS `staff_roles`;

CREATE TABLE `staff_roles` (
  `id` int(11) NOT NULL AUTO_INCREMENT,
  `role_id` int(11) DEFAULT NULL,
  `staff_id` int(11) DEFAULT NULL,
  `is_active` int(11) DEFAULT 0,
  `created_at` timestamp NOT NULL DEFAULT current_timestamp() ON UPDATE current_timestamp(),
  `updated_at` date DEFAULT NULL,
  PRIMARY KEY (`id`)
) ENGINE=InnoDB AUTO_INCREMENT=6 DEFAULT CHARSET=utf8;

INSERT INTO `staff_roles` (`id`, `role_id`, `staff_id`, `is_active`, `created_at`, `updated_at`) VALUES (1, 7, 1, 0, '2021-09-01 06:27:03', NULL);
INSERT INTO `staff_roles` (`id`, `role_id`, `staff_id`, `is_active`, `created_at`, `updated_at`) VALUES (2, 2, 2, 0, '2022-01-11 11:03:30', NULL);
INSERT INTO `staff_roles` (`id`, `role_id`, `staff_id`, `is_active`, `created_at`, `updated_at`) VALUES (3, 3, 3, 0, '2022-01-19 12:47:12', NULL);
INSERT INTO `staff_roles` (`id`, `role_id`, `staff_id`, `is_active`, `created_at`, `updated_at`) VALUES (4, 2, 4, 0, '2022-01-21 12:35:23', NULL);
INSERT INTO `staff_roles` (`id`, `role_id`, `staff_id`, `is_active`, `created_at`, `updated_at`) VALUES (5, 8, 5, 0, '2022-02-03 12:18:07', NULL);


#
# TABLE STRUCTURE FOR: staff_timeline
#

DROP TABLE IF EXISTS `staff_timeline`;

CREATE TABLE `staff_timeline` (
  `id` int(11) NOT NULL AUTO_INCREMENT,
  `staff_id` int(11) NOT NULL,
  `title` varchar(200) NOT NULL,
  `timeline_date` date NOT NULL,
  `description` varchar(300) NOT NULL,
  `document` varchar(200) NOT NULL,
  `status` varchar(200) NOT NULL,
  `date` date NOT NULL,
  PRIMARY KEY (`id`)
) ENGINE=InnoDB DEFAULT CHARSET=utf8;

#
# TABLE STRUCTURE FOR: student_applyleave
#

DROP TABLE IF EXISTS `student_applyleave`;

CREATE TABLE `student_applyleave` (
  `id` int(11) NOT NULL AUTO_INCREMENT,
  `student_session_id` int(11) NOT NULL,
  `from_date` date NOT NULL,
  `to_date` date NOT NULL,
  `apply_date` date NOT NULL,
  `status` int(1) NOT NULL,
  `created_at` timestamp NOT NULL DEFAULT current_timestamp() ON UPDATE current_timestamp(),
  `docs` text NOT NULL,
  `reason` text NOT NULL,
  `approve_by` int(11) NOT NULL,
  `request_type` int(11) NOT NULL COMMENT '0 student,1 staff',
  PRIMARY KEY (`id`)
) ENGINE=InnoDB AUTO_INCREMENT=2 DEFAULT CHARSET=utf8;

INSERT INTO `student_applyleave` (`id`, `student_session_id`, `from_date`, `to_date`, `apply_date`, `status`, `created_at`, `docs`, `reason`, `approve_by`, `request_type`) VALUES (1, 1, '2022-02-01', '2022-02-02', '2022-02-03', 1, '2022-02-03 08:25:50', '1.pdf', 'Fever', 1, 0);


#
# TABLE STRUCTURE FOR: student_attendences
#

DROP TABLE IF EXISTS `student_attendences`;

CREATE TABLE `student_attendences` (
  `id` int(11) NOT NULL AUTO_INCREMENT,
  `student_session_id` int(11) DEFAULT NULL,
  `biometric_attendence` int(1) NOT NULL DEFAULT 0,
  `date` date DEFAULT NULL,
  `attendence_type_id` int(11) DEFAULT NULL,
  `remark` varchar(200) NOT NULL,
  `biometric_device_data` text DEFAULT NULL,
  `is_active` varchar(255) DEFAULT 'no',
  `created_at` timestamp NOT NULL DEFAULT current_timestamp() ON UPDATE current_timestamp(),
  `updated_at` date DEFAULT NULL,
  PRIMARY KEY (`id`)
) ENGINE=InnoDB AUTO_INCREMENT=11 DEFAULT CHARSET=utf8;

INSERT INTO `student_attendences` (`id`, `student_session_id`, `biometric_attendence`, `date`, `attendence_type_id`, `remark`, `biometric_device_data`, `is_active`, `created_at`, `updated_at`) VALUES (1, 8, 0, '0000-00-00', 1, '', NULL, 'no', '2022-02-03 08:21:50', NULL);
INSERT INTO `student_attendences` (`id`, `student_session_id`, `biometric_attendence`, `date`, `attendence_type_id`, `remark`, `biometric_device_data`, `is_active`, `created_at`, `updated_at`) VALUES (2, 5, 0, '0000-00-00', 1, '', NULL, 'no', '2022-02-03 08:21:50', NULL);
INSERT INTO `student_attendences` (`id`, `student_session_id`, `biometric_attendence`, `date`, `attendence_type_id`, `remark`, `biometric_device_data`, `is_active`, `created_at`, `updated_at`) VALUES (3, 4, 0, '0000-00-00', 1, '', NULL, 'no', '2022-02-03 08:21:50', NULL);
INSERT INTO `student_attendences` (`id`, `student_session_id`, `biometric_attendence`, `date`, `attendence_type_id`, `remark`, `biometric_device_data`, `is_active`, `created_at`, `updated_at`) VALUES (4, 3, 0, '0000-00-00', 1, '', NULL, 'no', '2022-02-03 08:21:50', NULL);
INSERT INTO `student_attendences` (`id`, `student_session_id`, `biometric_attendence`, `date`, `attendence_type_id`, `remark`, `biometric_device_data`, `is_active`, `created_at`, `updated_at`) VALUES (5, 1, 0, '0000-00-00', 1, 'Present', NULL, 'no', '2022-02-03 08:21:50', NULL);
INSERT INTO `student_attendences` (`id`, `student_session_id`, `biometric_attendence`, `date`, `attendence_type_id`, `remark`, `biometric_device_data`, `is_active`, `created_at`, `updated_at`) VALUES (6, 8, 0, '2022-02-03', 1, '', NULL, 'no', '2022-02-03 08:24:33', NULL);
INSERT INTO `student_attendences` (`id`, `student_session_id`, `biometric_attendence`, `date`, `attendence_type_id`, `remark`, `biometric_device_data`, `is_active`, `created_at`, `updated_at`) VALUES (7, 5, 0, '2022-02-03', 1, '', NULL, 'no', '2022-02-03 08:24:33', NULL);
INSERT INTO `student_attendences` (`id`, `student_session_id`, `biometric_attendence`, `date`, `attendence_type_id`, `remark`, `biometric_device_data`, `is_active`, `created_at`, `updated_at`) VALUES (8, 4, 0, '2022-02-03', 1, '', NULL, 'no', '2022-02-03 08:24:33', NULL);
INSERT INTO `student_attendences` (`id`, `student_session_id`, `biometric_attendence`, `date`, `attendence_type_id`, `remark`, `biometric_device_data`, `is_active`, `created_at`, `updated_at`) VALUES (9, 3, 0, '2022-02-03', 1, '', NULL, 'no', '2022-02-03 08:24:33', NULL);
INSERT INTO `student_attendences` (`id`, `student_session_id`, `biometric_attendence`, `date`, `attendence_type_id`, `remark`, `biometric_device_data`, `is_active`, `created_at`, `updated_at`) VALUES (10, 1, 0, '2022-02-03', 1, '', NULL, 'no', '2022-02-03 08:24:33', NULL);


#
# TABLE STRUCTURE FOR: student_doc
#

DROP TABLE IF EXISTS `student_doc`;

CREATE TABLE `student_doc` (
  `id` int(11) NOT NULL AUTO_INCREMENT,
  `student_id` int(11) DEFAULT NULL,
  `title` varchar(200) DEFAULT NULL,
  `doc` varchar(200) DEFAULT NULL,
  PRIMARY KEY (`id`)
) ENGINE=InnoDB AUTO_INCREMENT=2 DEFAULT CHARSET=utf8;

INSERT INTO `student_doc` (`id`, `student_id`, `title`, `doc`) VALUES (1, 1, 'Today Document 17-01-2022', 'SampleDocs-sample-pdf-file.pdf');


#
# TABLE STRUCTURE FOR: student_edit_fields
#

DROP TABLE IF EXISTS `student_edit_fields`;

CREATE TABLE `student_edit_fields` (
  `id` int(11) NOT NULL AUTO_INCREMENT,
  `name` varchar(250) DEFAULT NULL,
  `status` int(1) DEFAULT NULL,
  `created_at` timestamp NOT NULL DEFAULT current_timestamp() ON UPDATE current_timestamp(),
  PRIMARY KEY (`id`)
) ENGINE=InnoDB AUTO_INCREMENT=24 DEFAULT CHARSET=utf8;

INSERT INTO `student_edit_fields` (`id`, `name`, `status`, `created_at`) VALUES (1, 'firstname', 1, '2022-01-19 13:06:59');
INSERT INTO `student_edit_fields` (`id`, `name`, `status`, `created_at`) VALUES (2, 'lastname', 1, '2022-01-19 13:07:03');
INSERT INTO `student_edit_fields` (`id`, `name`, `status`, `created_at`) VALUES (3, 'mobile_no', 1, '2022-01-19 13:07:22');
INSERT INTO `student_edit_fields` (`id`, `name`, `status`, `created_at`) VALUES (4, 'religion', 1, '2022-01-19 13:07:34');
INSERT INTO `student_edit_fields` (`id`, `name`, `status`, `created_at`) VALUES (5, 'cast', 1, '2022-01-19 13:07:40');
INSERT INTO `student_edit_fields` (`id`, `name`, `status`, `created_at`) VALUES (6, 'is_blood_group', 1, '2022-01-19 13:07:45');
INSERT INTO `student_edit_fields` (`id`, `name`, `status`, `created_at`) VALUES (7, 'gender', 1, '2022-01-19 13:08:05');
INSERT INTO `student_edit_fields` (`id`, `name`, `status`, `created_at`) VALUES (8, 'current_address', 1, '2022-01-19 13:08:18');
INSERT INTO `student_edit_fields` (`id`, `name`, `status`, `created_at`) VALUES (9, 'permanent_address', 1, '2022-01-19 13:08:31');
INSERT INTO `student_edit_fields` (`id`, `name`, `status`, `created_at`) VALUES (10, 'bank_account_no', 1, '2022-01-19 13:08:39');
INSERT INTO `student_edit_fields` (`id`, `name`, `status`, `created_at`) VALUES (11, 'bank_name', 1, '2022-01-19 13:08:45');
INSERT INTO `student_edit_fields` (`id`, `name`, `status`, `created_at`) VALUES (12, 'ifsc_code', 1, '2022-01-19 13:08:51');
INSERT INTO `student_edit_fields` (`id`, `name`, `status`, `created_at`) VALUES (13, 'father_name', 1, '2022-01-19 13:08:57');
INSERT INTO `student_edit_fields` (`id`, `name`, `status`, `created_at`) VALUES (14, 'father_phone', 1, '2022-01-19 13:09:06');
INSERT INTO `student_edit_fields` (`id`, `name`, `status`, `created_at`) VALUES (15, 'guardian_name', 1, '2022-01-19 13:09:16');
INSERT INTO `student_edit_fields` (`id`, `name`, `status`, `created_at`) VALUES (16, 'guardian_relation', 1, '2022-01-19 13:09:20');
INSERT INTO `student_edit_fields` (`id`, `name`, `status`, `created_at`) VALUES (17, 'guardian_address', 1, '2022-01-19 13:09:24');
INSERT INTO `student_edit_fields` (`id`, `name`, `status`, `created_at`) VALUES (18, 'father_pic', 1, '2022-01-19 13:09:32');
INSERT INTO `student_edit_fields` (`id`, `name`, `status`, `created_at`) VALUES (19, 'mother_pic', 1, '2022-01-19 13:09:36');
INSERT INTO `student_edit_fields` (`id`, `name`, `status`, `created_at`) VALUES (20, 'guardian_pic', 1, '2022-01-19 13:09:42');
INSERT INTO `student_edit_fields` (`id`, `name`, `status`, `created_at`) VALUES (21, 'guardian_email', 1, '2022-01-19 13:09:46');
INSERT INTO `student_edit_fields` (`id`, `name`, `status`, `created_at`) VALUES (22, 'mother_name', 1, '2022-01-19 13:09:56');
INSERT INTO `student_edit_fields` (`id`, `name`, `status`, `created_at`) VALUES (23, 'student_photo', 1, '2022-01-19 13:10:04');


#
# TABLE STRUCTURE FOR: student_fees
#

DROP TABLE IF EXISTS `student_fees`;

CREATE TABLE `student_fees` (
  `id` int(11) NOT NULL AUTO_INCREMENT,
  `student_session_id` int(11) DEFAULT NULL,
  `feemaster_id` int(11) DEFAULT NULL,
  `amount` float(10,2) DEFAULT NULL,
  `amount_discount` float(10,2) NOT NULL,
  `amount_fine` float(10,2) NOT NULL DEFAULT 0.00,
  `description` text DEFAULT NULL,
  `date` date DEFAULT NULL,
  `payment_mode` varchar(50) NOT NULL,
  `is_active` varchar(255) DEFAULT 'no',
  `created_at` timestamp NOT NULL DEFAULT current_timestamp() ON UPDATE current_timestamp(),
  `updated_at` date DEFAULT NULL,
  PRIMARY KEY (`id`)
) ENGINE=InnoDB DEFAULT CHARSET=utf8;

#
# TABLE STRUCTURE FOR: student_fees_deposite
#

DROP TABLE IF EXISTS `student_fees_deposite`;

CREATE TABLE `student_fees_deposite` (
  `id` int(11) NOT NULL AUTO_INCREMENT,
  `student_fees_master_id` int(11) DEFAULT NULL,
  `fee_groups_feetype_id` int(11) DEFAULT NULL,
  `amount_detail` text DEFAULT NULL,
  `is_active` varchar(10) NOT NULL DEFAULT 'no',
  `created_at` timestamp NOT NULL DEFAULT current_timestamp() ON UPDATE current_timestamp(),
  PRIMARY KEY (`id`)
) ENGINE=InnoDB AUTO_INCREMENT=7 DEFAULT CHARSET=utf8;

INSERT INTO `student_fees_deposite` (`id`, `student_fees_master_id`, `fee_groups_feetype_id`, `amount_detail`, `is_active`, `created_at`) VALUES (5, 4, 2, '{\"1\":{\"amount\":\"1000\",\"date\":\"2022-02-04\",\"amount_discount\":\"0\",\"amount_fine\":\"0\",\"description\":\"\",\"collected_by\":\"Anshul Srivastava(90000)\",\"payment_mode\":\"Cash\",\"received_by\":\"1\",\"inv_no\":1}}', 'no', '2022-02-04 09:17:37');
INSERT INTO `student_fees_deposite` (`id`, `student_fees_master_id`, `fee_groups_feetype_id`, `amount_detail`, `is_active`, `created_at`) VALUES (6, 6, 1, '{\"1\":{\"amount\":\"3500\",\"date\":\"2022-02-04\",\"amount_discount\":\"0\",\"amount_fine\":\"700\",\"description\":\"\",\"collected_by\":\"Anshul Srivastava(90000)\",\"payment_mode\":\"Cash\",\"received_by\":\"1\",\"inv_no\":1}}', 'no', '2022-02-04 09:17:45');


#
# TABLE STRUCTURE FOR: student_fees_discounts
#

DROP TABLE IF EXISTS `student_fees_discounts`;

CREATE TABLE `student_fees_discounts` (
  `id` int(11) NOT NULL AUTO_INCREMENT,
  `student_session_id` int(11) DEFAULT NULL,
  `fees_discount_id` int(11) DEFAULT NULL,
  `status` varchar(20) DEFAULT 'assigned',
  `payment_id` varchar(50) DEFAULT NULL,
  `description` text DEFAULT NULL,
  `is_active` varchar(10) NOT NULL DEFAULT 'no',
  `created_at` timestamp NOT NULL DEFAULT current_timestamp() ON UPDATE current_timestamp(),
  PRIMARY KEY (`id`)
) ENGINE=InnoDB DEFAULT CHARSET=utf8;

#
# TABLE STRUCTURE FOR: student_fees_master
#

DROP TABLE IF EXISTS `student_fees_master`;

CREATE TABLE `student_fees_master` (
  `id` int(11) NOT NULL AUTO_INCREMENT,
  `is_system` int(1) NOT NULL DEFAULT 0,
  `student_session_id` int(11) DEFAULT NULL,
  `fee_session_group_id` int(11) DEFAULT NULL,
  `amount` float(10,2) DEFAULT 0.00,
  `is_active` varchar(10) NOT NULL DEFAULT 'no',
  `created_at` timestamp NOT NULL DEFAULT current_timestamp() ON UPDATE current_timestamp(),
  PRIMARY KEY (`id`)
) ENGINE=InnoDB AUTO_INCREMENT=11 DEFAULT CHARSET=utf8;

INSERT INTO `student_fees_master` (`id`, `is_system`, `student_session_id`, `fee_session_group_id`, `amount`, `is_active`, `created_at`) VALUES (1, 1, 3, 2, '2000.00', 'no', '2022-02-04 08:47:50');
INSERT INTO `student_fees_master` (`id`, `is_system`, `student_session_id`, `fee_session_group_id`, `amount`, `is_active`, `created_at`) VALUES (2, 1, 4, 2, '150.00', 'no', '2022-02-04 08:47:50');
INSERT INTO `student_fees_master` (`id`, `is_system`, `student_session_id`, `fee_session_group_id`, `amount`, `is_active`, `created_at`) VALUES (3, 1, 8, 2, '500.00', 'no', '2022-02-04 08:47:50');
INSERT INTO `student_fees_master` (`id`, `is_system`, `student_session_id`, `fee_session_group_id`, `amount`, `is_active`, `created_at`) VALUES (4, 1, 1, 2, '1000.00', 'no', '2022-02-04 08:47:50');
INSERT INTO `student_fees_master` (`id`, `is_system`, `student_session_id`, `fee_session_group_id`, `amount`, `is_active`, `created_at`) VALUES (5, 1, 5, 2, '100.00', 'no', '2022-02-04 08:47:50');
INSERT INTO `student_fees_master` (`id`, `is_system`, `student_session_id`, `fee_session_group_id`, `amount`, `is_active`, `created_at`) VALUES (6, 0, 1, 1, '0.00', 'no', '2022-02-04 08:56:33');
INSERT INTO `student_fees_master` (`id`, `is_system`, `student_session_id`, `fee_session_group_id`, `amount`, `is_active`, `created_at`) VALUES (7, 0, 3, 1, '0.00', 'no', '2022-02-04 08:56:33');
INSERT INTO `student_fees_master` (`id`, `is_system`, `student_session_id`, `fee_session_group_id`, `amount`, `is_active`, `created_at`) VALUES (8, 0, 4, 1, '0.00', 'no', '2022-02-04 08:56:33');
INSERT INTO `student_fees_master` (`id`, `is_system`, `student_session_id`, `fee_session_group_id`, `amount`, `is_active`, `created_at`) VALUES (9, 0, 5, 1, '0.00', 'no', '2022-02-04 08:56:33');
INSERT INTO `student_fees_master` (`id`, `is_system`, `student_session_id`, `fee_session_group_id`, `amount`, `is_active`, `created_at`) VALUES (10, 0, 8, 1, '0.00', 'no', '2022-02-04 08:56:33');


#
# TABLE STRUCTURE FOR: student_session
#

DROP TABLE IF EXISTS `student_session`;

CREATE TABLE `student_session` (
  `id` int(11) NOT NULL AUTO_INCREMENT,
  `session_id` int(11) DEFAULT NULL,
  `student_id` int(11) DEFAULT NULL,
  `class_id` int(11) DEFAULT NULL,
  `section_id` int(11) DEFAULT NULL,
  `route_id` int(11) NOT NULL,
  `hostel_room_id` int(11) NOT NULL,
  `vehroute_id` int(10) DEFAULT NULL,
  `transport_fees` float(10,2) NOT NULL DEFAULT 0.00,
  `fees_discount` float(10,2) NOT NULL DEFAULT 0.00,
  `is_active` varchar(255) DEFAULT 'no',
  `is_alumni` int(11) NOT NULL,
  `default_login` int(1) NOT NULL DEFAULT 0,
  `created_at` timestamp NOT NULL DEFAULT current_timestamp() ON UPDATE current_timestamp(),
  `updated_at` date DEFAULT NULL,
  PRIMARY KEY (`id`)
) ENGINE=InnoDB AUTO_INCREMENT=9 DEFAULT CHARSET=utf8;

INSERT INTO `student_session` (`id`, `session_id`, `student_id`, `class_id`, `section_id`, `route_id`, `hostel_room_id`, `vehroute_id`, `transport_fees`, `fees_discount`, `is_active`, `is_alumni`, `default_login`, `created_at`, `updated_at`) VALUES (1, 16, 1, 1, 1, 0, 0, NULL, '0.00', '0.00', 'no', 0, 1, '2022-01-07 10:05:01', NULL);
INSERT INTO `student_session` (`id`, `session_id`, `student_id`, `class_id`, `section_id`, `route_id`, `hostel_room_id`, `vehroute_id`, `transport_fees`, `fees_discount`, `is_active`, `is_alumni`, `default_login`, `created_at`, `updated_at`) VALUES (2, 16, 2, 2, 1, 0, 0, NULL, '0.00', '0.00', 'no', 0, 0, '2022-01-17 11:52:13', NULL);
INSERT INTO `student_session` (`id`, `session_id`, `student_id`, `class_id`, `section_id`, `route_id`, `hostel_room_id`, `vehroute_id`, `transport_fees`, `fees_discount`, `is_active`, `is_alumni`, `default_login`, `created_at`, `updated_at`) VALUES (3, 16, 3, 1, 1, 0, 0, NULL, '0.00', '0.00', 'no', 0, 1, '2022-01-19 12:50:41', NULL);
INSERT INTO `student_session` (`id`, `session_id`, `student_id`, `class_id`, `section_id`, `route_id`, `hostel_room_id`, `vehroute_id`, `transport_fees`, `fees_discount`, `is_active`, `is_alumni`, `default_login`, `created_at`, `updated_at`) VALUES (4, 16, 4, 1, 1, 0, 0, NULL, '0.00', '0.00', 'no', 0, 0, '2022-01-18 05:55:48', NULL);
INSERT INTO `student_session` (`id`, `session_id`, `student_id`, `class_id`, `section_id`, `route_id`, `hostel_room_id`, `vehroute_id`, `transport_fees`, `fees_discount`, `is_active`, `is_alumni`, `default_login`, `created_at`, `updated_at`) VALUES (5, 16, 5, 1, 1, 0, 0, NULL, '0.00', '0.00', 'no', 0, 0, '2022-01-21 12:22:35', NULL);
INSERT INTO `student_session` (`id`, `session_id`, `student_id`, `class_id`, `section_id`, `route_id`, `hostel_room_id`, `vehroute_id`, `transport_fees`, `fees_discount`, `is_active`, `is_alumni`, `default_login`, `created_at`, `updated_at`) VALUES (6, 16, 6, 1, 2, 0, 0, NULL, '0.00', '0.00', 'no', 0, 1, '2022-01-21 12:30:38', NULL);
INSERT INTO `student_session` (`id`, `session_id`, `student_id`, `class_id`, `section_id`, `route_id`, `hostel_room_id`, `vehroute_id`, `transport_fees`, `fees_discount`, `is_active`, `is_alumni`, `default_login`, `created_at`, `updated_at`) VALUES (7, 16, 7, 1, 1, 0, 0, NULL, '0.00', '0.00', 'no', 0, 0, '2022-01-31 10:38:12', NULL);
INSERT INTO `student_session` (`id`, `session_id`, `student_id`, `class_id`, `section_id`, `route_id`, `hostel_room_id`, `vehroute_id`, `transport_fees`, `fees_discount`, `is_active`, `is_alumni`, `default_login`, `created_at`, `updated_at`) VALUES (8, 16, 8, 1, 1, 0, 0, NULL, '0.00', '0.00', 'no', 0, 0, '2022-01-31 10:58:04', NULL);


#
# TABLE STRUCTURE FOR: student_sibling
#

DROP TABLE IF EXISTS `student_sibling`;

CREATE TABLE `student_sibling` (
  `id` int(11) NOT NULL AUTO_INCREMENT,
  `student_id` int(11) DEFAULT NULL,
  `sibling_student_id` int(11) DEFAULT NULL,
  `is_active` varchar(255) DEFAULT 'no',
  `created_at` timestamp NOT NULL DEFAULT current_timestamp() ON UPDATE current_timestamp(),
  `updated_at` date DEFAULT NULL,
  PRIMARY KEY (`id`)
) ENGINE=InnoDB DEFAULT CHARSET=utf8;

#
# TABLE STRUCTURE FOR: student_subject_attendances
#

DROP TABLE IF EXISTS `student_subject_attendances`;

CREATE TABLE `student_subject_attendances` (
  `id` int(11) NOT NULL AUTO_INCREMENT,
  `student_session_id` int(11) DEFAULT NULL,
  `subject_timetable_id` int(11) DEFAULT NULL,
  `attendence_type_id` int(11) DEFAULT NULL,
  `date` date DEFAULT NULL,
  `remark` text DEFAULT NULL,
  `created_at` timestamp NOT NULL DEFAULT current_timestamp() ON UPDATE current_timestamp(),
  PRIMARY KEY (`id`)
) ENGINE=InnoDB DEFAULT CHARSET=utf8;

#
# TABLE STRUCTURE FOR: student_timeline
#

DROP TABLE IF EXISTS `student_timeline`;

CREATE TABLE `student_timeline` (
  `id` int(11) NOT NULL AUTO_INCREMENT,
  `student_id` int(11) NOT NULL,
  `title` varchar(200) NOT NULL,
  `timeline_date` date NOT NULL,
  `description` varchar(200) NOT NULL,
  `document` varchar(200) NOT NULL,
  `status` varchar(200) NOT NULL,
  `date` date NOT NULL,
  PRIMARY KEY (`id`)
) ENGINE=InnoDB DEFAULT CHARSET=utf8;

#
# TABLE STRUCTURE FOR: students
#

DROP TABLE IF EXISTS `students`;

CREATE TABLE `students` (
  `id` int(11) NOT NULL AUTO_INCREMENT,
  `parent_id` int(11) NOT NULL,
  `admission_no` varchar(100) DEFAULT NULL,
  `roll_no` varchar(100) DEFAULT NULL,
  `admission_date` date DEFAULT NULL,
  `firstname` varchar(100) DEFAULT NULL,
  `middlename` varchar(255) DEFAULT NULL,
  `lastname` varchar(100) DEFAULT NULL,
  `rte` varchar(20) DEFAULT NULL,
  `image` varchar(100) DEFAULT NULL,
  `mobileno` varchar(100) DEFAULT NULL,
  `email` varchar(100) DEFAULT NULL,
  `state` varchar(100) DEFAULT NULL,
  `city` varchar(100) DEFAULT NULL,
  `pincode` varchar(100) DEFAULT NULL,
  `religion` varchar(100) DEFAULT NULL,
  `cast` varchar(50) DEFAULT NULL,
  `dob` date DEFAULT NULL,
  `gender` varchar(100) DEFAULT NULL,
  `current_address` text DEFAULT NULL,
  `permanent_address` text DEFAULT NULL,
  `category_id` varchar(100) DEFAULT NULL,
  `route_id` int(11) NOT NULL,
  `school_house_id` int(11) NOT NULL,
  `blood_group` varchar(200) NOT NULL,
  `vehroute_id` int(11) NOT NULL,
  `hostel_room_id` int(11) NOT NULL,
  `adhar_no` varchar(100) DEFAULT NULL,
  `samagra_id` varchar(100) DEFAULT NULL,
  `bank_account_no` varchar(100) DEFAULT NULL,
  `bank_name` varchar(100) DEFAULT NULL,
  `ifsc_code` varchar(100) DEFAULT NULL,
  `guardian_is` varchar(100) NOT NULL,
  `father_name` varchar(100) DEFAULT NULL,
  `father_phone` varchar(100) DEFAULT NULL,
  `father_occupation` varchar(100) DEFAULT NULL,
  `mother_name` varchar(100) DEFAULT NULL,
  `mother_phone` varchar(100) DEFAULT NULL,
  `mother_occupation` varchar(100) DEFAULT NULL,
  `guardian_name` varchar(100) DEFAULT NULL,
  `guardian_relation` varchar(100) DEFAULT NULL,
  `guardian_phone` varchar(100) DEFAULT NULL,
  `guardian_occupation` varchar(150) NOT NULL,
  `guardian_address` text DEFAULT NULL,
  `guardian_email` varchar(100) DEFAULT NULL,
  `father_pic` varchar(200) NOT NULL,
  `mother_pic` varchar(200) NOT NULL,
  `guardian_pic` varchar(200) NOT NULL,
  `is_active` varchar(255) DEFAULT 'yes',
  `previous_school` text DEFAULT NULL,
  `height` varchar(100) NOT NULL,
  `weight` varchar(100) NOT NULL,
  `measurement_date` date NOT NULL,
  `dis_reason` int(11) NOT NULL,
  `note` varchar(200) DEFAULT NULL,
  `dis_note` text NOT NULL,
  `app_key` text DEFAULT NULL,
  `parent_app_key` text DEFAULT NULL,
  `disable_at` date NOT NULL,
  `created_at` timestamp NOT NULL DEFAULT current_timestamp() ON UPDATE current_timestamp(),
  `updated_at` date DEFAULT NULL,
  PRIMARY KEY (`id`)
) ENGINE=InnoDB AUTO_INCREMENT=9 DEFAULT CHARSET=utf8;

INSERT INTO `students` (`id`, `parent_id`, `admission_no`, `roll_no`, `admission_date`, `firstname`, `middlename`, `lastname`, `rte`, `image`, `mobileno`, `email`, `state`, `city`, `pincode`, `religion`, `cast`, `dob`, `gender`, `current_address`, `permanent_address`, `category_id`, `route_id`, `school_house_id`, `blood_group`, `vehroute_id`, `hostel_room_id`, `adhar_no`, `samagra_id`, `bank_account_no`, `bank_name`, `ifsc_code`, `guardian_is`, `father_name`, `father_phone`, `father_occupation`, `mother_name`, `mother_phone`, `mother_occupation`, `guardian_name`, `guardian_relation`, `guardian_phone`, `guardian_occupation`, `guardian_address`, `guardian_email`, `father_pic`, `mother_pic`, `guardian_pic`, `is_active`, `previous_school`, `height`, `weight`, `measurement_date`, `dis_reason`, `note`, `dis_note`, `app_key`, `parent_app_key`, `disable_at`, `created_at`, `updated_at`) VALUES (1, 6, 'DPS0001', '070752014', '2022-01-07', 'Neelam', NULL, 'Sahani', 'Yes', 'uploads/student_images/default_female.jpg', '7496324587', 'neelam@gmail.com', NULL, NULL, NULL, 'Hindu', 'Mallah', '1996-05-08', 'Female', 'Noida Sector 52', 'Noida Sector 52', '2', 0, 0, 'B+', 0, 0, '47125', '', '748596', 'HDFC', 'HDFC43', 'father', 'Kishan Lal', '8521478965', 'Business', '', '', '', 'Kishan Lal', 'Father', '8521478965', 'Business', 'Noida Sector 52', '', '', '', '', 'yes', '', '154', '75', '2022-01-07', 0, '', '', 'AAAAAASHJA154554ASASAS', NULL, '0000-00-00', '2022-02-04 08:44:18', NULL);
INSERT INTO `students` (`id`, `parent_id`, `admission_no`, `roll_no`, `admission_date`, `firstname`, `middlename`, `lastname`, `rte`, `image`, `mobileno`, `email`, `state`, `city`, `pincode`, `religion`, `cast`, `dob`, `gender`, `current_address`, `permanent_address`, `category_id`, `route_id`, `school_house_id`, `blood_group`, `vehroute_id`, `hostel_room_id`, `adhar_no`, `samagra_id`, `bank_account_no`, `bank_name`, `ifsc_code`, `guardian_is`, `father_name`, `father_phone`, `father_occupation`, `mother_name`, `mother_phone`, `mother_occupation`, `guardian_name`, `guardian_relation`, `guardian_phone`, `guardian_occupation`, `guardian_address`, `guardian_email`, `father_pic`, `mother_pic`, `guardian_pic`, `is_active`, `previous_school`, `height`, `weight`, `measurement_date`, `dis_reason`, `note`, `dis_note`, `app_key`, `parent_app_key`, `disable_at`, `created_at`, `updated_at`) VALUES (2, 8, 'DPS0002', '784512541', '2022-01-17', 'ASASAS', NULL, 'Srivastava', 'No', 'uploads/student_images/default_male.jpg', '9685741452', 'sranshul@gmail.com', NULL, NULL, NULL, 'Hindu', 'Kayastha', '2022-01-20', 'Male', '', '', '1', 0, 0, '', 0, 0, '', '', '', '', '', 'father', 'Dinesh', '7485963245', '', '', '', '', 'Dinesh', 'Father', '7485963245', '', '', '', '', '', '', 'yes', '', '', '', '2022-01-17', 0, '', '', NULL, NULL, '0000-00-00', '2022-01-17 11:57:54', NULL);
INSERT INTO `students` (`id`, `parent_id`, `admission_no`, `roll_no`, `admission_date`, `firstname`, `middlename`, `lastname`, `rte`, `image`, `mobileno`, `email`, `state`, `city`, `pincode`, `religion`, `cast`, `dob`, `gender`, `current_address`, `permanent_address`, `category_id`, `route_id`, `school_house_id`, `blood_group`, `vehroute_id`, `hostel_room_id`, `adhar_no`, `samagra_id`, `bank_account_no`, `bank_name`, `ifsc_code`, `guardian_is`, `father_name`, `father_phone`, `father_occupation`, `mother_name`, `mother_phone`, `mother_occupation`, `guardian_name`, `guardian_relation`, `guardian_phone`, `guardian_occupation`, `guardian_address`, `guardian_email`, `father_pic`, `mother_pic`, `guardian_pic`, `is_active`, `previous_school`, `height`, `weight`, `measurement_date`, `dis_reason`, `note`, `dis_note`, `app_key`, `parent_app_key`, `disable_at`, `created_at`, `updated_at`) VALUES (3, 10, 'DPS0003', '741258896', '2022-01-17', 'AAAAAA', NULL, 'BBBBBB', 'No', 'uploads/student_images/3.jpg', '', 'sranshulj2002078@gmail.com', NULL, NULL, NULL, '', '', '2022-01-18', 'Male', '', '', '1', 0, 0, 'A+', 0, 1, '', '', '', '', '', 'father', 'DDDD', '7425369853', '', '', '', '', 'DDDD', 'Father', '7425369853', '', '', '', '', '', '', 'yes', '', '', '', '2022-01-17', 0, '', '', 'AAAAAASHJA154554ASASAS', NULL, '0000-00-00', '2022-01-31 10:20:43', NULL);
INSERT INTO `students` (`id`, `parent_id`, `admission_no`, `roll_no`, `admission_date`, `firstname`, `middlename`, `lastname`, `rte`, `image`, `mobileno`, `email`, `state`, `city`, `pincode`, `religion`, `cast`, `dob`, `gender`, `current_address`, `permanent_address`, `category_id`, `route_id`, `school_house_id`, `blood_group`, `vehroute_id`, `hostel_room_id`, `adhar_no`, `samagra_id`, `bank_account_no`, `bank_name`, `ifsc_code`, `guardian_is`, `father_name`, `father_phone`, `father_occupation`, `mother_name`, `mother_phone`, `mother_occupation`, `guardian_name`, `guardian_relation`, `guardian_phone`, `guardian_occupation`, `guardian_address`, `guardian_email`, `father_pic`, `mother_pic`, `guardian_pic`, `is_active`, `previous_school`, `height`, `weight`, `measurement_date`, `dis_reason`, `note`, `dis_note`, `app_key`, `parent_app_key`, `disable_at`, `created_at`, `updated_at`) VALUES (4, 12, 'DPS0004', '74558788', '2022-01-18', 'CH', NULL, 'LKV', 'No', 'uploads/student_images/default_male.jpg', '', 'sranshulj2002020@gmail.com', NULL, NULL, NULL, '', '', '2022-01-13', 'Male', '', '', '1', 0, 0, '', 0, 0, '', '', '', '', '', 'father', 'DD', '7485961245', '', '', '', '', 'DD', 'Father', '7485961245', '', '', 'sranshulj2002020@gmail.com', '', '', '', 'yes', '', '', '', '2022-01-18', 0, '', '', NULL, NULL, '0000-00-00', '2022-01-18 05:55:48', NULL);
INSERT INTO `students` (`id`, `parent_id`, `admission_no`, `roll_no`, `admission_date`, `firstname`, `middlename`, `lastname`, `rte`, `image`, `mobileno`, `email`, `state`, `city`, `pincode`, `religion`, `cast`, `dob`, `gender`, `current_address`, `permanent_address`, `category_id`, `route_id`, `school_house_id`, `blood_group`, `vehroute_id`, `hostel_room_id`, `adhar_no`, `samagra_id`, `bank_account_no`, `bank_name`, `ifsc_code`, `guardian_is`, `father_name`, `father_phone`, `father_occupation`, `mother_name`, `mother_phone`, `mother_occupation`, `guardian_name`, `guardian_relation`, `guardian_phone`, `guardian_occupation`, `guardian_address`, `guardian_email`, `father_pic`, `mother_pic`, `guardian_pic`, `is_active`, `previous_school`, `height`, `weight`, `measurement_date`, `dis_reason`, `note`, `dis_note`, `app_key`, `parent_app_key`, `disable_at`, `created_at`, `updated_at`) VALUES (5, 14, 'DPS0005', '78451236', '2022-01-21', 'SSS', NULL, 'RRR', 'No', 'uploads/student_images/default_male.jpg', '', 'sranshulj2002020@gmal.com', NULL, NULL, NULL, '', '', '2022-01-06', 'Male', '', '', '', 0, 0, '', 0, 0, '', '', '', '', '', 'father', 'JJ', '7485963214', '', '', '', '', 'JJ', 'Father', '7485963214', '', '', 'sranshulj2002019@gmal.com', '', '', '', 'yes', '', '', '', '2022-01-21', 0, '', '', NULL, NULL, '0000-00-00', '2022-01-31 10:20:51', NULL);
INSERT INTO `students` (`id`, `parent_id`, `admission_no`, `roll_no`, `admission_date`, `firstname`, `middlename`, `lastname`, `rte`, `image`, `mobileno`, `email`, `state`, `city`, `pincode`, `religion`, `cast`, `dob`, `gender`, `current_address`, `permanent_address`, `category_id`, `route_id`, `school_house_id`, `blood_group`, `vehroute_id`, `hostel_room_id`, `adhar_no`, `samagra_id`, `bank_account_no`, `bank_name`, `ifsc_code`, `guardian_is`, `father_name`, `father_phone`, `father_occupation`, `mother_name`, `mother_phone`, `mother_occupation`, `guardian_name`, `guardian_relation`, `guardian_phone`, `guardian_occupation`, `guardian_address`, `guardian_email`, `father_pic`, `mother_pic`, `guardian_pic`, `is_active`, `previous_school`, `height`, `weight`, `measurement_date`, `dis_reason`, `note`, `dis_note`, `app_key`, `parent_app_key`, `disable_at`, `created_at`, `updated_at`) VALUES (6, 16, 'DPS0006', '74859', '2022-01-21', 'Raj', NULL, 'Kumar', 'No', 'uploads/student_images/default_male.jpg', '', 'sranshulj2002018@gmail.com', NULL, NULL, NULL, '', '', '2022-01-05', 'Male', '', '', '', 0, 0, '', 0, 0, '', '', '', '', '', 'father', 'DDD', '8574859674', '', '', '', '', 'DDD', 'Father', '8574859674', '', '', 'sranshulj2002018@gmail.com', '', '', '', 'yes', '', '', '', '2022-01-21', 0, '', '', NULL, NULL, '0000-00-00', '2022-01-21 12:26:52', NULL);
INSERT INTO `students` (`id`, `parent_id`, `admission_no`, `roll_no`, `admission_date`, `firstname`, `middlename`, `lastname`, `rte`, `image`, `mobileno`, `email`, `state`, `city`, `pincode`, `religion`, `cast`, `dob`, `gender`, `current_address`, `permanent_address`, `category_id`, `route_id`, `school_house_id`, `blood_group`, `vehroute_id`, `hostel_room_id`, `adhar_no`, `samagra_id`, `bank_account_no`, `bank_name`, `ifsc_code`, `guardian_is`, `father_name`, `father_phone`, `father_occupation`, `mother_name`, `mother_phone`, `mother_occupation`, `guardian_name`, `guardian_relation`, `guardian_phone`, `guardian_occupation`, `guardian_address`, `guardian_email`, `father_pic`, `mother_pic`, `guardian_pic`, `is_active`, `previous_school`, `height`, `weight`, `measurement_date`, `dis_reason`, `note`, `dis_note`, `app_key`, `parent_app_key`, `disable_at`, `created_at`, `updated_at`) VALUES (8, 20, 'DPS0007', '748596', '2022-01-31', 'EEERRR', NULL, 'RRRR', 'No', 'uploads/student_images/default_male.jpg', '8574965236', 'sranshulj2002019@gmail.com', NULL, NULL, NULL, '', '', '2022-01-06', 'Male', '', '', '1', 0, 0, '', 0, 0, '', '', '', '', '', 'father', 'yy', '7485236523', '', '', '', '', 'yy', 'Father', '7485236523', '', '', 'sranshulj2002019@gmail.com', '', '', '', 'yes', '', '', '', '2022-01-31', 0, '', '', NULL, NULL, '0000-00-00', '2022-01-31 10:58:04', NULL);


#
# TABLE STRUCTURE FOR: subject_group_class_sections
#

DROP TABLE IF EXISTS `subject_group_class_sections`;

CREATE TABLE `subject_group_class_sections` (
  `id` int(11) NOT NULL AUTO_INCREMENT,
  `subject_group_id` int(11) DEFAULT NULL,
  `class_section_id` int(11) DEFAULT NULL,
  `session_id` int(11) DEFAULT NULL,
  `description` text DEFAULT NULL,
  `is_active` int(11) DEFAULT 0,
  `created_at` timestamp NOT NULL DEFAULT current_timestamp() ON UPDATE current_timestamp(),
  `updated_at` date DEFAULT NULL,
  PRIMARY KEY (`id`)
) ENGINE=InnoDB AUTO_INCREMENT=4 DEFAULT CHARSET=utf8;

INSERT INTO `subject_group_class_sections` (`id`, `subject_group_id`, `class_section_id`, `session_id`, `description`, `is_active`, `created_at`, `updated_at`) VALUES (1, 0, 1, 16, NULL, 0, '2022-01-13 13:07:22', NULL);
INSERT INTO `subject_group_class_sections` (`id`, `subject_group_id`, `class_section_id`, `session_id`, `description`, `is_active`, `created_at`, `updated_at`) VALUES (2, 0, 2, 16, NULL, 0, '2022-01-13 13:10:53', NULL);
INSERT INTO `subject_group_class_sections` (`id`, `subject_group_id`, `class_section_id`, `session_id`, `description`, `is_active`, `created_at`, `updated_at`) VALUES (3, 3, 1, 16, NULL, 0, '2022-01-13 14:18:09', NULL);


#
# TABLE STRUCTURE FOR: subject_group_subjects
#

DROP TABLE IF EXISTS `subject_group_subjects`;

CREATE TABLE `subject_group_subjects` (
  `id` int(11) NOT NULL AUTO_INCREMENT,
  `subject_group_id` int(11) DEFAULT NULL,
  `session_id` int(11) DEFAULT NULL,
  `subject_id` int(11) DEFAULT NULL,
  `created_at` timestamp NOT NULL DEFAULT current_timestamp() ON UPDATE current_timestamp(),
  PRIMARY KEY (`id`)
) ENGINE=InnoDB AUTO_INCREMENT=4 DEFAULT CHARSET=utf8;

INSERT INTO `subject_group_subjects` (`id`, `subject_group_id`, `session_id`, `subject_id`, `created_at`) VALUES (1, 0, 16, 0, '2022-01-13 13:07:22');
INSERT INTO `subject_group_subjects` (`id`, `subject_group_id`, `session_id`, `subject_id`, `created_at`) VALUES (3, 3, 16, 1, '2022-01-13 14:18:09');


#
# TABLE STRUCTURE FOR: subject_groups
#

DROP TABLE IF EXISTS `subject_groups`;

CREATE TABLE `subject_groups` (
  `id` int(11) NOT NULL AUTO_INCREMENT,
  `name` varchar(250) DEFAULT NULL,
  `description` text DEFAULT NULL,
  `session_id` int(11) DEFAULT NULL,
  `created_at` timestamp NOT NULL DEFAULT current_timestamp() ON UPDATE current_timestamp(),
  PRIMARY KEY (`id`)
) ENGINE=InnoDB AUTO_INCREMENT=4 DEFAULT CHARSET=utf8;

INSERT INTO `subject_groups` (`id`, `name`, `description`, `session_id`, `created_at`) VALUES (3, 'English', '', 16, '2022-01-13 14:18:09');


#
# TABLE STRUCTURE FOR: subject_syllabus
#

DROP TABLE IF EXISTS `subject_syllabus`;

CREATE TABLE `subject_syllabus` (
  `id` int(11) NOT NULL AUTO_INCREMENT,
  `topic_id` int(11) NOT NULL,
  `session_id` int(11) NOT NULL,
  `created_by` int(11) NOT NULL,
  `created_for` int(11) NOT NULL,
  `date` date NOT NULL,
  `time_from` varchar(255) NOT NULL,
  `time_to` varchar(255) NOT NULL,
  `presentation` text NOT NULL,
  `attachment` text NOT NULL,
  `lacture_youtube_url` varchar(255) NOT NULL,
  `lacture_video` varchar(255) NOT NULL,
  `sub_topic` text NOT NULL,
  `teaching_method` text NOT NULL,
  `general_objectives` text NOT NULL,
  `previous_knowledge` text NOT NULL,
  `comprehensive_questions` text NOT NULL,
  `status` int(11) NOT NULL,
  `created_at` timestamp NOT NULL DEFAULT current_timestamp() ON UPDATE current_timestamp(),
  PRIMARY KEY (`id`)
) ENGINE=InnoDB DEFAULT CHARSET=utf8;

#
# TABLE STRUCTURE FOR: subject_timetable
#

DROP TABLE IF EXISTS `subject_timetable`;

CREATE TABLE `subject_timetable` (
  `id` int(11) NOT NULL AUTO_INCREMENT,
  `day` varchar(20) DEFAULT NULL,
  `class_id` int(11) DEFAULT NULL,
  `section_id` int(11) DEFAULT NULL,
  `subject_group_id` int(11) DEFAULT NULL,
  `subject_group_subject_id` int(11) DEFAULT NULL,
  `staff_id` int(11) DEFAULT NULL,
  `time_from` varchar(20) DEFAULT NULL,
  `time_to` varchar(20) DEFAULT NULL,
  `start_time` time DEFAULT NULL,
  `end_time` time DEFAULT NULL,
  `room_no` varchar(20) DEFAULT NULL,
  `session_id` int(11) DEFAULT NULL,
  `created_at` timestamp NOT NULL DEFAULT current_timestamp() ON UPDATE current_timestamp(),
  PRIMARY KEY (`id`)
) ENGINE=InnoDB DEFAULT CHARSET=utf8;

#
# TABLE STRUCTURE FOR: subjects
#

DROP TABLE IF EXISTS `subjects`;

CREATE TABLE `subjects` (
  `id` int(11) NOT NULL AUTO_INCREMENT,
  `name` varchar(100) DEFAULT NULL,
  `code` varchar(100) NOT NULL,
  `type` varchar(100) NOT NULL,
  `is_active` varchar(255) DEFAULT 'no',
  `created_at` timestamp NOT NULL DEFAULT current_timestamp() ON UPDATE current_timestamp(),
  `updated_at` date DEFAULT NULL,
  PRIMARY KEY (`id`)
) ENGINE=InnoDB AUTO_INCREMENT=5 DEFAULT CHARSET=utf8;

INSERT INTO `subjects` (`id`, `name`, `code`, `type`, `is_active`, `created_at`, `updated_at`) VALUES (1, 'English', 'ENG-LKG', 'theory', 'no', '2022-01-13 13:06:54', NULL);
INSERT INTO `subjects` (`id`, `name`, `code`, `type`, `is_active`, `created_at`, `updated_at`) VALUES (2, 'Hindi', '', 'theory', 'no', '2022-02-04 09:28:02', NULL);
INSERT INTO `subjects` (`id`, `name`, `code`, `type`, `is_active`, `created_at`, `updated_at`) VALUES (3, 'Math', '', 'theory', 'no', '2022-02-04 09:28:14', NULL);
INSERT INTO `subjects` (`id`, `name`, `code`, `type`, `is_active`, `created_at`, `updated_at`) VALUES (4, 'Art', '', 'theory', 'no', '2022-02-04 09:28:23', NULL);


#
# TABLE STRUCTURE FOR: submit_assignment
#

DROP TABLE IF EXISTS `submit_assignment`;

CREATE TABLE `submit_assignment` (
  `id` int(11) NOT NULL AUTO_INCREMENT,
  `homework_id` int(11) NOT NULL,
  `student_id` int(11) NOT NULL,
  `message` text NOT NULL,
  `docs` varchar(225) NOT NULL,
  `file_name` text DEFAULT NULL,
  `created_at` timestamp NOT NULL DEFAULT current_timestamp() ON UPDATE current_timestamp(),
  PRIMARY KEY (`id`)
) ENGINE=InnoDB AUTO_INCREMENT=2 DEFAULT CHARSET=utf8;

INSERT INTO `submit_assignment` (`id`, `homework_id`, `student_id`, `message`, `docs`, `file_name`, `created_at`) VALUES (1, 1, 1, 'upload homework', '8ad3c446e9062181567852676de65de2.pdf', 'SampleDocs-sample-pdf-file.pdf', '2022-01-17 07:29:38');


#
# TABLE STRUCTURE FOR: teacher_subjects
#

DROP TABLE IF EXISTS `teacher_subjects`;

CREATE TABLE `teacher_subjects` (
  `id` int(11) NOT NULL AUTO_INCREMENT,
  `session_id` int(11) DEFAULT NULL,
  `class_section_id` int(11) DEFAULT NULL,
  `subject_id` int(11) DEFAULT NULL,
  `teacher_id` int(11) DEFAULT NULL,
  `description` varchar(100) DEFAULT NULL,
  `is_active` varchar(255) DEFAULT 'no',
  `created_at` timestamp NOT NULL DEFAULT current_timestamp() ON UPDATE current_timestamp(),
  `updated_at` date DEFAULT NULL,
  PRIMARY KEY (`id`)
) ENGINE=InnoDB DEFAULT CHARSET=utf8;

#
# TABLE STRUCTURE FOR: template_admitcards
#

DROP TABLE IF EXISTS `template_admitcards`;

CREATE TABLE `template_admitcards` (
  `id` int(11) NOT NULL AUTO_INCREMENT,
  `template` varchar(250) DEFAULT NULL,
  `heading` text DEFAULT NULL,
  `title` text DEFAULT NULL,
  `left_logo` varchar(200) DEFAULT NULL,
  `right_logo` varchar(200) DEFAULT NULL,
  `exam_name` varchar(200) DEFAULT NULL,
  `school_name` varchar(200) DEFAULT NULL,
  `exam_center` varchar(200) DEFAULT NULL,
  `sign` varchar(200) DEFAULT NULL,
  `background_img` varchar(200) DEFAULT NULL,
  `is_name` int(1) NOT NULL DEFAULT 1,
  `is_father_name` int(1) NOT NULL DEFAULT 1,
  `is_mother_name` int(1) NOT NULL DEFAULT 1,
  `is_dob` int(1) NOT NULL DEFAULT 1,
  `is_admission_no` int(1) NOT NULL DEFAULT 1,
  `is_roll_no` int(1) NOT NULL DEFAULT 1,
  `is_address` int(1) NOT NULL DEFAULT 1,
  `is_gender` int(1) NOT NULL DEFAULT 1,
  `is_photo` int(11) NOT NULL,
  `is_class` int(11) NOT NULL DEFAULT 0,
  `is_section` int(11) NOT NULL DEFAULT 0,
  `content_footer` text DEFAULT NULL,
  `created_at` timestamp NOT NULL DEFAULT current_timestamp() ON UPDATE current_timestamp(),
  `updated_at` date DEFAULT NULL,
  PRIMARY KEY (`id`)
) ENGINE=InnoDB AUTO_INCREMENT=2 DEFAULT CHARSET=utf8;

INSERT INTO `template_admitcards` (`id`, `template`, `heading`, `title`, `left_logo`, `right_logo`, `exam_name`, `school_name`, `exam_center`, `sign`, `background_img`, `is_name`, `is_father_name`, `is_mother_name`, `is_dob`, `is_admission_no`, `is_roll_no`, `is_address`, `is_gender`, `is_photo`, `is_class`, `is_section`, `content_footer`, `created_at`, `updated_at`) VALUES (1, 'Sample Admit Card', 'BOARD OF SECONDARY EDUCATION, MADHYA PRADESH, BHOPAL', 'HIGHER SECONDARY SCHOOL CERTIFICATE EXAMINATION (10+2) 2014', 'ab12c4b65f53ee621dcf84370a7c5be4.png', '0910482bf79df5fd103e8383d61b387a.png', 'Test', 'Mount Carmel School', 'test dmit card2', 'aa9c7087e68c5af1d2c04946de1d3bd3.png', '782a71f53ea6bca213012d49e9d46d98.jpg', 0, 0, 0, 0, 0, 0, 0, 0, 0, 0, 0, NULL, '2020-02-28 14:26:15', NULL);


#
# TABLE STRUCTURE FOR: template_marksheets
#

DROP TABLE IF EXISTS `template_marksheets`;

CREATE TABLE `template_marksheets` (
  `id` int(11) NOT NULL AUTO_INCREMENT,
  `template` varchar(200) DEFAULT NULL,
  `heading` text DEFAULT NULL,
  `title` text DEFAULT NULL,
  `left_logo` varchar(200) DEFAULT NULL,
  `right_logo` varchar(200) DEFAULT NULL,
  `exam_name` varchar(200) DEFAULT NULL,
  `school_name` varchar(200) DEFAULT NULL,
  `exam_center` varchar(200) DEFAULT NULL,
  `left_sign` varchar(200) DEFAULT NULL,
  `middle_sign` varchar(200) DEFAULT NULL,
  `right_sign` varchar(200) DEFAULT NULL,
  `exam_session` int(1) DEFAULT 1,
  `is_name` int(1) DEFAULT 1,
  `is_father_name` int(1) DEFAULT 1,
  `is_mother_name` int(1) DEFAULT 1,
  `is_dob` int(1) DEFAULT 1,
  `is_admission_no` int(1) DEFAULT 1,
  `is_roll_no` int(1) DEFAULT 1,
  `is_photo` int(11) DEFAULT 1,
  `is_division` int(1) NOT NULL DEFAULT 1,
  `is_customfield` int(1) NOT NULL,
  `background_img` varchar(200) DEFAULT NULL,
  `date` varchar(20) DEFAULT NULL,
  `is_class` int(11) NOT NULL DEFAULT 0,
  `is_teacher_remark` int(11) NOT NULL DEFAULT 1,
  `is_section` int(11) NOT NULL DEFAULT 0,
  `content` text DEFAULT NULL,
  `content_footer` text DEFAULT NULL,
  `created_at` timestamp NOT NULL DEFAULT current_timestamp() ON UPDATE current_timestamp(),
  `updated_at` date DEFAULT NULL,
  PRIMARY KEY (`id`)
) ENGINE=InnoDB AUTO_INCREMENT=2 DEFAULT CHARSET=utf8;

INSERT INTO `template_marksheets` (`id`, `template`, `heading`, `title`, `left_logo`, `right_logo`, `exam_name`, `school_name`, `exam_center`, `left_sign`, `middle_sign`, `right_sign`, `exam_session`, `is_name`, `is_father_name`, `is_mother_name`, `is_dob`, `is_admission_no`, `is_roll_no`, `is_photo`, `is_division`, `is_customfield`, `background_img`, `date`, `is_class`, `is_teacher_remark`, `is_section`, `content`, `content_footer`, `created_at`, `updated_at`) VALUES (1, 'Sample Marksheet', 'BOARD OF SECONDARY EDUCATION, MADHYA PRADESH, BHOPAL', 'BOARD OF SECONDARY EDUCATION, MADHYA PRADESH, BHOPAL', 'f314cec3f688771ccaeddbcee6e52f7c.png', 'e824b2df53266266be2dbfd2001168b8.png', 'HIGHER SECONDARY SCHOOL CERTIFICATE EXAMINATION', 'Mount Carmel School', 'GOVT GIRLS H S SCHOOL', '331e0690e50f8c6b7a219a0a2b9667f7.png', '351f513d79ee5c0f642c2d36514a1ff4.png', 'fb79d2c0d163357d1706b78550a05e2c.png', 1, 1, 1, 1, 1, 1, 1, 1, 1, 1, '', NULL, 0, 1, 0, NULL, NULL, '2020-02-28 14:26:06', NULL);


#
# TABLE STRUCTURE FOR: timetables
#

DROP TABLE IF EXISTS `timetables`;

CREATE TABLE `timetables` (
  `id` int(11) NOT NULL AUTO_INCREMENT,
  `teacher_subject_id` int(20) DEFAULT NULL,
  `day_name` varchar(50) DEFAULT NULL,
  `start_time` varchar(50) DEFAULT NULL,
  `end_time` varchar(50) DEFAULT NULL,
  `room_no` varchar(50) DEFAULT NULL,
  `is_active` varchar(255) DEFAULT 'no',
  `created_at` timestamp NOT NULL DEFAULT current_timestamp() ON UPDATE current_timestamp(),
  `updated_at` date DEFAULT NULL,
  PRIMARY KEY (`id`)
) ENGINE=InnoDB DEFAULT CHARSET=utf8;

#
# TABLE STRUCTURE FOR: topic
#

DROP TABLE IF EXISTS `topic`;

CREATE TABLE `topic` (
  `id` int(11) NOT NULL AUTO_INCREMENT,
  `session_id` int(11) NOT NULL,
  `lesson_id` int(11) NOT NULL,
  `name` varchar(255) NOT NULL,
  `status` int(11) NOT NULL,
  `complete_date` date NOT NULL,
  `created_at` timestamp NOT NULL DEFAULT current_timestamp() ON UPDATE current_timestamp(),
  PRIMARY KEY (`id`)
) ENGINE=InnoDB DEFAULT CHARSET=utf8;

#
# TABLE STRUCTURE FOR: transport_route
#

DROP TABLE IF EXISTS `transport_route`;

CREATE TABLE `transport_route` (
  `id` int(11) NOT NULL AUTO_INCREMENT,
  `route_title` varchar(100) DEFAULT NULL,
  `no_of_vehicle` int(11) DEFAULT NULL,
  `fare` float(10,2) DEFAULT NULL,
  `note` text DEFAULT NULL,
  `is_active` varchar(255) DEFAULT 'no',
  `created_at` timestamp NOT NULL DEFAULT current_timestamp() ON UPDATE current_timestamp(),
  `updated_at` date DEFAULT NULL,
  PRIMARY KEY (`id`)
) ENGINE=InnoDB DEFAULT CHARSET=utf8;

#
# TABLE STRUCTURE FOR: userlog
#

DROP TABLE IF EXISTS `userlog`;

CREATE TABLE `userlog` (
  `id` int(11) NOT NULL AUTO_INCREMENT,
  `user` varchar(100) DEFAULT NULL,
  `role` varchar(100) DEFAULT NULL,
  `class_section_id` int(11) DEFAULT NULL,
  `ipaddress` varchar(100) DEFAULT NULL,
  `user_agent` varchar(500) DEFAULT NULL,
  `login_datetime` timestamp NOT NULL DEFAULT current_timestamp() ON UPDATE current_timestamp(),
  PRIMARY KEY (`id`)
) ENGINE=InnoDB AUTO_INCREMENT=55 DEFAULT CHARSET=utf8;

INSERT INTO `userlog` (`id`, `user`, `role`, `class_section_id`, `ipaddress`, `user_agent`, `login_datetime`) VALUES (1, 'anshul@gmail.com', 'Super Admin', NULL, '103.219.228.55', 'Chrome 96.0.4664.110, Windows 10', '2022-01-11 07:02:43');
INSERT INTO `userlog` (`id`, `user`, `role`, `class_section_id`, `ipaddress`, `user_agent`, `login_datetime`) VALUES (2, 'std1', 'student', 1, '103.219.228.55', 'Chrome 96.0.4664.110, Windows 10', '2022-01-11 07:22:59');
INSERT INTO `userlog` (`id`, `user`, `role`, `class_section_id`, `ipaddress`, `user_agent`, `login_datetime`) VALUES (3, 'anshul@gmail.com', 'Super Admin', NULL, '103.219.228.55', 'Chrome 96.0.4664.110, Windows 10', '2022-01-11 07:31:04');
INSERT INTO `userlog` (`id`, `user`, `role`, `class_section_id`, `ipaddress`, `user_agent`, `login_datetime`) VALUES (4, 'anshul@gmail.com', 'Super Admin', NULL, '103.219.228.55', 'Chrome 96.0.4664.110, Windows 10', '2022-01-11 10:51:18');
INSERT INTO `userlog` (`id`, `user`, `role`, `class_section_id`, `ipaddress`, `user_agent`, `login_datetime`) VALUES (5, 'anshul@gmail.com', 'Super Admin', NULL, '103.219.228.55', 'Chrome 96.0.4664.110, Windows 10', '2022-01-12 12:35:42');
INSERT INTO `userlog` (`id`, `user`, `role`, `class_section_id`, `ipaddress`, `user_agent`, `login_datetime`) VALUES (6, 'anshul@gmail.com', 'Super Admin', NULL, '122.161.78.206', 'Chrome 97.0.4692.71, Windows 10', '2022-01-12 12:39:10');
INSERT INTO `userlog` (`id`, `user`, `role`, `class_section_id`, `ipaddress`, `user_agent`, `login_datetime`) VALUES (7, 'anshul@gmail.com', 'Super Admin', NULL, '132.154.115.88', 'Chrome 97.0.4692.71, Windows 10', '2022-01-13 11:30:14');
INSERT INTO `userlog` (`id`, `user`, `role`, `class_section_id`, `ipaddress`, `user_agent`, `login_datetime`) VALUES (8, 'anshul@gmail.com', 'Super Admin', NULL, '103.219.229.115', 'Chrome 96.0.4664.110, Windows 10', '2022-01-13 14:58:57');
INSERT INTO `userlog` (`id`, `user`, `role`, `class_section_id`, `ipaddress`, `user_agent`, `login_datetime`) VALUES (9, 'dinesh@gmail.com', 'Teacher', NULL, '103.219.229.115', 'Chrome 96.0.4664.110, Windows 10', '2022-01-13 16:28:31');
INSERT INTO `userlog` (`id`, `user`, `role`, `class_section_id`, `ipaddress`, `user_agent`, `login_datetime`) VALUES (10, 'anshul@gmail.com', 'Super Admin', NULL, '103.219.229.115', 'Chrome 96.0.4664.110, Windows 10', '2022-01-13 16:29:45');
INSERT INTO `userlog` (`id`, `user`, `role`, `class_section_id`, `ipaddress`, `user_agent`, `login_datetime`) VALUES (11, 'dinesh@gmail.com', 'Teacher', NULL, '103.219.229.115', 'Chrome 96.0.4664.110, Windows 10', '2022-01-13 16:33:25');
INSERT INTO `userlog` (`id`, `user`, `role`, `class_section_id`, `ipaddress`, `user_agent`, `login_datetime`) VALUES (12, 'anshul@gmail.com', 'Super Admin', NULL, '103.219.229.115', 'Chrome 96.0.4664.110, Windows 10', '2022-01-13 16:37:05');
INSERT INTO `userlog` (`id`, `user`, `role`, `class_section_id`, `ipaddress`, `user_agent`, `login_datetime`) VALUES (13, 'std1', 'student', 1, '1.38.240.31', 'Chrome 97.0.4692.71, Windows 10', '2022-01-13 18:15:28');
INSERT INTO `userlog` (`id`, `user`, `role`, `class_section_id`, `ipaddress`, `user_agent`, `login_datetime`) VALUES (14, 'dinesh@gmail.com', 'Teacher', NULL, '103.219.229.115', 'Chrome 96.0.4664.110, Windows 10', '2022-01-13 18:37:56');
INSERT INTO `userlog` (`id`, `user`, `role`, `class_section_id`, `ipaddress`, `user_agent`, `login_datetime`) VALUES (15, 'anshul@gmail.com', 'Super Admin', NULL, '103.219.229.115', 'Chrome 96.0.4664.110, Windows 10', '2022-01-13 18:39:43');
INSERT INTO `userlog` (`id`, `user`, `role`, `class_section_id`, `ipaddress`, `user_agent`, `login_datetime`) VALUES (16, 'anshul@gmail.com', 'Super Admin', NULL, '45.251.50.138', 'Chrome 96.0.4664.110, Windows 10', '2022-01-14 12:25:00');
INSERT INTO `userlog` (`id`, `user`, `role`, `class_section_id`, `ipaddress`, `user_agent`, `login_datetime`) VALUES (17, 'std1', 'student', NULL, '139.167.252.255', 'Chrome 97.0.4692.71, Windows 10', '2022-01-14 16:54:54');
INSERT INTO `userlog` (`id`, `user`, `role`, `class_section_id`, `ipaddress`, `user_agent`, `login_datetime`) VALUES (18, 'anshul@gmail.com', 'Super Admin', NULL, '45.251.50.138', 'Chrome 96.0.4664.110, Windows 10', '2022-01-14 20:07:33');
INSERT INTO `userlog` (`id`, `user`, `role`, `class_section_id`, `ipaddress`, `user_agent`, `login_datetime`) VALUES (19, 'anshul@gmail.com', 'Super Admin', NULL, '103.79.168.180', 'Chrome 97.0.4692.71, Windows 10', '2022-01-15 01:04:57');
INSERT INTO `userlog` (`id`, `user`, `role`, `class_section_id`, `ipaddress`, `user_agent`, `login_datetime`) VALUES (20, 'anshul@gmail.com', 'Super Admin', NULL, '45.251.50.6', 'Chrome 97.0.4692.71, Windows 10', '2022-01-17 13:31:29');
INSERT INTO `userlog` (`id`, `user`, `role`, `class_section_id`, `ipaddress`, `user_agent`, `login_datetime`) VALUES (21, 'anshul@gmail.com', 'Super Admin', NULL, '45.251.50.6', 'Chrome 97.0.4692.71, Windows 10', '2022-01-17 16:29:41');
INSERT INTO `userlog` (`id`, `user`, `role`, `class_section_id`, `ipaddress`, `user_agent`, `login_datetime`) VALUES (22, 'anshul@gmail.com', 'Super Admin', NULL, '45.251.50.6', 'Chrome 97.0.4692.71, Windows 10', '2022-01-18 11:13:01');
INSERT INTO `userlog` (`id`, `user`, `role`, `class_section_id`, `ipaddress`, `user_agent`, `login_datetime`) VALUES (23, 'anshul@gmail.com', 'Super Admin', NULL, '45.251.50.6', 'Chrome 97.0.4692.71, Windows 10', '2022-01-19 18:14:49');
INSERT INTO `userlog` (`id`, `user`, `role`, `class_section_id`, `ipaddress`, `user_agent`, `login_datetime`) VALUES (24, 'sranshulj2002019@gmail.com', 'Accountant', NULL, '45.251.50.6', 'Chrome 97.0.4692.71, Windows 10', '2022-01-19 18:18:27');
INSERT INTO `userlog` (`id`, `user`, `role`, `class_section_id`, `ipaddress`, `user_agent`, `login_datetime`) VALUES (25, 'std3', 'student', 2, '45.251.50.6', 'Chrome 97.0.4692.71, Windows 10', '2022-01-19 18:20:38');
INSERT INTO `userlog` (`id`, `user`, `role`, `class_section_id`, `ipaddress`, `user_agent`, `login_datetime`) VALUES (26, 'anshul@gmail.com', 'Super Admin', NULL, '45.251.50.6', 'Chrome 97.0.4692.71, Windows 10', '2022-01-19 18:33:40');
INSERT INTO `userlog` (`id`, `user`, `role`, `class_section_id`, `ipaddress`, `user_agent`, `login_datetime`) VALUES (27, 'anshul@gmail.com', 'Super Admin', NULL, '45.251.50.6', 'Chrome 97.0.4692.99, Windows 10', '2022-01-21 17:50:58');
INSERT INTO `userlog` (`id`, `user`, `role`, `class_section_id`, `ipaddress`, `user_agent`, `login_datetime`) VALUES (28, 'std6', 'student', 3, '45.251.50.6', 'Chrome 97.0.4692.99, Windows 10', '2022-01-21 18:00:31');
INSERT INTO `userlog` (`id`, `user`, `role`, `class_section_id`, `ipaddress`, `user_agent`, `login_datetime`) VALUES (29, 'parent6', 'parent', NULL, '45.251.50.6', 'Chrome 97.0.4692.99, Windows 10', '2022-01-21 18:01:32');
INSERT INTO `userlog` (`id`, `user`, `role`, `class_section_id`, `ipaddress`, `user_agent`, `login_datetime`) VALUES (30, 'anshul@gmail.com', 'Super Admin', NULL, '45.251.50.6', 'Chrome 97.0.4692.99, Windows 10', '2022-01-21 18:02:34');
INSERT INTO `userlog` (`id`, `user`, `role`, `class_section_id`, `ipaddress`, `user_agent`, `login_datetime`) VALUES (31, 'sranshulj2002018@gmail.com', 'Teacher', NULL, '45.251.50.6', 'Chrome 97.0.4692.99, Windows 10', '2022-01-21 18:07:01');
INSERT INTO `userlog` (`id`, `user`, `role`, `class_section_id`, `ipaddress`, `user_agent`, `login_datetime`) VALUES (32, 'anshul@gmail.com', 'Super Admin', NULL, '45.251.50.6', 'Chrome 97.0.4692.99, Windows 10', '2022-01-21 18:58:29');
INSERT INTO `userlog` (`id`, `user`, `role`, `class_section_id`, `ipaddress`, `user_agent`, `login_datetime`) VALUES (33, 'anshul@gmail.com', 'Super Admin', NULL, '45.251.50.6', 'Chrome 97.0.4692.99, Windows 10', '2022-01-24 19:06:07');
INSERT INTO `userlog` (`id`, `user`, `role`, `class_section_id`, `ipaddress`, `user_agent`, `login_datetime`) VALUES (34, 'anshul@gmail.com', 'Super Admin', NULL, '45.251.50.6', 'Chrome 97.0.4692.99, Windows 10', '2022-01-27 13:19:23');
INSERT INTO `userlog` (`id`, `user`, `role`, `class_section_id`, `ipaddress`, `user_agent`, `login_datetime`) VALUES (35, 'std1', 'student', 2, '45.251.50.6', 'Chrome 97.0.4692.99, Windows 10', '2022-01-27 13:25:11');
INSERT INTO `userlog` (`id`, `user`, `role`, `class_section_id`, `ipaddress`, `user_agent`, `login_datetime`) VALUES (36, 'sranshulj2002019@gmail.com', 'Accountant', NULL, '45.251.50.6', 'Chrome 97.0.4692.99, Windows 10', '2022-01-27 13:28:30');
INSERT INTO `userlog` (`id`, `user`, `role`, `class_section_id`, `ipaddress`, `user_agent`, `login_datetime`) VALUES (37, 'anshul@gmail.com', 'Super Admin', NULL, '45.251.50.6', 'Chrome 97.0.4692.99, Windows 10', '2022-01-27 13:30:09');
INSERT INTO `userlog` (`id`, `user`, `role`, `class_section_id`, `ipaddress`, `user_agent`, `login_datetime`) VALUES (38, 'anshul@gmail.com', 'Super Admin', NULL, '45.251.50.6', 'Chrome 97.0.4692.99, Windows 10', '2022-01-31 15:42:41');
INSERT INTO `userlog` (`id`, `user`, `role`, `class_section_id`, `ipaddress`, `user_agent`, `login_datetime`) VALUES (39, 'anshul@gmail.com', 'Super Admin', NULL, '45.251.50.6', 'Chrome 97.0.4692.99, Windows 10', '2022-02-03 12:26:40');
INSERT INTO `userlog` (`id`, `user`, `role`, `class_section_id`, `ipaddress`, `user_agent`, `login_datetime`) VALUES (40, 'std1', 'student', 2, '45.251.50.6', 'Chrome 97.0.4692.99, Windows 10', '2022-02-03 12:33:03');
INSERT INTO `userlog` (`id`, `user`, `role`, `class_section_id`, `ipaddress`, `user_agent`, `login_datetime`) VALUES (41, 'anshul@gmail.com', 'Super Admin', NULL, '45.251.50.6', 'Chrome 97.0.4692.99, Windows 10', '2022-02-03 12:53:49');
INSERT INTO `userlog` (`id`, `user`, `role`, `class_section_id`, `ipaddress`, `user_agent`, `login_datetime`) VALUES (42, 'std1', 'student', 2, '45.251.50.6', 'Chrome 97.0.4692.99, Windows 10', '2022-02-03 13:53:42');
INSERT INTO `userlog` (`id`, `user`, `role`, `class_section_id`, `ipaddress`, `user_agent`, `login_datetime`) VALUES (43, 'anshul@gmail.com', 'Super Admin', NULL, '45.251.50.6', 'Chrome 97.0.4692.99, Windows 10', '2022-02-03 17:34:21');
INSERT INTO `userlog` (`id`, `user`, `role`, `class_section_id`, `ipaddress`, `user_agent`, `login_datetime`) VALUES (44, 'sranshulj2002022@gmail.com', 'Supervisior', NULL, '45.251.50.6', 'Chrome 97.0.4692.99, Windows 10', '2022-02-03 17:49:25');
INSERT INTO `userlog` (`id`, `user`, `role`, `class_section_id`, `ipaddress`, `user_agent`, `login_datetime`) VALUES (45, 'anshul@gmail.com', 'Super Admin', NULL, '45.251.50.6', 'Chrome 97.0.4692.99, Windows 10', '2022-02-04 13:59:44');
INSERT INTO `userlog` (`id`, `user`, `role`, `class_section_id`, `ipaddress`, `user_agent`, `login_datetime`) VALUES (46, 'std1', 'student', 2, '45.251.50.6', 'Chrome 97.0.4692.99, Windows 10', '2022-02-04 14:01:32');
INSERT INTO `userlog` (`id`, `user`, `role`, `class_section_id`, `ipaddress`, `user_agent`, `login_datetime`) VALUES (47, 'parent1', 'parent', NULL, '45.251.50.6', 'Chrome 97.0.4692.99, Windows 10', '2022-02-04 14:03:17');
INSERT INTO `userlog` (`id`, `user`, `role`, `class_section_id`, `ipaddress`, `user_agent`, `login_datetime`) VALUES (48, 'std1', 'student', 2, '45.251.50.6', 'Chrome 97.0.4692.99, Windows 10', '2022-02-04 14:04:57');
INSERT INTO `userlog` (`id`, `user`, `role`, `class_section_id`, `ipaddress`, `user_agent`, `login_datetime`) VALUES (49, 'parent1', 'parent', NULL, '45.251.50.6', 'Chrome 97.0.4692.99, Windows 10', '2022-02-04 14:10:33');
INSERT INTO `userlog` (`id`, `user`, `role`, `class_section_id`, `ipaddress`, `user_agent`, `login_datetime`) VALUES (50, 'std1', 'student', 2, '45.251.50.6', 'Chrome 97.0.4692.99, Windows 10', '2022-02-04 15:10:32');
INSERT INTO `userlog` (`id`, `user`, `role`, `class_section_id`, `ipaddress`, `user_agent`, `login_datetime`) VALUES (51, 'anshul@gmail.com', 'Super Admin', NULL, '103.77.1.99', 'Chrome 98.0.4758.82, Windows 10', '2022-02-07 10:34:02');
INSERT INTO `userlog` (`id`, `user`, `role`, `class_section_id`, `ipaddress`, `user_agent`, `login_datetime`) VALUES (52, 'anshul@gmail.com', 'Super Admin', NULL, '103.77.1.99', 'Chrome 98.0.4758.82, Windows 10', '2022-02-07 14:29:33');
INSERT INTO `userlog` (`id`, `user`, `role`, `class_section_id`, `ipaddress`, `user_agent`, `login_datetime`) VALUES (53, 'anshul@gmail.com', 'Super Admin', NULL, '132.154.231.51', 'Chrome 97.0.4692.99, Windows 10', '2022-02-07 14:32:53');
INSERT INTO `userlog` (`id`, `user`, `role`, `class_section_id`, `ipaddress`, `user_agent`, `login_datetime`) VALUES (54, 'anshul@gmail.com', 'Super Admin', NULL, '103.77.1.99', 'Chrome 98.0.4758.82, Windows 10', '2022-02-07 15:40:23');


#
# TABLE STRUCTURE FOR: users
#

DROP TABLE IF EXISTS `users`;

CREATE TABLE `users` (
  `id` int(11) NOT NULL AUTO_INCREMENT,
  `user_id` int(10) NOT NULL,
  `username` varchar(50) DEFAULT NULL,
  `password` varchar(50) DEFAULT NULL,
  `childs` text NOT NULL,
  `role` varchar(30) NOT NULL,
  `verification_code` varchar(200) NOT NULL,
  `lang_id` int(11) NOT NULL,
  `is_active` varchar(255) DEFAULT 'yes',
  `created_at` timestamp NOT NULL DEFAULT current_timestamp() ON UPDATE current_timestamp(),
  `updated_at` date DEFAULT NULL,
  PRIMARY KEY (`id`)
) ENGINE=InnoDB AUTO_INCREMENT=21 DEFAULT CHARSET=utf8;

INSERT INTO `users` (`id`, `user_id`, `username`, `password`, `childs`, `role`, `verification_code`, `lang_id`, `is_active`, `created_at`, `updated_at`) VALUES (5, 1, 'std1', 'he8dag', '', 'student', '', 0, 'yes', '2022-01-07 10:02:57', NULL);
INSERT INTO `users` (`id`, `user_id`, `username`, `password`, `childs`, `role`, `verification_code`, `lang_id`, `is_active`, `created_at`, `updated_at`) VALUES (6, 0, 'parent1', 'mf5txd', '1', 'parent', '', 0, 'yes', '2022-01-07 10:02:57', NULL);
INSERT INTO `users` (`id`, `user_id`, `username`, `password`, `childs`, `role`, `verification_code`, `lang_id`, `is_active`, `created_at`, `updated_at`) VALUES (7, 2, 'std2', 'xoftnp', '', 'student', 'SWZwNENEVUJ0Mk9WMTJLZ0ZpL3JhMTN4azljR0ZERGZyREluVm5LalAwTT0=', 0, 'yes', '2022-01-20 12:22:40', NULL);
INSERT INTO `users` (`id`, `user_id`, `username`, `password`, `childs`, `role`, `verification_code`, `lang_id`, `is_active`, `created_at`, `updated_at`) VALUES (8, 0, 'parent2', 'tiuzca', '2', 'parent', '', 0, 'yes', '2022-01-17 11:52:13', NULL);
INSERT INTO `users` (`id`, `user_id`, `username`, `password`, `childs`, `role`, `verification_code`, `lang_id`, `is_active`, `created_at`, `updated_at`) VALUES (9, 3, 'std3', 'z0dsoc', '', 'student', 'Y2hlN0hSZWgwYUNJL1VRSEhQR0FJRTBPcHVaZEhDb1VNeDd2TmxWR24raz0=', 0, 'yes', '2022-01-27 12:04:19', NULL);
INSERT INTO `users` (`id`, `user_id`, `username`, `password`, `childs`, `role`, `verification_code`, `lang_id`, `is_active`, `created_at`, `updated_at`) VALUES (10, 0, 'parent3', '7zdao7', '3', 'parent', '', 0, 'yes', '2022-01-17 11:59:53', NULL);
INSERT INTO `users` (`id`, `user_id`, `username`, `password`, `childs`, `role`, `verification_code`, `lang_id`, `is_active`, `created_at`, `updated_at`) VALUES (11, 4, 'std4', '2zb452', '', 'student', '', 0, 'yes', '2022-01-18 05:55:48', NULL);
INSERT INTO `users` (`id`, `user_id`, `username`, `password`, `childs`, `role`, `verification_code`, `lang_id`, `is_active`, `created_at`, `updated_at`) VALUES (12, 0, 'parent4', '4vfzvz', '4', 'parent', '', 0, 'yes', '2022-01-18 05:55:48', NULL);
INSERT INTO `users` (`id`, `user_id`, `username`, `password`, `childs`, `role`, `verification_code`, `lang_id`, `is_active`, `created_at`, `updated_at`) VALUES (13, 5, 'std5', '6gv1xj', '', 'student', '', 0, 'yes', '2022-01-21 12:22:35', NULL);
INSERT INTO `users` (`id`, `user_id`, `username`, `password`, `childs`, `role`, `verification_code`, `lang_id`, `is_active`, `created_at`, `updated_at`) VALUES (14, 0, 'parent5', '8rqtf7', '5', 'parent', '', 0, 'yes', '2022-01-21 12:22:35', NULL);
INSERT INTO `users` (`id`, `user_id`, `username`, `password`, `childs`, `role`, `verification_code`, `lang_id`, `is_active`, `created_at`, `updated_at`) VALUES (15, 6, 'std6', 'qm0hiz', '', 'student', '', 0, 'yes', '2022-01-21 12:26:52', NULL);
INSERT INTO `users` (`id`, `user_id`, `username`, `password`, `childs`, `role`, `verification_code`, `lang_id`, `is_active`, `created_at`, `updated_at`) VALUES (16, 0, 'parent6', '1jvyzz', '6', 'parent', '', 0, 'yes', '2022-01-21 12:26:52', NULL);
INSERT INTO `users` (`id`, `user_id`, `username`, `password`, `childs`, `role`, `verification_code`, `lang_id`, `is_active`, `created_at`, `updated_at`) VALUES (17, 7, 'std7', 'huceau', '', 'student', '', 0, 'yes', '2022-01-31 10:38:12', NULL);
INSERT INTO `users` (`id`, `user_id`, `username`, `password`, `childs`, `role`, `verification_code`, `lang_id`, `is_active`, `created_at`, `updated_at`) VALUES (18, 0, 'parent7', 'rq5hds', '7', 'parent', '', 0, 'yes', '2022-01-31 10:38:12', NULL);
INSERT INTO `users` (`id`, `user_id`, `username`, `password`, `childs`, `role`, `verification_code`, `lang_id`, `is_active`, `created_at`, `updated_at`) VALUES (19, 8, 'std8', '65k1sr', '', 'student', 'NmZWTEV1YzkyNEpIVS8waXgyWE9YTjRyTlRNNzQrMHliYnRJRzJGYlFYdz0=', 0, 'yes', '2022-02-02 11:25:45', NULL);
INSERT INTO `users` (`id`, `user_id`, `username`, `password`, `childs`, `role`, `verification_code`, `lang_id`, `is_active`, `created_at`, `updated_at`) VALUES (20, 0, 'parent8', 'i3xieq', '8', 'parent', '', 0, 'yes', '2022-01-31 10:58:04', NULL);


#
# TABLE STRUCTURE FOR: users_authentication
#

DROP TABLE IF EXISTS `users_authentication`;

CREATE TABLE `users_authentication` (
  `id` int(11) NOT NULL AUTO_INCREMENT,
  `users_id` int(11) NOT NULL,
  `token` varchar(255) NOT NULL,
  `expired_at` timestamp NOT NULL DEFAULT current_timestamp(),
  `created_at` date DEFAULT NULL,
  `updated_at` date DEFAULT NULL,
  PRIMARY KEY (`id`)
) ENGINE=InnoDB AUTO_INCREMENT=119 DEFAULT CHARSET=utf8;

INSERT INTO `users_authentication` (`id`, `users_id`, `token`, `expired_at`, `created_at`, `updated_at`) VALUES (1, 5, 'MwNAMTANQOQ', '2023-01-11 06:15:01', NULL, NULL);
INSERT INTO `users_authentication` (`id`, `users_id`, `token`, `expired_at`, `created_at`, `updated_at`) VALUES (2, 5, 'NwMQNQMgMTA', '2023-01-11 06:15:03', NULL, NULL);
INSERT INTO `users_authentication` (`id`, `users_id`, `token`, `expired_at`, `created_at`, `updated_at`) VALUES (3, 5, 'MgMwOAMgNw', '2023-01-11 06:16:53', NULL, NULL);
INSERT INTO `users_authentication` (`id`, `users_id`, `token`, `expired_at`, `created_at`, `updated_at`) VALUES (4, 5, 'OAMgMQNgNg', '2023-01-11 06:21:21', NULL, NULL);
INSERT INTO `users_authentication` (`id`, `users_id`, `token`, `expired_at`, `created_at`, `updated_at`) VALUES (5, 5, 'MgNwNANgNw', '2023-01-11 06:45:28', NULL, NULL);
INSERT INTO `users_authentication` (`id`, `users_id`, `token`, `expired_at`, `created_at`, `updated_at`) VALUES (6, 5, 'OANgOQMTANQ', '2023-01-11 07:16:15', NULL, NULL);
INSERT INTO `users_authentication` (`id`, `users_id`, `token`, `expired_at`, `created_at`, `updated_at`) VALUES (7, 5, 'MQNgNgMQMw', '2023-01-11 10:47:17', NULL, NULL);
INSERT INTO `users_authentication` (`id`, `users_id`, `token`, `expired_at`, `created_at`, `updated_at`) VALUES (8, 5, 'NAMQNwMwMw', '2023-01-11 10:51:54', NULL, NULL);
INSERT INTO `users_authentication` (`id`, `users_id`, `token`, `expired_at`, `created_at`, `updated_at`) VALUES (9, 5, 'MgMgMgOQNA', '2023-01-13 07:35:53', NULL, NULL);
INSERT INTO `users_authentication` (`id`, `users_id`, `token`, `expired_at`, `created_at`, `updated_at`) VALUES (10, 5, 'OQMQNQNwNQ', '2023-01-13 07:41:13', NULL, NULL);
INSERT INTO `users_authentication` (`id`, `users_id`, `token`, `expired_at`, `created_at`, `updated_at`) VALUES (11, 5, 'NgNgNwMwNQ', '2023-01-13 08:00:44', NULL, NULL);
INSERT INTO `users_authentication` (`id`, `users_id`, `token`, `expired_at`, `created_at`, `updated_at`) VALUES (12, 5, 'MQNQNQNANw', '2023-01-13 08:01:25', NULL, NULL);
INSERT INTO `users_authentication` (`id`, `users_id`, `token`, `expired_at`, `created_at`, `updated_at`) VALUES (13, 5, 'NANwNwMgOQ', '2023-01-13 08:01:33', NULL, NULL);
INSERT INTO `users_authentication` (`id`, `users_id`, `token`, `expired_at`, `created_at`, `updated_at`) VALUES (14, 5, 'NAMwMTAMQNQ', '2023-01-13 09:28:14', NULL, NULL);
INSERT INTO `users_authentication` (`id`, `users_id`, `token`, `expired_at`, `created_at`, `updated_at`) VALUES (15, 5, 'OQOANAMwOA', '2023-01-13 09:28:20', NULL, NULL);
INSERT INTO `users_authentication` (`id`, `users_id`, `token`, `expired_at`, `created_at`, `updated_at`) VALUES (16, 5, 'MgMQMwNwOA', '2023-01-13 09:28:21', NULL, NULL);
INSERT INTO `users_authentication` (`id`, `users_id`, `token`, `expired_at`, `created_at`, `updated_at`) VALUES (17, 5, 'OAOANAOAMw', '2023-01-13 09:28:22', NULL, NULL);
INSERT INTO `users_authentication` (`id`, `users_id`, `token`, `expired_at`, `created_at`, `updated_at`) VALUES (18, 5, 'MwOAOQOAOA', '2023-01-13 09:28:23', NULL, NULL);
INSERT INTO `users_authentication` (`id`, `users_id`, `token`, `expired_at`, `created_at`, `updated_at`) VALUES (19, 5, 'OAMwMQNQNA', '2023-01-13 09:28:24', NULL, NULL);
INSERT INTO `users_authentication` (`id`, `users_id`, `token`, `expired_at`, `created_at`, `updated_at`) VALUES (20, 5, 'MQNQNAOAMw', '2023-01-13 09:28:25', NULL, NULL);
INSERT INTO `users_authentication` (`id`, `users_id`, `token`, `expired_at`, `created_at`, `updated_at`) VALUES (21, 5, 'OANgMQNgNQ', '2023-01-13 09:28:26', NULL, NULL);
INSERT INTO `users_authentication` (`id`, `users_id`, `token`, `expired_at`, `created_at`, `updated_at`) VALUES (22, 5, 'NQMwMgNQNQ', '2023-01-13 09:28:27', NULL, NULL);
INSERT INTO `users_authentication` (`id`, `users_id`, `token`, `expired_at`, `created_at`, `updated_at`) VALUES (23, 5, 'MgMwNAMTAMw', '2023-01-13 09:28:29', NULL, NULL);
INSERT INTO `users_authentication` (`id`, `users_id`, `token`, `expired_at`, `created_at`, `updated_at`) VALUES (25, 5, 'NwMTAOQMwMg', '2023-01-14 05:44:26', NULL, '2022-01-14');
INSERT INTO `users_authentication` (`id`, `users_id`, `token`, `expired_at`, `created_at`, `updated_at`) VALUES (27, 5, 'NwOQOAOAMTA', '2023-01-17 05:36:05', NULL, '2022-01-17');
INSERT INTO `users_authentication` (`id`, `users_id`, `token`, `expired_at`, `created_at`, `updated_at`) VALUES (28, 5, 'NQMQMTAOQMw', '2023-01-17 08:30:34', NULL, NULL);
INSERT INTO `users_authentication` (`id`, `users_id`, `token`, `expired_at`, `created_at`, `updated_at`) VALUES (29, 5, 'MTANANgMwMQ', '2023-01-18 06:13:42', NULL, NULL);
INSERT INTO `users_authentication` (`id`, `users_id`, `token`, `expired_at`, `created_at`, `updated_at`) VALUES (30, 9, 'OAMQMwNwNQ', '2023-01-19 12:51:54', NULL, NULL);
INSERT INTO `users_authentication` (`id`, `users_id`, `token`, `expired_at`, `created_at`, `updated_at`) VALUES (31, 9, 'MwOANANwMTA', '2023-01-27 13:25:37', NULL, NULL);
INSERT INTO `users_authentication` (`id`, `users_id`, `token`, `expired_at`, `created_at`, `updated_at`) VALUES (32, 9, 'MwNQNANQNw', '2023-02-04 11:46:47', NULL, '2022-02-04');
INSERT INTO `users_authentication` (`id`, `users_id`, `token`, `expired_at`, `created_at`, `updated_at`) VALUES (33, 5, 'NANgMgMgMTA', '2023-01-31 08:49:32', NULL, NULL);
INSERT INTO `users_authentication` (`id`, `users_id`, `token`, `expired_at`, `created_at`, `updated_at`) VALUES (34, 5, 'MQNQNAMwMTA', '2023-02-03 11:04:53', NULL, '2022-02-03');
INSERT INTO `users_authentication` (`id`, `users_id`, `token`, `expired_at`, `created_at`, `updated_at`) VALUES (35, 5, 'MgMTAMQNgNA', '2023-02-01 06:24:39', NULL, NULL);
INSERT INTO `users_authentication` (`id`, `users_id`, `token`, `expired_at`, `created_at`, `updated_at`) VALUES (36, 5, 'NQMgMTANQNg', '2023-02-01 06:25:43', NULL, NULL);
INSERT INTO `users_authentication` (`id`, `users_id`, `token`, `expired_at`, `created_at`, `updated_at`) VALUES (37, 5, 'OANwNwNQMw', '2023-02-01 07:29:26', NULL, '2022-02-01');
INSERT INTO `users_authentication` (`id`, `users_id`, `token`, `expired_at`, `created_at`, `updated_at`) VALUES (38, 5, 'NQNAMgNwMg', '2023-02-01 07:32:17', NULL, NULL);
INSERT INTO `users_authentication` (`id`, `users_id`, `token`, `expired_at`, `created_at`, `updated_at`) VALUES (39, 5, 'OQOANwMgMTA', '2023-02-01 07:58:33', NULL, '2022-02-01');
INSERT INTO `users_authentication` (`id`, `users_id`, `token`, `expired_at`, `created_at`, `updated_at`) VALUES (40, 5, 'NwMQOAOAOQ', '2023-02-01 08:03:59', NULL, '2022-02-01');
INSERT INTO `users_authentication` (`id`, `users_id`, `token`, `expired_at`, `created_at`, `updated_at`) VALUES (41, 5, 'MgOANAMTAMTA', '2023-02-01 08:23:55', NULL, '2022-02-01');
INSERT INTO `users_authentication` (`id`, `users_id`, `token`, `expired_at`, `created_at`, `updated_at`) VALUES (42, 5, 'NwOAMwMTANw', '2023-02-01 08:25:24', NULL, '2022-02-01');
INSERT INTO `users_authentication` (`id`, `users_id`, `token`, `expired_at`, `created_at`, `updated_at`) VALUES (43, 5, 'MwMTAMQNwNg', '2023-02-01 08:43:58', NULL, '2022-02-01');
INSERT INTO `users_authentication` (`id`, `users_id`, `token`, `expired_at`, `created_at`, `updated_at`) VALUES (44, 5, 'OQOANANQOQ', '2023-02-01 08:53:30', NULL, '2022-02-01');
INSERT INTO `users_authentication` (`id`, `users_id`, `token`, `expired_at`, `created_at`, `updated_at`) VALUES (45, 5, 'OAMwOQMQNw', '2023-02-01 09:00:34', NULL, '2022-02-01');
INSERT INTO `users_authentication` (`id`, `users_id`, `token`, `expired_at`, `created_at`, `updated_at`) VALUES (46, 5, 'MQMwNgNwMTA', '2023-02-01 11:08:21', NULL, NULL);
INSERT INTO `users_authentication` (`id`, `users_id`, `token`, `expired_at`, `created_at`, `updated_at`) VALUES (47, 5, 'MwNgOAMgNg', '2023-02-01 11:20:52', NULL, '2022-02-01');
INSERT INTO `users_authentication` (`id`, `users_id`, `token`, `expired_at`, `created_at`, `updated_at`) VALUES (48, 5, 'NgNgMgMwNw', '2023-02-01 11:25:05', NULL, '2022-02-01');
INSERT INTO `users_authentication` (`id`, `users_id`, `token`, `expired_at`, `created_at`, `updated_at`) VALUES (49, 5, 'MQNwMwNgMw', '2023-02-01 11:25:43', NULL, '2022-02-01');
INSERT INTO `users_authentication` (`id`, `users_id`, `token`, `expired_at`, `created_at`, `updated_at`) VALUES (50, 5, 'NAOQOQNAOQ', '2023-02-01 13:29:28', NULL, '2022-02-01');
INSERT INTO `users_authentication` (`id`, `users_id`, `token`, `expired_at`, `created_at`, `updated_at`) VALUES (51, 5, 'NAOQNwMgMw', '2023-02-02 11:24:44', NULL, '2022-02-02');
INSERT INTO `users_authentication` (`id`, `users_id`, `token`, `expired_at`, `created_at`, `updated_at`) VALUES (52, 5, 'MQNANQNANg', '2023-02-02 06:28:27', NULL, '2022-02-02');
INSERT INTO `users_authentication` (`id`, `users_id`, `token`, `expired_at`, `created_at`, `updated_at`) VALUES (53, 5, 'NAMQNQNwNg', '2023-02-02 12:16:13', NULL, '2022-02-02');
INSERT INTO `users_authentication` (`id`, `users_id`, `token`, `expired_at`, `created_at`, `updated_at`) VALUES (55, 5, 'MgMwOAOQOQ', '2023-02-03 05:50:17', NULL, '2022-02-03');
INSERT INTO `users_authentication` (`id`, `users_id`, `token`, `expired_at`, `created_at`, `updated_at`) VALUES (56, 5, 'OQMTAMwOQNQ', '2023-02-03 07:31:59', NULL, '2022-02-03');
INSERT INTO `users_authentication` (`id`, `users_id`, `token`, `expired_at`, `created_at`, `updated_at`) VALUES (57, 5, 'NgNwMQOAOQ', '2023-02-03 06:48:28', NULL, NULL);
INSERT INTO `users_authentication` (`id`, `users_id`, `token`, `expired_at`, `created_at`, `updated_at`) VALUES (58, 5, 'OQMQOAMwNw', '2023-02-03 07:11:44', NULL, NULL);
INSERT INTO `users_authentication` (`id`, `users_id`, `token`, `expired_at`, `created_at`, `updated_at`) VALUES (59, 5, 'NwNgMgMTANQ', '2023-02-03 11:07:59', NULL, '2022-02-03');
INSERT INTO `users_authentication` (`id`, `users_id`, `token`, `expired_at`, `created_at`, `updated_at`) VALUES (60, 5, 'MgOAOANAMQ', '2023-02-04 07:15:25', NULL, '2022-02-04');
INSERT INTO `users_authentication` (`id`, `users_id`, `token`, `expired_at`, `created_at`, `updated_at`) VALUES (61, 5, 'MQMwNANQMQ', '2023-02-03 11:13:44', NULL, '2022-02-03');
INSERT INTO `users_authentication` (`id`, `users_id`, `token`, `expired_at`, `created_at`, `updated_at`) VALUES (62, 5, 'OANANwMQOQ', '2023-02-07 06:26:37', NULL, '2022-02-07');
INSERT INTO `users_authentication` (`id`, `users_id`, `token`, `expired_at`, `created_at`, `updated_at`) VALUES (63, 5, 'NQOQMQMgMg', '2023-02-04 07:23:52', NULL, '2022-02-04');
INSERT INTO `users_authentication` (`id`, `users_id`, `token`, `expired_at`, `created_at`, `updated_at`) VALUES (64, 5, 'OAMQNgMQNw', '2023-02-03 08:24:57', NULL, NULL);
INSERT INTO `users_authentication` (`id`, `users_id`, `token`, `expired_at`, `created_at`, `updated_at`) VALUES (65, 5, 'MgMQMQOQMTA', '2023-02-03 11:03:31', NULL, '2022-02-03');
INSERT INTO `users_authentication` (`id`, `users_id`, `token`, `expired_at`, `created_at`, `updated_at`) VALUES (66, 5, 'OQMwMwNANA', '2023-02-03 11:10:03', NULL, '2022-02-03');
INSERT INTO `users_authentication` (`id`, `users_id`, `token`, `expired_at`, `created_at`, `updated_at`) VALUES (67, 5, 'MwNQMgNgOQ', '2023-02-03 11:11:00', NULL, '2022-02-03');
INSERT INTO `users_authentication` (`id`, `users_id`, `token`, `expired_at`, `created_at`, `updated_at`) VALUES (68, 5, 'MgNgNANQMw', '2023-02-03 11:11:48', NULL, '2022-02-03');
INSERT INTO `users_authentication` (`id`, `users_id`, `token`, `expired_at`, `created_at`, `updated_at`) VALUES (69, 5, 'MwMwNQNgMw', '2023-02-03 11:49:22', NULL, '2022-02-03');
INSERT INTO `users_authentication` (`id`, `users_id`, `token`, `expired_at`, `created_at`, `updated_at`) VALUES (70, 5, 'MwMTAOAOANg', '2023-02-03 11:56:21', NULL, '2022-02-03');
INSERT INTO `users_authentication` (`id`, `users_id`, `token`, `expired_at`, `created_at`, `updated_at`) VALUES (71, 5, 'MgNQMwMQMQ', '2023-02-03 12:09:07', NULL, '2022-02-03');
INSERT INTO `users_authentication` (`id`, `users_id`, `token`, `expired_at`, `created_at`, `updated_at`) VALUES (72, 5, 'MwMgOQOANg', '2023-02-03 12:10:29', NULL, '2022-02-03');
INSERT INTO `users_authentication` (`id`, `users_id`, `token`, `expired_at`, `created_at`, `updated_at`) VALUES (73, 5, 'OQNwMTAMTA', '2023-02-03 12:11:41', NULL, '2022-02-03');
INSERT INTO `users_authentication` (`id`, `users_id`, `token`, `expired_at`, `created_at`, `updated_at`) VALUES (74, 5, 'MgNgMTAMgNw', '2023-02-03 12:15:08', NULL, '2022-02-03');
INSERT INTO `users_authentication` (`id`, `users_id`, `token`, `expired_at`, `created_at`, `updated_at`) VALUES (75, 5, 'NgOAOANAOQ', '2023-02-03 12:17:01', NULL, '2022-02-03');
INSERT INTO `users_authentication` (`id`, `users_id`, `token`, `expired_at`, `created_at`, `updated_at`) VALUES (76, 5, 'OQNQMQOQMw', '2023-02-03 12:18:46', NULL, '2022-02-03');
INSERT INTO `users_authentication` (`id`, `users_id`, `token`, `expired_at`, `created_at`, `updated_at`) VALUES (77, 5, 'NgOQMQNwNA', '2023-02-03 12:22:47', NULL, '2022-02-03');
INSERT INTO `users_authentication` (`id`, `users_id`, `token`, `expired_at`, `created_at`, `updated_at`) VALUES (78, 5, 'NQOQNwMTANg', '2023-02-03 12:24:13', NULL, '2022-02-03');
INSERT INTO `users_authentication` (`id`, `users_id`, `token`, `expired_at`, `created_at`, `updated_at`) VALUES (79, 5, 'MwNQOQOQMw', '2023-02-03 12:25:19', NULL, '2022-02-03');
INSERT INTO `users_authentication` (`id`, `users_id`, `token`, `expired_at`, `created_at`, `updated_at`) VALUES (80, 5, 'NgOAOQOQNA', '2023-02-03 12:34:44', NULL, '2022-02-03');
INSERT INTO `users_authentication` (`id`, `users_id`, `token`, `expired_at`, `created_at`, `updated_at`) VALUES (81, 5, 'NgMTAMgMTA', '2023-02-03 12:38:47', NULL, '2022-02-03');
INSERT INTO `users_authentication` (`id`, `users_id`, `token`, `expired_at`, `created_at`, `updated_at`) VALUES (82, 5, 'MTAMTAOANQ', '2023-02-03 12:41:31', NULL, '2022-02-03');
INSERT INTO `users_authentication` (`id`, `users_id`, `token`, `expired_at`, `created_at`, `updated_at`) VALUES (83, 5, 'NAOANgNwNw', '2023-02-03 13:08:01', NULL, '2022-02-03');
INSERT INTO `users_authentication` (`id`, `users_id`, `token`, `expired_at`, `created_at`, `updated_at`) VALUES (84, 5, 'OAMTAMwNgOA', '2023-02-07 11:11:15', NULL, '2022-02-07');
INSERT INTO `users_authentication` (`id`, `users_id`, `token`, `expired_at`, `created_at`, `updated_at`) VALUES (85, 5, 'NwNQNQOANA', '2023-02-04 07:17:17', NULL, '2022-02-04');
INSERT INTO `users_authentication` (`id`, `users_id`, `token`, `expired_at`, `created_at`, `updated_at`) VALUES (86, 5, 'OANAMgMTANg', '2023-02-04 07:25:22', NULL, '2022-02-04');
INSERT INTO `users_authentication` (`id`, `users_id`, `token`, `expired_at`, `created_at`, `updated_at`) VALUES (87, 5, 'MgNQNwMTAOA', '2023-02-04 07:34:04', NULL, '2022-02-04');
INSERT INTO `users_authentication` (`id`, `users_id`, `token`, `expired_at`, `created_at`, `updated_at`) VALUES (88, 5, 'NwNwMTANQOA', '2023-02-04 07:37:00', NULL, '2022-02-04');
INSERT INTO `users_authentication` (`id`, `users_id`, `token`, `expired_at`, `created_at`, `updated_at`) VALUES (89, 5, 'OAMQNwMgNg', '2023-02-04 08:41:23', NULL, '2022-02-04');
INSERT INTO `users_authentication` (`id`, `users_id`, `token`, `expired_at`, `created_at`, `updated_at`) VALUES (90, 5, 'MTANQOAOANQ', '2023-02-04 08:44:30', NULL, '2022-02-04');
INSERT INTO `users_authentication` (`id`, `users_id`, `token`, `expired_at`, `created_at`, `updated_at`) VALUES (91, 5, 'NAMTAMwNANg', '2023-02-04 08:47:39', NULL, '2022-02-04');
INSERT INTO `users_authentication` (`id`, `users_id`, `token`, `expired_at`, `created_at`, `updated_at`) VALUES (92, 5, 'OQNAOQOQNw', '2023-02-04 08:48:25', NULL, '2022-02-04');
INSERT INTO `users_authentication` (`id`, `users_id`, `token`, `expired_at`, `created_at`, `updated_at`) VALUES (93, 5, 'NQOANQNwMQ', '2023-02-04 08:51:06', NULL, '2022-02-04');
INSERT INTO `users_authentication` (`id`, `users_id`, `token`, `expired_at`, `created_at`, `updated_at`) VALUES (94, 5, 'NwMTAOANQNA', '2023-02-04 08:54:45', NULL, '2022-02-04');
INSERT INTO `users_authentication` (`id`, `users_id`, `token`, `expired_at`, `created_at`, `updated_at`) VALUES (95, 5, 'NANgNANAMg', '2023-02-04 09:28:56', NULL, '2022-02-04');
INSERT INTO `users_authentication` (`id`, `users_id`, `token`, `expired_at`, `created_at`, `updated_at`) VALUES (96, 5, 'MgNwMgNQOQ', '2023-02-04 11:43:55', NULL, '2022-02-04');
INSERT INTO `users_authentication` (`id`, `users_id`, `token`, `expired_at`, `created_at`, `updated_at`) VALUES (97, 5, 'OANwMTANgOA', '2023-02-04 10:15:32', NULL, '2022-02-04');
INSERT INTO `users_authentication` (`id`, `users_id`, `token`, `expired_at`, `created_at`, `updated_at`) VALUES (98, 5, 'NgNANgOQMTA', '2023-02-04 10:16:57', NULL, '2022-02-04');
INSERT INTO `users_authentication` (`id`, `users_id`, `token`, `expired_at`, `created_at`, `updated_at`) VALUES (99, 5, 'MQNgMgNAOA', '2023-02-04 10:22:30', NULL, '2022-02-04');
INSERT INTO `users_authentication` (`id`, `users_id`, `token`, `expired_at`, `created_at`, `updated_at`) VALUES (100, 5, 'MQOQOQMQNw', '2023-02-04 10:27:07', NULL, '2022-02-04');
INSERT INTO `users_authentication` (`id`, `users_id`, `token`, `expired_at`, `created_at`, `updated_at`) VALUES (101, 5, 'MwMTAOQNgNA', '2023-02-04 10:25:34', NULL, '2022-02-04');
INSERT INTO `users_authentication` (`id`, `users_id`, `token`, `expired_at`, `created_at`, `updated_at`) VALUES (102, 5, 'NAMwMTAMQMQ', '2023-02-04 10:26:47', NULL, '2022-02-04');
INSERT INTO `users_authentication` (`id`, `users_id`, `token`, `expired_at`, `created_at`, `updated_at`) VALUES (103, 5, 'NQOANgMQNQ', '2023-02-04 10:43:39', NULL, '2022-02-04');
INSERT INTO `users_authentication` (`id`, `users_id`, `token`, `expired_at`, `created_at`, `updated_at`) VALUES (104, 5, 'MwNAMwNgMg', '2023-02-04 10:52:54', NULL, '2022-02-04');
INSERT INTO `users_authentication` (`id`, `users_id`, `token`, `expired_at`, `created_at`, `updated_at`) VALUES (105, 5, 'OQNwNwOQNg', '2023-02-04 10:56:11', NULL, '2022-02-04');
INSERT INTO `users_authentication` (`id`, `users_id`, `token`, `expired_at`, `created_at`, `updated_at`) VALUES (106, 5, 'MwOANQMTAMQ', '2023-02-04 11:01:54', NULL, '2022-02-04');
INSERT INTO `users_authentication` (`id`, `users_id`, `token`, `expired_at`, `created_at`, `updated_at`) VALUES (107, 5, 'NgOANgMwNw', '2023-02-04 11:11:05', NULL, '2022-02-04');
INSERT INTO `users_authentication` (`id`, `users_id`, `token`, `expired_at`, `created_at`, `updated_at`) VALUES (108, 5, 'NAMwMTAMgNw', '2023-02-04 11:12:07', NULL, '2022-02-04');
INSERT INTO `users_authentication` (`id`, `users_id`, `token`, `expired_at`, `created_at`, `updated_at`) VALUES (109, 5, 'MgMgOQNwOA', '2023-02-04 11:13:25', NULL, '2022-02-04');
INSERT INTO `users_authentication` (`id`, `users_id`, `token`, `expired_at`, `created_at`, `updated_at`) VALUES (110, 5, 'MTAMgMQMgNg', '2023-02-04 11:15:09', NULL, '2022-02-04');
INSERT INTO `users_authentication` (`id`, `users_id`, `token`, `expired_at`, `created_at`, `updated_at`) VALUES (111, 5, 'MQNQOANwMQ', '2023-02-04 11:18:17', NULL, '2022-02-04');
INSERT INTO `users_authentication` (`id`, `users_id`, `token`, `expired_at`, `created_at`, `updated_at`) VALUES (112, 5, 'MTANwNQOANw', '2023-02-04 11:26:44', NULL, '2022-02-04');
INSERT INTO `users_authentication` (`id`, `users_id`, `token`, `expired_at`, `created_at`, `updated_at`) VALUES (113, 5, 'MQOQMwMTAOQ', '2023-02-04 11:27:54', NULL, '2022-02-04');
INSERT INTO `users_authentication` (`id`, `users_id`, `token`, `expired_at`, `created_at`, `updated_at`) VALUES (114, 5, 'MQMTAMQMTA', '2023-02-04 11:29:01', NULL, '2022-02-04');
INSERT INTO `users_authentication` (`id`, `users_id`, `token`, `expired_at`, `created_at`, `updated_at`) VALUES (115, 5, 'MwNAMTAMwNQ', '2023-02-04 12:01:55', NULL, '2022-02-04');
INSERT INTO `users_authentication` (`id`, `users_id`, `token`, `expired_at`, `created_at`, `updated_at`) VALUES (116, 5, 'OQOAMQNQMTA', '2023-02-04 12:06:31', NULL, '2022-02-04');
INSERT INTO `users_authentication` (`id`, `users_id`, `token`, `expired_at`, `created_at`, `updated_at`) VALUES (117, 5, 'NQNANgMgNQ', '2023-02-04 12:30:24', NULL, '2022-02-04');
INSERT INTO `users_authentication` (`id`, `users_id`, `token`, `expired_at`, `created_at`, `updated_at`) VALUES (118, 5, 'MgNANgOQMw', '2023-02-04 12:32:57', NULL, '2022-02-04');


#
# TABLE STRUCTURE FOR: vehicle_routes
#

DROP TABLE IF EXISTS `vehicle_routes`;

CREATE TABLE `vehicle_routes` (
  `id` int(11) NOT NULL AUTO_INCREMENT,
  `route_id` int(11) DEFAULT NULL,
  `vehicle_id` int(11) DEFAULT NULL,
  `created_at` timestamp NOT NULL DEFAULT current_timestamp() ON UPDATE current_timestamp(),
  PRIMARY KEY (`id`)
) ENGINE=InnoDB DEFAULT CHARSET=utf8;

#
# TABLE STRUCTURE FOR: vehicles
#

DROP TABLE IF EXISTS `vehicles`;

CREATE TABLE `vehicles` (
  `id` int(10) unsigned NOT NULL AUTO_INCREMENT,
  `vehicle_no` varchar(20) DEFAULT NULL,
  `vehicle_model` varchar(100) NOT NULL DEFAULT 'None',
  `manufacture_year` varchar(4) DEFAULT NULL,
  `driver_name` varchar(50) DEFAULT NULL,
  `driver_licence` varchar(50) NOT NULL DEFAULT 'None',
  `driver_contact` varchar(20) DEFAULT NULL,
  `note` text DEFAULT NULL,
  `created_at` timestamp NOT NULL DEFAULT current_timestamp() ON UPDATE current_timestamp(),
  PRIMARY KEY (`id`)
) ENGINE=InnoDB DEFAULT CHARSET=utf8;

#
# TABLE STRUCTURE FOR: visitors_book
#

DROP TABLE IF EXISTS `visitors_book`;

CREATE TABLE `visitors_book` (
  `id` int(11) NOT NULL AUTO_INCREMENT,
  `source` varchar(100) DEFAULT NULL,
  `purpose` varchar(255) NOT NULL,
  `name` varchar(100) NOT NULL,
  `email` varchar(100) DEFAULT NULL,
  `contact` varchar(12) NOT NULL,
  `id_proof` varchar(50) NOT NULL,
  `no_of_pepple` int(11) NOT NULL,
  `date` date NOT NULL,
  `in_time` varchar(20) NOT NULL,
  `out_time` varchar(20) NOT NULL,
  `note` text NOT NULL,
  `image` varchar(100) NOT NULL,
  PRIMARY KEY (`id`)
) ENGINE=InnoDB AUTO_INCREMENT=3 DEFAULT CHARSET=utf8;

INSERT INTO `visitors_book` (`id`, `source`, `purpose`, `name`, `email`, `contact`, `id_proof`, `no_of_pepple`, `date`, `in_time`, `out_time`, `note`, `image`) VALUES (1, NULL, 'Mr', 'Radhe', NULL, '8882033199', 'v767', 2, '2021-12-07', '02:15 PM', '02:15 PM', '', '');
INSERT INTO `visitors_book` (`id`, `source`, `purpose`, `name`, `email`, `contact`, `id_proof`, `no_of_pepple`, `date`, `in_time`, `out_time`, `note`, `image`) VALUES (2, NULL, 'Mr', 'NAMAN', NULL, '8860008250', 'v7673', 0, '2021-12-09', '10:00 PM', '10:00 PM', '', '');


#
# TABLE STRUCTURE FOR: visitors_purpose
#

DROP TABLE IF EXISTS `visitors_purpose`;

CREATE TABLE `visitors_purpose` (
  `id` int(11) NOT NULL AUTO_INCREMENT,
  `visitors_purpose` varchar(100) NOT NULL,
  `description` text NOT NULL,
  PRIMARY KEY (`id`)
) ENGINE=InnoDB AUTO_INCREMENT=4 DEFAULT CHARSET=utf8;

INSERT INTO `visitors_purpose` (`id`, `visitors_purpose`, `description`) VALUES (1, 'Mr', 'As add Mr');
INSERT INTO `visitors_purpose` (`id`, `visitors_purpose`, `description`) VALUES (2, 'Mrs', '');
INSERT INTO `visitors_purpose` (`id`, `visitors_purpose`, `description`) VALUES (3, 'Kumari', 'Kumari');


#
# TABLE STRUCTURE FOR: zoom_settings
#

DROP TABLE IF EXISTS `zoom_settings`;

CREATE TABLE `zoom_settings` (
  `id` int(11) NOT NULL AUTO_INCREMENT,
  `zoom_api_key` varchar(200) DEFAULT NULL,
  `zoom_api_secret` varchar(200) DEFAULT NULL,
  `use_teacher_api` int(1) DEFAULT 1,
  `use_zoom_app` int(1) DEFAULT 1,
  `use_zoom_app_user` int(1) DEFAULT 1,
  `created_at` timestamp NOT NULL DEFAULT current_timestamp() ON UPDATE current_timestamp(),
  PRIMARY KEY (`id`)
) ENGINE=InnoDB DEFAULT CHARSET=utf8;

